geo,malaria_cases_per_100000_reported,time
dza,0.6012,1990
dza,0.8838,1991
dza,0.3995,1992
dza,0.3094,1993
dza,0.743,1994
dza,0.3786,1995
dza,0.7684,1996
dza,0.6743,1997
dza,2.331,1999
dza,1.773,2000
dza,1.405,2001
dza,0.9773,2002
ago,2313,1990
ago,10530,1991
ago,6981,1992
ago,6236,1993
ago,5578,1994
ago,1271,1995
ago,6896,1997
ago,8818,1998
ago,10840,1999
ago,11740,2000
ago,8729,2001
ago,12640,2002
ago,21380,2003
ago,15920,2004
ago,14470,2005
ago,13790,2006
ben,1793,1990
ben,2212,1991
ben,5217,1992
ben,6969,1993
ben,9113,1994
ben,9331,1995
ben,9725,1996
ben,10150,1997
ben,9554,1998
ben,10120,1999
ben,9788,2000
ben,9615,2001
ben,10160,2002
ben,10290,2003
ben,10370,2004
ben,9463,2005
ben,9839,2006
bwa,786.3,1990
bwa,1021,1991
bwa,344.9,1992
bwa,3717,1993
bwa,1936,1994
bwa,1124,1995
bwa,4992,1996
bwa,6221,1997
bwa,3573,1998
bwa,4270,1999
bwa,4130,2000
bwa,2751,2001
bwa,1626,2002
bwa,13190,2003
bwa,1234,2004
bwa,612.3,2005
bwa,1023,2006
bfa,5597,1990
bfa,4915,1991
bfa,4467,1992
bfa,5184,1993
bfa,4735,1994
bfa,4878,1995
bfa,5512,1996
bfa,6186,1997
bfa,6446,1998
bfa,7530,1999
bfa,8693,2000
bfa,2875,2001
bfa,9388,2002
bfa,11030,2003
bfa,11450,2004
bfa,11600,2005
bfa,14350,2006
bdi,1632,1990
bdi,9766,1991
bdi,13000,1992
bdi,13670,1993
bdi,13510,1994
bdi,14940,1995
bdi,15430,1996
bdi,10520,1997
bdi,10660,1998
bdi,29620,1999
bdi,45850,2000
bdi,49210,2001
bdi,37580,2002
bdi,30980,2003
bdi,23130,2004
bdi,30050,2005
bdi,26450,2006
cmr,7101,1990
cmr,6252,1991
cmr,5125,1992
cmr,3591,1993
cmr,1380,1994
cmr,5579,1995
cmr,6460,1996
cmr,5332,1997
cmr,4391,1998
cmr,1559,2005
cmr,3491,2006
cpv,19.42,1990
cpv,21.99,1991
cpv,10.19,1992
cpv,11.52,1993
cpv,5.363,1994
cpv,31.66,1995
cpv,18.75,1996
cpv,4.758,1997
cpv,9.531,1998
cpv,6.588,1999
cpv,3.251,2001
cpv,0.4234,2002
cpv,1.241,2003
cpv,0.8078,2004
cpv,1.381,2005
cpv,1.35,2006
caf,5799,1990
caf,4048,1991
caf,2831,1992
caf,2512,1993
caf,2442,1994
caf,2926,1995
caf,2692,1996
caf,2751,1997
caf,2849,1998
caf,3377,1999
caf,2319,2000
caf,3135,2001
caf,1924,2003
caf,3137,2004
caf,3146,2005
caf,2682,2006
tcd,3477,1990
tcd,3907,1991
tcd,3527,1992
tcd,3500,1993
tcd,4017,1994
tcd,4105,1995
tcd,3764,1996
tcd,4496,1997
tcd,5007,1998
tcd,4808,1999
tcd,4362,2000
tcd,4715,2001
tcd,5074,2002
tcd,4895,2003
tcd,4026,2004
tcd,3927,2005
tcd,3822,2006
com,2095,1993
com,2349,1994
com,2587,1995
com,2483,1996
com,581.4,1998
com,1440,1999
com,517.6,2001
com,5648,2004
com,3704,2005
com,6699,2006
cog,1339,1990
cog,1300,1991
cog,823.5,1992
cog,587.5,1993
cog,1324,1994
cog,1003,1995
cog,487.3,1996
cog,321.2,1997
cog,563.7,1998
cog,4276,2006
civ,4006,1990
civ,3529,1991
civ,4051,1992
civ,2983,1993
civ,5043,1995
civ,7191,1996
civ,6200,1997
civ,8751,2000
civ,6864,2001
civ,6273,2002
civ,6322,2003
civ,6977,2004
civ,6892,2005
civ,6627,2006
cod,425.9,1996
cod,291.5,1998
cod,3046,1999
cod,1903,2000
cod,4226,2001
cod,7950,2003
cod,8260,2006
gnq,7522,1990
gnq,6514,1991
gnq,7070,1992
gnq,4911,1993
gnq,3976,1994
gnq,3280,1995
eri,2526,1995
eri,3978,1996
eri,7423,1998
eri,4140,1999
eri,3234,2000
eri,3280,2001
eri,1872,2002
eri,1569,2003
eri,638.2,2004
eri,534.4,2005
eri,216.3,2006
eth,377,1992
eth,540.2,1993
eth,613.4,1994
eth,684.3,1995
eth,770.1,1996
eth,797.4,1997
eth,920.3,1998
eth,959.1,1999
eth,552.5,2000
eth,3178,2001
eth,3439,2002
eth,4188,2003
eth,7411,2004
eth,4256,2005
eth,4641,2006
gab,6259,1990
gab,8487,1991
gab,10340,1992
gab,7084,1993
gab,7994,1994
gab,5194,1995
gab,6864,1996
gab,5182,1997
gab,7077,1998
gab,8044,2001
gab,7771,2005
gab,9010,2006
gmb,23120,1990
gmb,21550,1991
gmb,18120,1992
gmb,26830,1994
gmb,11720,1995
gmb,22140,1996
gmb,26110,1997
gmb,9560,1999
gmb,10000,2005
gmb,16010,2006
gha,9235,1990
gha,8565,1991
gha,8775,1992
gha,10010,1993
gha,9600,1994
gha,10780,1995
gha,11940,1996
gha,11860,1997
gha,9072,1998
gha,14700,1999
gha,16630,2000
gha,14770,2001
gha,14890,2002
gha,16470,2003
gha,15490,2004
gha,15320,2005
gha,15260,2006
gin,360.7,1990
gin,282.4,1991
gin,8579,1994
gin,8197,1995
gin,10260,1996
gin,10390,1997
gin,10370,1998
gin,10040,1999
gin,10190,2001
gin,9986,2002
gin,8441,2003
gin,9927,2004
gin,9445,2005
gin,9093,2006
gnb,8050,1990
gnb,6116,1991
gnb,5179,1992
gnb,14190,1993
gnb,16570,1995
gnb,526.6,1996
gnb,843.4,1997
gnb,163.1,1998
gnb,14830,1999
gnb,17970,2000
gnb,17450,2001
gnb,13900,2002
gnb,12980,2003
gnb,10480,2004
gnb,11620,2005
gnb,9038,2006
ken,22950,1994
ken,15860,1995
ken,13420,1996
ken,272,1998
ken,403.2,1999
ken,237.4,2000
ken,10170,2001
ken,10090,2002
ken,15070,2003
ken,21760,2004
ken,25790,2005
ken,21770,2006
lbr,10520,1996
lbr,33360,1997
lbr,28820,1998
lbr,3390,2005
lbr,30880,2006
mdg,1408,1995
mdg,7262,1999
mdg,8141,2001
mdg,9325,2002
mdg,12460,2003
mdg,8042,2004
mdg,6585,2005
mdg,5285,2006
mwi,40980,1990
mwi,47520,1993
mwi,47630,1994
mwi,59930,1996
mwi,26030,1997
mwi,27290,1998
mwi,37150,1999
mwi,32480,2000
mwi,32010,2001
mwi,22710,2002
mwi,26710,2003
mwi,22270,2004
mwi,27890,2005
mwi,30980,2006
mli,3246,1990
mli,3588,1991
mli,3475,1992
mli,3569,1993
mli,3092,1994
mli,1092,1995
mli,332.4,1996
mli,4179,1997
mli,129.3,1998
mli,5451,1999
mli,5464,2000
mli,5952,2001
mli,6817,2002
mli,7406,2003
mli,17480,2004
mli,8291,2005
mli,8544,2006
mrt,1383,1990
mrt,2109,1991
mrt,2228,1992
mrt,2084,1993
mrt,7210,1994
mrt,9637,1995
mrt,7918,1996
mrt,8053,1997
mrt,6942,1998
mrt,10170,1999
mrt,10100,2000
mrt,9232,2001
mrt,8255,2002
mrt,11360,2003
mrt,7801,2004
mrt,7542,2005
mrt,6178,2006
mus,5.11,1990
mus,4.492,1991
mus,6.101,1992
mus,4.926,1993
mus,5.852,1994
mus,4.09,1995
mus,7.207,1996
mus,5.65,1997
mus,4.473,1998
mus,6.217,1999
mus,5.228,2000
mus,5.095,2001
moz,77.89,1996
moz,1121,1998
moz,13170,1999
moz,18020,2000
moz,21150,2001
moz,24000,2002
moz,24800,2003
moz,27950,2004
moz,28720,2005
moz,30210,2006
nam,24310,1993
nam,24930,1994
nam,16620,1995
nam,20260,1996
nam,22300,1997
nam,19640,1998
nam,23340,1999
nam,27620,2000
nam,28150,2001
nam,22950,2002
nam,23790,2003
nam,30630,2004
nam,16790,2005
nam,12980,2006
ner,14870,1990
ner,10010,1991
ner,10360,1992
ner,8396,1993
ner,8995,1994
ner,8380,1995
ner,12080,1996
ner,9807,1997
ner,8434,1998
ner,7603,1999
ner,5814,2000
ner,11630,2001
ner,7440,2002
ner,5513,2003
ner,5939,2004
ner,6165,2005
ner,6454,2006
nga,1183,1990
nga,935.4,1991
nga,1218,1992
nga,953.2,1993
nga,1109,1994
nga,1040,1995
nga,1026,1996
nga,997.1,1997
nga,1794,1998
nga,1617,1999
nga,1985,2000
nga,1760,2001
nga,1984,2002
nga,1937,2003
nga,2399,2004
nga,2499,2005
nga,2752,2006
rwa,17580,1990
rwa,18890,1991
rwa,20790,1992
rwa,12010,1993
rwa,6471,1994
rwa,24660,1995
rwa,19520,1996
rwa,20920,1997
rwa,18240,1998
rwa,11840,1999
rwa,11700,2001
rwa,12180,2002
rwa,13530,2003
rwa,14240,2004
rwa,17740,2005
rwa,14990,2006
stp,40600,1995
stp,36120,1996
stp,35970,1997
stp,34040,1998
stp,26900,1999
stp,31030,2000
stp,30880,2001
stp,35110,2002
stp,32400,2003
stp,35920,2004
stp,14660,2005
stp,4701,2006
sen,5106,1994
sen,6945,1995
sen,9020,1997
sen,9678,1998
sen,11380,1999
sen,10840,2000
sen,8782,2001
sen,8819,2002
sen,12650,2003
sen,10420,2004
sen,11440,2005
sen,12880,2006
sle,172.4,1996
sle,4964,1997
sle,5830,1998
sle,9346,1999
sle,9521,2001
sle,10300,2002
sle,10170,2003
sle,6598,2004
sle,4186,2005
sle,2798,2006
zaf,18.65,1990
zaf,12.52,1991
zaf,7.462,1992
zaf,33.62,1993
zaf,25.38,1994
zaf,21.08,1995
zaf,63.76,1996
zaf,53.48,1997
zaf,60.09,1998
zaf,115,1999
zaf,142.3,2000
zaf,57.6,2001
zaf,33.6,2002
zaf,28.58,2003
zaf,28.18,2004
zaf,16.18,2005
zaf,25.06,2006
swz,3974,1996
swz,2378,1997
swz,432.4,1998
swz,2925,1999
swz,4307,2000
swz,1749,2001
swz,1364,2002
swz,1040,2003
swz,851.3,2004
swz,789.9,2005
swz,331.4,2006
tgo,20460,1990
tgo,19200,1991
tgo,15220,1992
tgo,13150,1993
tgo,7495,1994
tgo,7542,1996
tgo,7566,1997
tgo,7321,1998
tgo,7903,1999
tgo,7368,2000
tgo,8945,2001
tgo,10170,2002
tgo,8300,2003
tgo,8515,2004
tgo,7015,2005
tgo,8836,2006
uga,12750,1992
uga,7401,1993
uga,10660,1994
uga,6739,1995
uga,10270,1997
uga,12240,1998
uga,12820,1999
uga,35340,2001
uga,37280,2002
uga,40530,2003
uga,42810,2004
uga,55270,2005
uga,42790,2006
tza,42030,1990
tza,33080,1991
tza,28200,1992
tza,31180,1993
tza,27470,1994
tza,8153,1995
tza,16180,1996
tza,3593,1997
tza,94580,1998
tza,1284,1999
tza,935.1,2001
tza,1037,2002
tza,31130,2003
tza,31720,2004
tza,29740,2005
tza,26780,2006
zmb,23810,1990
zmb,28040,1991
zmb,34450,1992
zmb,39940,1993
zmb,38930,1994
zmb,29620,1995
zmb,33860,1996
zmb,34040,1998
zmb,33110,1999
zmb,34470,2000
zmb,35990,2001
zmb,34590,2002
zmb,39270,2003
zmb,36190,2004
zmb,35910,2005
zmb,40450,2006
zwe,6318,1990
zwe,5390,1991
zwe,3799,1992
zwe,7753,1993
zwe,2803,1994
zwe,6461,1995
zwe,14130,1996
zwe,15170,1997
zwe,13900,1998
zwe,14410,1999
zwe,12120,2000
zwe,5333,2001
zwe,10480,2002
zwe,14070,2003
zwe,13940,2004
zwe,11410,2005
zwe,11610,2006
arg,5.095,1990
arg,2.431,1991
arg,1.92,1992
arg,2.233,1993
arg,2.756,1994
arg,3.057,1995
arg,5.807,1996
arg,1.659,1997
arg,0.939,1998
arg,0.6081,1999
arg,1.193,2000
arg,0.5768,2001
arg,0.3321,2002
arg,0.321,2003
arg,0.2997,2004
arg,0.6684,2005
arg,0.5341,2006
blz,1633,1990
blz,1737,1991
blz,2718,1992
blz,4245,1993
blz,4784,1994
blz,4396,1995
blz,3001,1996
blz,1774,1997
blz,1125,1998
blz,775.8,1999
blz,607.4,2000
blz,437.3,2001
blz,361,2002
blz,392.3,2004
blz,572.3,2005
blz,294,2006
bol,295.1,1990
bol,278.9,1991
bol,350.5,1992
bol,384.3,1993
bol,475,1994
bol,627,1995
bol,837,1996
bol,658.8,1997
bol,926.3,1998
bol,614.2,1999
bol,378.4,2000
bol,1448,2001
bol,1588,2002
bol,1792,2003
bol,1813,2004
bol,2200,2005
bol,2230,2006
bra,374.8,1990
bra,404.2,1991
bra,394.9,1992
bra,297.3,1993
bra,354.5,1994
bra,350,1995
bra,277.4,1996
bra,235.9,1997
bra,279.1,1998
bra,355.2,1999
bra,350.8,2000
bra,219.8,2001
bra,194.3,2002
bra,224.9,2003
bra,252.1,2004
bra,322.8,2005
bra,290.1,2006
col,285.3,1990
col,518.1,1991
col,508.1,1992
col,350.7,1993
col,338.6,1994
col,489,1995
col,349,1996
col,456.4,1997
col,460,1998
col,163,1999
col,258.2,2000
col,486.8,2001
col,455,2002
col,377.2,2003
col,263.7,2004
col,262.9,2005
col,263.6,2006
cri,37.42,1990
cri,103.8,1991
cri,215.2,1992
cri,152.1,1993
cri,131.1,1994
cri,129.9,1995
cri,153.8,1996
cri,128.9,1997
cri,137.4,1998
cri,104.1,1999
cri,47.83,2000
cri,33.95,2001
cri,24.92,2002
cri,17.19,2003
cri,30.31,2004
cri,81.83,2005
cri,66,2006
dom,4.88,1990
dom,5.07,1991
dom,9.21,1992
dom,12.78,1993
dom,21.23,1994
dom,22.56,1995
dom,17.33,1996
dom,9.825,1997
dom,23.73,1998
dom,41.74,1999
dom,13.9,2000
dom,11.68,2001
dom,14.34,2002
dom,14.12,2003
dom,25.26,2004
dom,40.52,2005
dom,36.66,2006
ecu,697.7,1990
ecu,565.4,1991
ecu,382.7,1992
ecu,427.3,1993
ecu,268.3,1994
ecu,159.1,1995
ecu,102.5,1996
ecu,138.9,1997
ecu,365.2,1998
ecu,721.8,1999
ecu,801.2,2000
ecu,873.6,2001
ecu,687.4,2002
ecu,407.7,2003
ecu,222.4,2004
ecu,130.5,2005
ecu,74.71,2006
slv,181.4,1990
slv,114,1991
slv,85.6,1992
slv,71.86,1993
slv,50.78,1994
slv,59.7,1995
slv,102.5,1996
slv,46.39,1997
slv,19.78,1998
slv,20.2,1999
slv,12.03,2000
slv,5.749,2001
slv,1.83,2002
slv,1.295,2003
slv,1.703,2004
slv,0.9897,2005
slv,0.6507,2006
guf,3323,1999
guf,2245,2000
guf,2241,2001
guf,2079,2002
guf,2037,2003
guf,1625,2004
guf,1777,2005
guf,2066,2006
gtm,468.3,1990
gtm,634.3,1991
gtm,616.9,1992
gtm,438.4,1993
gtm,225.6,1994
gtm,241.7,1995
gtm,198,1996
gtm,306.5,1997
gtm,445.1,1998
gtm,411.3,1999
gtm,474.7,2000
gtm,311.4,2001
gtm,300.9,2002
gtm,257.4,2003
gtm,233.5,2004
gtm,311.3,2005
gtm,238.7,2006
guy,3104,1990
guy,5779,1991
guy,5424,1992
guy,4514,1993
guy,5365,1994
guy,8026,1995
guy,4350,1997
guy,5596,1998
guy,3712,1999
guy,3270,2000
guy,3690,2001
guy,2974,2002
guy,3745,2003
guy,3906,2004
guy,5272,2005
guy,2841,2006
hti,67.6,1990
hti,351.7,1991
hti,181.9,1992
hti,11.31,1993
hti,300.9,1994
hti,236.5,1996
hti,416.1,1998
hti,14.19,1999
hti,197.1,2000
hti,112.8,2001
hti,109.2,2003
hti,118.1,2004
hti,234.3,2005
hti,346.6,2006
hnd,1086,1990
hnd,1459,1991
hnd,1371,1992
hnd,839.4,1993
hnd,958.2,1994
hnd,1067,1995
hnd,1307,1996
hnd,1131,1997
hnd,722.5,1998
hnd,769.8,1999
hnd,566.9,2000
hnd,382.1,2001
hnd,267.2,2002
hnd,214.9,2003
hnd,258,2004
hnd,234.2,2005
hnd,165.9,2006
jam,14.16,2006
mex,52.99,1990
mex,31.07,1991
mex,18.58,1992
mex,17.83,1993
mex,14.26,1994
mex,7.982,1995
mex,6.731,1996
mex,5.047,1997
mex,25.83,1998
mex,13.67,1999
mex,7.382,2000
mex,4.854,2001
mex,4.545,2002
mex,3.725,2003
mex,3.296,2004
mex,2.846,2005
nic,864.2,1990
nic,652.1,1991
nic,618.2,1992
nic,988.7,1993
nic,909.6,1994
nic,1489,1995
nic,1588,1996
nic,882,1997
nic,685.8,1998
nic,769.2,1999
nic,470.1,2000
nic,202.2,2001
nic,146.4,2002
nic,126.1,2003
nic,127.9,2004
nic,121.6,2005
nic,56.29,2006
pan,15.8,1990
pan,45.31,1991
pan,28.95,1992
pan,18.76,1993
pan,26.14,1994
pan,27.34,1995
pan,17.47,1996
pan,18.16,1997
pan,36.62,1998
pan,32.35,1999
pan,35.12,2000
pan,30.87,2001
pan,71.93,2002
pan,143.6,2003
pan,160.5,2004
pan,113.5,2005
pan,50.58,2006
pry,68.56,1990
pry,68.45,1991
pry,28.85,1992
pry,9.523,1993
pry,12.43,1994
pry,18.71,1995
pry,12.98,1996
pry,11.3,1997
pry,40.77,1998
pry,189.9,1999
pry,128.1,2000
pry,49.63,2001
pry,49.87,2002
pry,24.5,2003
pry,11.98,2004
pry,6.368,2005
pry,13.68,2006
per,132.7,1990
per,151.8,1991
per,242.7,1992
per,413.1,1993
per,520.2,1994
per,807.4,1995
per,858.6,1996
per,746.5,1997
per,989.1,1998
per,657.8,1999
per,271.7,2000
per,305.7,2001
per,325.8,2002
per,298.3,2003
per,347.1,2004
sur,399.7,1990
sur,367.8,1991
sur,344.4,1992
sur,1140,1994
sur,1588,1995
sur,3968,1996
sur,2672,1997
sur,2899,1998
sur,3224,1999
sur,3009,2000
sur,3879,2001
sur,2952,2002
sur,3282,2003
sur,1821,2004
sur,1931,2005
sur,797.5,2006
ven,237.8,1990
ven,215,1991
ven,103.6,1992
ven,59.3,1993
ven,63.51,1994
ven,74.15,1995
ven,83.65,1996
ven,97.35,1997
ven,93.13,1998
ven,79.73,1999
ven,121.9,2000
ven,118.6,2001
ven,116.4,2002
ven,123,2003
ven,177.7,2004
ven,168.6,2005
ven,136.3,2006
afg,2508,1990
afg,2201,1991
afg,512.1,1994
afg,1601,1996
afg,1041,1997
afg,1452,1998
afg,1701,2001
afg,2822,2002
afg,2533,2003
afg,1086,2004
afg,980.9,2005
afg,1041,2006
dji,577.4,1990
dji,1266,1991
dji,1261,1992
dji,692.8,1993
dji,1005,1994
dji,958.4,1995
dji,950.8,1996
dji,650.2,1997
dji,862.1,1998
dji,865.5,1999
dji,639.5,2000
dji,577,2001
dji,658.3,2002
dji,648.3,2003
dji,271,2004
dji,322.1,2005
dji,941.7,2006
egy,0.136,1990
egy,0.04265,1991
egy,0.02789,1992
egy,0.02909,1993
egy,0.8851,1994
egy,0.5309,1995
egy,0.04046,1996
egy,0.01748,1997
egy,0.02027,1998
egy,0.09339,1999
egy,0.02555,2000
egy,0.01623,2001
egy,0.01449,2002
egy,0.06404,2003
egy,0.0601,2004
egy,0.03157,2005
egy,0.0391,2006
irn,136.7,1990
irn,166.1,1991
irn,130,1992
irn,107.2,1993
irn,83.39,1994
irn,108.6,1995
irn,89.35,1996
irn,60.52,1997
irn,50.93,1998
irn,35.32,1999
irn,29.82,2000
irn,28.91,2001
irn,23.09,2002
irn,34.65,2003
irn,20.13,2004
irn,27.32,2005
irn,22.64,2006
irq,21.19,1990
irq,9.251,1991
irq,29.25,1992
irq,245.6,1993
irq,468.7,1994
irq,456.3,1995
irq,223.3,1996
irq,60.66,1997
irq,40.84,1998
irq,16.99,1999
irq,7.425,2000
irq,4.925,2001
irq,3.62,2002
irq,1.29,2003
irq,0.5645,2004
irq,0.1679,2005
irq,0.08419,2006
mar,3.374,1990
mar,1.955,1991
mar,1.575,1992
mar,0.7577,1993
mar,0.776,1994
mar,0.731,1995
mar,0.373,1996
mar,0.4507,1997
mar,0.4305,1998
mar,0.2107,1999
mar,0.2047,2000
mar,0.2023,2001
mar,0.3628,2002
mar,0.2448,2003
mar,0.1857,2004
mar,0.3279,2005
mar,0.269,2006
omn,1775,1990
omn,1009,1991
omn,749.6,1992
omn,824.8,1993
omn,341.8,1994
omn,82.93,1995
omn,56.77,1996
omn,44.98,1997
omn,46.94,1998
omn,38.03,1999
omn,28.89,2000
omn,26.17,2001
omn,24.14,2002
omn,30.09,2003
omn,24.81,2004
omn,21.7,2005
omn,17.4,2006
pak,70.53,1990
pak,57.33,1991
pak,83.16,1992
pak,76.01,1993
pak,87.05,1994
pak,87.53,1995
pak,74.84,1996
pak,57.65,1997
pak,53.33,1998
pak,64.99,1999
pak,57.17,2000
pak,85.07,2001
pak,71.76,2002
pak,81.97,2003
pak,81.58,2004
pak,80.86,2005
pak,77.61,2006
sau,96.37,1990
sau,59.52,1991
sau,114.5,1992
sau,105.1,1993
sau,56.19,1994
sau,102.7,1995
sau,112.3,1996
sau,107.5,1997
sau,206.9,1998
sau,64.99,1999
sau,31.76,2000
sau,14.39,2001
sau,11.92,2002
sau,7.669,2003
sau,5.346,2004
sau,4.485,2005
sau,5.286,2006
som,47.82,1993
som,132.4,1999
som,146.9,2000
som,142.5,2001
som,1293,2002
som,302.4,2003
som,461.8,2004
som,348.1,2005
som,583.2,2006
sdn,28950,1990
sdn,26140,1991
sdn,34200,1992
sdn,35250,1993
sdn,29790,1994
sdn,21520,1995
sdn,15180,1996
sdn,13100,1997
sdn,15900,1998
sdn,12930,1999
sdn,12990,2000
sdn,12400,2001
sdn,10120,2002
sdn,10530,2003
sdn,7192,2004
sdn,7733,2005
sdn,5925,2006
syr,0.8411,1990
syr,0.4122,1991
syr,3.382,1992
syr,6.969,1993
syr,4.095,1994
syr,4.285,1995
syr,2.303,1996
syr,0.8474,1997
syr,0.3819,1998
syr,0.2671,1999
syr,0.2544,2000
syr,0.4661,2001
syr,0.1551,2002
syr,0.1341,2003
syr,0.07069,2004
syr,0.1482,2005
syr,0.1752,2006
yem,92.45,1990
yem,98.55,1991
yem,216.3,1992
yem,219.7,1993
yem,249.7,1994
yem,3221,1995
yem,2585,1996
yem,8383,1997
yem,15760,1999
yem,7670,2000
yem,575.3,2001
yem,970,2002
yem,878,2003
yem,774.3,2004
yem,950.7,2005
yem,931.2,2006
arm,0,1990
arm,0,1991
arm,0,1992
arm,0,1993
arm,5.952,1994
arm,15.56,1995
arm,10.92,1996
arm,26.76,1997
arm,37.06,1998
arm,19.87,1999
arm,4.575,2000
arm,2.578,2001
arm,1.705,2002
arm,0.9547,2003
arm,1.553,2004
arm,0.232,2005
arm,0,2006
aze,0.3328,1990
aze,1.541,1991
aze,0.3623,1992
aze,0.3037,1993
aze,8.675,1994
aze,36.45,1995
aze,166.7,1996
aze,124.5,1997
aze,64.45,1998
aze,28.62,1999
aze,18.74,2000
aze,12.92,2001
aze,6.149,2002
aze,5.831,2003
aze,4.647,2004
aze,2.898,2005
aze,1.701,2006
geo,0.01832,1990
geo,0.03695,1991
geo,0.01876,1992
geo,0,1993
geo,0.01951,1994
geo,0.01987,1995
geo,0.1413,1996
geo,0.02046,1997
geo,0.3314,1998
geo,1.068,1999
geo,5.191,2000
geo,9.409,2001
geo,10.23,2002
geo,6.902,2003
geo,5.667,2004
geo,3.465,2005
geo,1.353,2006
kgz,0.02276,1990
kgz,0.02251,1991
kgz,0.04466,1992
kgz,0,1993
kgz,0.132,1994
kgz,0.06534,1995
kgz,0.5589,1996
kgz,0.2752,1997
kgz,0.2291,1998
kgz,0.1025,1999
kgz,0.2426,2000
kgz,0.5594,2001
kgz,54.26,2002
kgz,9.168,2003
kgz,1.805,2004
kgz,4.343,2005
kgz,6.085,2006
rus,0.1453,1990
rus,0.1134,1991
rus,0.1072,1992
rus,0.1399,1993
rus,0.2244,1994
rus,0.285,1995
rus,0.4103,1996
rus,0.559,1997
rus,0.7287,1998
rus,0.5354,1999
rus,0.5393,2000
rus,0.6116,2001
rus,0.4392,2002
tjk,3.3,1990
tjk,5.426,1991
tjk,7.321,1992
tjk,11.04,1993
tjk,42.37,1994
tjk,105.7,1995
tjk,282.9,1996
tjk,501.8,1997
tjk,321.5,1998
tjk,221.3,1999
tjk,308.8,2000
tjk,182.3,2001
tjk,97.5,2002
tjk,84.94,2003
tjk,27.89,2004
tjk,21.34,2005
tjk,11.69,2006
tur,15.14,1990
tur,20.92,1991
tur,31.4,1992
tur,77.97,1993
tur,136.8,1994
tur,130.9,1995
tur,95.37,1996
tur,54.6,1997
tur,55.79,1998
tur,31.23,1999
tur,16.77,2000
tur,15.62,2001
tur,14.56,2002
tur,12.96,2003
tur,7.343,2004
tur,2.812,2005
tur,1.038,2006
tkm,0.02726,1990
tkm,0.4505,1991
tkm,0.2831,1992
tkm,0.07506,1993
tkm,0.2195,1994
tkm,0.2385,1995
tkm,0.3279,1996
tkm,0.323,1997
tkm,3.121,1998
tkm,1.102,1999
tkm,0.5331,2000
tkm,0.1095,2001
tkm,0.1728,2002
tkm,0.149,2003
tkm,0.06295,2004
tkm,0.02069,2005
tkm,0,2006
uzb,0.1365,1990
uzb,0.05712,1991
uzb,0.1162,1992
uzb,0.1636,1993
uzb,0.09342,1994
uzb,0.1178,1995
uzb,0.2187,1996
uzb,0.2195,1997
uzb,0.3079,1998
uzb,0.3487,1999
uzb,0.5096,2000
uzb,0.307,2001
uzb,0.2907,2002
uzb,0.2865,2003
uzb,0.2518,2004
uzb,0.3836,2005
uzb,0.2817,2006
bgd,47.66,1990
bgd,54.97,1991
bgd,97.76,1992
bgd,103.7,1993
bgd,134.7,1994
bgd,120.9,1995
bgd,78.24,1996
bgd,52.15,1997
bgd,44.75,1998
bgd,46.6,1999
bgd,43.32,2000
bgd,254.3,2001
bgd,212,2002
bgd,332.7,2003
bgd,143.3,2004
bgd,124.4,2005
bgd,232.1,2006
btn,1735,1990
btn,4064,1991
btn,5402,1992
btn,5382,1993
btn,7785,1994
btn,4573,1995
btn,3084,1996
btn,1747,1997
btn,1455,1998
btn,2252,1999
btn,1063,2000
btn,1783,2001
btn,1220,2002
btn,665.5,2003
btn,485.8,2004
btn,305.6,2005
btn,306.9,2006
prk,4.818,1998
prk,35.09,1999
prk,321.4,2000
prk,1283,2001
prk,1036,2002
prk,258.8,2003
prk,143.8,2004
prk,48.73,2005
prk,39.45,2006
ind,234.7,1990
ind,241,1991
ind,236.8,1992
ind,240.8,1993
ind,268.5,1994
ind,313.1,1995
ind,312,1996
ind,268.3,1997
ind,220.1,1998
ind,222.2,1999
ind,194.2,2000
ind,196,2001
ind,170.2,2002
ind,170,2003
ind,171.5,2004
ind,160.1,2005
ind,155,2006
idn,94.02,1990
idn,71.26,1991
idn,54.71,1992
idn,71.15,1993
idn,75.01,1994
idn,62.42,1995
idn,89.82,1996
idn,79.4,1997
idn,77.82,1998
idn,47.8,2000
idn,652.7,2001
idn,687.1,2002
idn,672.4,2003
idn,669.6,2004
idn,793.1,2005
idn,580,2006
mmr,2464,1990
mmr,2304,1991
mmr,1908,1992
mmr,1673,1993
mmr,1647,1994
mmr,1522,1995
mmr,1520,1996
mmr,1283,1997
mmr,1222,1998
mmr,266.7,1999
mmr,1239,2001
mmr,1543,2002
mmr,1520,2003
mmr,1267,2004
mmr,1055,2005
mmr,982.4,2006
npl,119.6,1990
npl,148.7,1991
npl,115.6,1992
npl,79.49,1993
npl,44.67,1994
npl,44.84,1995
npl,29.83,1996
npl,39.34,1997
npl,36.44,1998
npl,40.63,1999
npl,31.19,2000
npl,586.4,2001
npl,523.4,2002
npl,755.6,2003
npl,529.8,2004
npl,657.2,2005
npl,559.9,2006
lka,1679,1990
lka,2310,1991
lka,2278,1992
lka,1845,1993
lka,1527,1994
lka,787,1995
lka,1011,1996
lka,1189,1997
lka,1144,1998
lka,1122,2000
lka,353.7,2001
lka,219.3,2002
lka,55.42,2003
lka,19.54,2004
lka,8.577,2005
lka,3.077,2006
tha,504.5,1990
tha,361,1991
tha,302.9,1992
tha,204.9,1993
tha,179.5,1994
tha,143.8,1995
tha,150.6,1996
tha,165.8,1997
tha,220.4,1998
tha,208.6,1999
tha,134.7,2000
tha,103.8,2001
tha,72.24,2002
tha,60.13,2003
tha,42.66,2004
tha,47.27,2005
tha,47.75,2006
khm,1277,1990
khm,1025,1991
khm,876,1992
khm,924.1,1993
khm,767.8,1994
khm,675.1,1995
khm,640,1996
khm,734.2,1997
khm,480.1,1998
khm,516.3,1999
khm,488.6,2000
khm,845.9,2001
khm,755.7,2002
khm,887.5,2003
khm,669.5,2004
khm,480.4,2005
khm,627.7,2006
chn,10.22,1990
chn,8.74,1991
chn,6.294,1992
chn,4.965,1993
chn,5.166,1994
chn,3.861,1995
chn,2.709,1996
chn,2.154,1997
chn,2.157,1998
chn,2.115,1999
chn,1.458,2000
chn,2.094,2001
chn,13.29,2002
chn,13.02,2003
chn,11.1,2004
chn,7.581,2005
chn,8.751,2006
lao,540.8,1990
lao,977.4,1991
lao,890.2,1992
lao,939.1,1993
lao,1150,1994
lao,1109,1995
lao,1620,1996
lao,1468,1997
lao,776.7,1998
lao,547.1,1999
lao,765.8,2000
lao,1956,2001
lao,1577,2002
lao,1616,2003
lao,965.4,2004
lao,536,2005
lao,355.4,2006
mys,279,1990
mys,210.7,1991
mys,193.1,1992
mys,203.7,1993
mys,293.6,1994
mys,287.5,1995
mys,245.8,1996
mys,123,1997
mys,60.73,1998
mys,48.81,1999
mys,54.59,2000
mys,53.75,2001
mys,45.42,2002
mys,25.63,2003
mys,24.43,2004
mys,21.71,2005
mys,20.27,2006
png,2539,1990
png,2041,1991
png,1988,1992
png,1496,1993
png,1418,1994
png,2103,1995
png,1468,1996
png,766.8,1997
png,409.4,1998
png,354.1,1999
png,1509,2000
png,29760,2001
png,28050,2002
png,28470,2003
png,31480,2004
png,29460,2005
png,27040,2006
phl,140.8,1990
phl,137.9,1991
phl,149.3,1992
phl,98.99,1993
phl,92.34,1994
phl,82.89,1995
phl,57.85,1996
phl,58.68,1997
phl,69.38,1998
phl,49.66,1999
phl,48.02,2000
phl,44.69,2001
phl,46.55,2002
phl,59.68,2003
phl,61.36,2004
phl,54.97,2005
phl,40.7,2006
kor,0,1990
kor,0,1991
kor,0,1992
kor,0.00226,1993
kor,0.04485,1994
kor,0.2377,1995
kor,0.8722,1996
kor,3.765,1997
kor,8.651,1998
kor,7.791,1999
kor,8.854,2000
kor,5.433,2001
kor,3.805,2002
kor,2.466,2003
kor,1.812,2004
kor,2.86,2005
kor,4.268,2006
slb,37150,1990
slb,43820,1991
slb,46190,1992
slb,36910,1993
slb,37450,1994
slb,32760,1995
slb,22780,1996
slb,17800,1997
slb,18500,1998
slb,15620,1999
slb,16340,2000
slb,17910,2001
slb,17090,2002
slb,20160,2003
slb,19590,2004
slb,16170,2005
slb,15560,2006
vut,19270,1990
vut,12650,1991
vut,8408,1992
vut,6408,1993
vut,2245,1994
vut,4830,1995
vut,3214,1996
vut,3402,1997
vut,3388,1998
vut,2772,1999
vut,3567,2000
vut,9747,2001
vut,17190,2002
vut,20960,2003
vut,18930,2004
vut,14990,2005
vut,9595,2006
vnm,187.1,1990
vnm,277.9,1991
vnm,326.8,1992
vnm,221.1,1993
vnm,194.6,1994
vnm,136.5,1995
vnm,113.5,1996
vnm,86.95,1997
vnm,93.8,1998
vnm,96.33,1999
vnm,93.96,2000
vnm,234.4,2001
vnm,227,2002
vnm,198.8,2003
vnm,153.1,2004
vnm,116.5,2005
vnm,106,2006
