geo,hydro_power_generation_per_person,time
alb,0.0275,1971
alb,0.03452,1972
alb,0.04223,1973
alb,0.04761,1974
alb,0.0573,1975
alb,0.06657,1976
alb,0.07542,1977
alb,0.08054,1978
alb,0.08873,1979
alb,0.09496,1980
alb,0.09624,1981
alb,0.09674,1982
alb,0.09717,1983
alb,0.08146,1984
alb,0.06193,1985
alb,0.1151,1986
alb,0.09244,1987
alb,0.0791,1988
alb,0.08129,1989
alb,0.07444,1990
alb,0.0919,1991
alb,0.08491,1992
alb,0.08836,1993
alb,0.102,1994
alb,0.1151,1995
alb,0.1582,1996
alb,0.1398,1997
alb,0.1374,1998
alb,0.1479,1999
alb,0.1286,2000
alb,0.09933,2001
alb,0.09773,2002
alb,0.1352,2003
alb,0.1504,2004
alb,0.147,2005
alb,0.1479,2006
alb,0.07563,2007
alb,0.1026,2008
alb,0.1402,2009
alb,0.2034,2010
dza,0.002,1971
dza,0.00292,1972
dza,0.0043,1973
dza,0.00275,1974
dza,0.00176,1975
dza,0.00202,1976
dza,0.00136,1977
dza,0.00122,1978
dza,0.00137,1979
dza,0.00118,1980
dza,0.00162,1981
dza,0.00205,1982
dza,0.00097,1983
dza,0.00181,1984
dza,0.00251,1985
dza,0.00094,1986
dza,0.00183,1987
dza,0.00065,1988
dza,0.00079,1989
dza,0.00046,1990
dza,0.00097,1991
dza,0.00064,1992
dza,0.00112,1993
dza,0.00051,1994
dza,0.00059,1995
dza,0.0004,1996
dza,0.00022,1997
dza,0.00062,1998
dza,0.00058,1999
dza,0.00015,2000
dza,0.00019,2001
dza,0.00016,2002
dza,0.00071,2003
dza,0.00067,2004
dza,0.00145,2005
dza,0.00056,2006
dza,0.00057,2007
dza,0.00071,2008
dza,0.00075,2009
dza,0.00042,2010
ago,0.0086,1971
ago,0.00946,1972
ago,0.01107,1973
ago,0.01139,1974
ago,0.01231,1975
ago,0.00541,1976
ago,0.00526,1977
ago,0.00632,1978
ago,0.00645,1979
ago,0.0067,1980
ago,0.00647,1981
ago,0.00662,1982
ago,0.00585,1983
ago,0.00588,1984
ago,0.00665,1985
ago,0.00647,1986
ago,0.0063,1987
ago,0.00615,1988
ago,0.00607,1989
ago,0.00603,1990
ago,0.00623,1991
ago,0.00656,1992
ago,0.00673,1993
ago,0.00655,1994
ago,0.00639,1995
ago,0.00639,1996
ago,0.00588,1997
ago,0.00694,1998
ago,0.00569,1999
ago,0.00563,2000
ago,0.00608,2001
ago,0.0066,2002
ago,0.00692,2003
ago,0.00943,2004
ago,0.01157,2005
ago,0.01347,2006
ago,0.01225,2007
ago,0.01494,2008
ago,0.01434,2009
ago,0.01593,2010
arg,0.00545,1971
arg,0.00522,1972
arg,0.01021,1973
arg,0.01685,1974
arg,0.01715,1975
arg,0.01627,1976
arg,0.01843,1977
arg,0.02441,1978
arg,0.03308,1979
arg,0.04629,1980
arg,0.04421,1981
arg,0.05216,1982
arg,0.05378,1983
arg,0.05717,1984
arg,0.05848,1985
arg,0.05863,1986
arg,0.06006,1987
arg,0.04074,1988
arg,0.03463,1989
arg,0.04709,1990
arg,0.04215,1991
arg,0.04969,1992
arg,0.06039,1993
arg,0.06835,1994
arg,0.06619,1995
arg,0.05583,1996
arg,0.06745,1997
arg,0.0629,1998
arg,0.05034,1999
arg,0.06699,2000
arg,0.08534,2001
arg,0.08186,2002
arg,0.07651,2003
arg,0.06827,2004
arg,0.07559,2005
arg,0.08362,2006
arg,0.06633,2007
arg,0.06586,2008
arg,0.07269,2009
arg,0.07146,2010
arm,0.03772,1990
arm,0.03785,1991
arm,0.07587,1992
arm,0.1095,1993
arm,0.09182,1994
arm,0.05119,1995
arm,0.04261,1996
arm,0.03813,1997
arm,0.04251,1998
arm,0.03339,1999
arm,0.03525,2000
arm,0.02715,2001
arm,0.04657,2002
arm,0.05568,2003
arm,0.05609,2004
arm,0.04972,2005
arm,0.05112,2006
arm,0.05183,2007
arm,0.05018,2008
arm,0.05627,2009
arm,0.07108,2010
aus,0.03342,1960
aus,0.03786,1961
aus,0.03952,1962
aus,0.05204,1963
aus,0.05288,1964
aus,0.06277,1965
aus,0.05228,1966
aus,0.05511,1967
aus,0.05372,1968
aus,0.05779,1969
aus,0.06004,1970
aus,0.07667,1971
aus,0.07518,1972
aus,0.07283,1973
aus,0.08291,1974
aus,0.0909,1975
aus,0.09208,1976
aus,0.07945,1977
aus,0.08301,1978
aus,0.09091,1979
aus,0.07565,1980
aus,0.08122,1981
aus,0.07737,1982
aus,0.06803,1983
aus,0.06675,1984
aus,0.07429,1985
aus,0.07761,1986
aus,0.07159,1987
aus,0.07408,1988
aus,0.07375,1989
aus,0.07116,1990
aus,0.07854,1991
aus,0.07529,1992
aus,0.08022,1993
aus,0.07847,1994
aus,0.07539,1995
aus,0.07232,1996
aus,0.07664,1997
aus,0.0706,1998
aus,0.07353,1999
aus,0.0734,2000
aus,0.07348,2001
aus,0.06964,2002
aus,0.0706,2003
aus,0.06863,2004
aus,0.0643,2005
aus,0.06508,2006
aus,0.05813,2007
aus,0.0476,2008
aus,0.04313,2009
aus,0.04815,2010
aus,0.05637,2011
aut,0.1387,1960
aut,0.136,1961
aut,0.1398,1962
aut,0.1363,1963
aut,0.1514,1964
aut,0.1857,1965
aut,0.2004,1966
aut,0.2033,1967
aut,0.2074,1968
aut,0.1887,1969
aut,0.2389,1970
aut,0.186,1971
aut,0.1916,1972
aut,0.2135,1973
aut,0.2521,1974
aut,0.2663,1975
aut,0.2271,1976
aut,0.2782,1977
aut,0.2784,1978
aut,0.314,1979
aut,0.3272,1980
aut,0.3516,1981
aut,0.3522,1982
aut,0.3488,1983
aut,0.3287,1984
aut,0.3519,1985
aut,0.3534,1986
aut,0.4084,1987
aut,0.4048,1988
aut,0.3975,1989
aut,0.3532,1990
aut,0.3502,1991
aut,0.3852,1992
aut,0.4026,1993
aut,0.3889,1994
aut,0.4016,1995
aut,0.3696,1996
aut,0.3894,1997
aut,0.4006,1998
aut,0.4383,1999
aut,0.4494,2000
aut,0.4327,2001
aut,0.4279,2002
aut,0.3511,2003
aut,0.3862,2004
aut,0.3831,2005
aut,0.3725,2006
aut,0.3839,2007
aut,0.3953,2008
aut,0.4202,2009
aut,0.3934,2010
aut,0.3446,2011
aze,0.00835,1990
aze,0.02063,1991
aze,0.02017,1992
aze,0.02729,1993
aze,0.0205,1994
aze,0.01723,1995
aze,0.01686,1996
aze,0.0186,1997
aze,0.02103,1998
aze,0.01611,1999
aze,0.01626,2000
aze,0.01366,2001
aze,0.02098,2002
aze,0.02534,2003
aze,0.02794,2004
aze,0.03013,2005
aze,0.02488,2006
aze,0.02302,2007
aze,0.02146,2008
aze,0.0219,2009
aze,0.03225,2010
bgd,0.00022,1971
bgd,0.00022,1972
bgd,0.00041,1973
bgd,0.0003,1974
bgd,0.00053,1975
bgd,0.00059,1976
bgd,0.00051,1977
bgd,0.00057,1978
bgd,0.00064,1979
bgd,0.00062,1980
bgd,0.00065,1981
bgd,0.00053,1982
bgd,0.00065,1983
bgd,0.00086,1984
bgd,0.00069,1985
bgd,0.00041,1986
bgd,0.00046,1987
bgd,0.00058,1988
bgd,0.00077,1989
bgd,0.00072,1990
bgd,0.00067,1991
bgd,0.00062,1992
bgd,0.00046,1993
bgd,0.00063,1994
bgd,0.00027,1995
bgd,0.00053,1996
bgd,0.00051,1997
bgd,0.0006,1998
bgd,0.00056,1999
bgd,0.00063,2000
bgd,0.00065,2001
bgd,0.00068,2002
bgd,0.00071,2003
bgd,0.00076,2004
bgd,0.00079,2005
bgd,0.00084,2006
bgd,0.00083,2007
bgd,0.00087,2008
bgd,0.00091,2009
bgd,0.00096,2010
blr,0.00017,1990
blr,0.00015,1991
blr,0.00014,1992
blr,0.00016,1993
blr,0.00016,1994
blr,0.00017,1995
blr,0.00013,1996
blr,0.00018,1997
blr,0.00024,1998
blr,0.00016,1999
blr,0.00023,2000
blr,0.00026,2001
blr,0.00025,2002
blr,0.00024,2003
blr,0.00029,2004
blr,0.00032,2005
blr,0.00031,2006
blr,0.00031,2007
blr,0.00035,2008
blr,0.00039,2009
blr,0.0004,2010
bel,0.00162,1960
bel,0.00176,1961
bel,0.00151,1962
bel,0.00133,1963
bel,0.00105,1964
bel,0.00248,1965
bel,0.00271,1966
bel,0.00215,1967
bel,0.0022,1968
bel,0.00206,1969
bel,0.0022,1970
bel,0.00119,1971
bel,0.0016,1972
bel,0.00151,1973
bel,0.00211,1974
bel,0.00161,1975
bel,0.00096,1976
bel,0.00196,1977
bel,0.00195,1978
bel,0.00204,1979
bel,0.00243,1980
bel,0.00333,1981
bel,0.00291,1982
bel,0.00294,1983
bel,0.00307,1984
bel,0.00251,1985
bel,0.00299,1986
bel,0.00374,1987
bel,0.00312,1988
bel,0.00264,1989
bel,0.0023,1990
bel,0.00197,1991
bel,0.00293,1992
bel,0.00218,1993
bel,0.00296,1994
bel,0.00288,1995
bel,0.00203,1996
bel,0.00259,1997
bel,0.0033,1998
bel,0.00289,1999
bel,0.00389,2000
bel,0.00371,2001
bel,0.00302,2002
bel,0.00206,2003
bel,0.00263,2004
bel,0.00238,2005
bel,0.00295,2006
bel,0.00317,2007
bel,0.00332,2008
bel,0.00265,2009
bel,0.0025,2010
bel,0.00159,2011
ben,0.00003,1997
ben,0.00003,1998
ben,0.00003,1999
ben,0.00003,2000
ben,0.00003,2001
ben,0.00002,2002
ben,0.00002,2003
ben,0.00001,2004
ben,0.00001,2005
bol,0.01788,1971
bol,0.01844,1972
bol,0.01843,1973
bol,0.01913,1974
bol,0.0194,1975
bol,0.01985,1976
bol,0.02047,1977
bol,0.02117,1978
bol,0.02113,1979
bol,0.01708,1980
bol,0.01817,1981
bol,0.01761,1982
bol,0.01722,1983
bol,0.01717,1984
bol,0.01648,1985
bol,0.01573,1986
bol,0.01466,1987
bol,0.01571,1988
bol,0.01542,1989
bol,0.01524,1990
bol,0.01644,1991
bol,0.0156,1992
bol,0.01809,1993
bol,0.01549,1994
bol,0.01454,1995
bol,0.01604,1996
bol,0.01724,1997
bol,0.01678,1998
bol,0.01887,1999
bol,0.02013,2000
bol,0.0216,2001
bol,0.02191,2002
bol,0.01938,2003
bol,0.02057,2004
bol,0.01846,2005
bol,0.01995,2006
bol,0.02107,2007
bol,0.02065,2008
bol,0.0202,2009
bol,0.01889,2010
bih,0.06103,1990
bih,0.1063,1991
bih,0.07454,1992
bih,0.05535,1993
bih,0.08591,1994
bih,0.09401,1995
bih,0.1341,1996
bih,0.1189,1997
bih,0.1126,1998
bih,0.1321,1999
bih,0.1186,2000
bih,0.1188,2001
bih,0.12,2002
bih,0.1023,2003
bih,0.136,2004
bih,0.1364,2005
bih,0.1332,2006
bih,0.09103,2007
bih,0.1109,2008
bih,0.1424,2009
bih,0.1835,2010
bra,0.03773,1971
bra,0.04322,1972
bra,0.04821,1973
bra,0.05343,1974
bra,0.05743,1975
bra,0.06434,1976
bra,0.07085,1977
bra,0.07607,1978
bra,0.08431,1979
bra,0.09107,1980
bra,0.09025,1981
bra,0.09517,1982
bra,0.09984,1983
bra,0.1074,1984
bra,0.1126,1985
bra,0.1128,1986
bra,0.1126,1987
bra,0.1185,1988
bra,0.1197,1989
bra,0.1188,1990
bra,0.1231,1991
bra,0.1242,1992
bra,0.1288,1993
bra,0.1309,1994
bra,0.1349,1995
bra,0.1391,1996
bra,0.1437,1997
bra,0.1479,1998
bra,0.1465,1999
bra,0.1501,2000
bra,0.1302,2001
bra,0.1372,2002
bra,0.1447,2003
bra,0.15,2004
bra,0.156,2005
bra,0.1596,2006
bra,0.1694,2007
bra,0.1659,2008
bra,0.174,2009
bra,0.1779,2010
bgr,0.02185,1971
bgr,0.02097,1972
bgr,0.02558,1973
bgr,0.0206,1974
bgr,0.02419,1975
bgr,0.02901,1976
bgr,0.03454,1977
bgr,0.02839,1978
bgr,0.03222,1979
bgr,0.03603,1980
bgr,0.035,1981
bgr,0.02942,1982
bgr,0.03224,1983
bgr,0.0313,1984
bgr,0.02146,1985
bgr,0.02233,1986
bgr,0.0244,1987
bgr,0.02503,1988
bgr,0.02607,1989
bgr,0.01831,1990
bgr,0.02401,1991
bgr,0.0205,1992
bgr,0.01953,1993
bgr,0.01494,1994
bgr,0.02381,1995
bgr,0.03034,1996
bgr,0.02889,1997
bgr,0.03275,1998
bgr,0.02934,1999
bgr,0.02871,2000
bgr,0.01879,2001
bgr,0.0239,2002
bgr,0.03322,2003
bgr,0.03497,2004
bgr,0.04819,2005
bgr,0.04739,2006
bgr,0.03234,2007
bgr,0.03199,2008
bgr,0.03956,2009
bgr,0.05802,2010
khm,0.00019,2002
khm,0.00027,2003
khm,0.00018,2004
khm,0.00028,2005
khm,0.00031,2006
khm,0.0003,2007
khm,0.00027,2008
khm,0.00023,2009
khm,0.00016,2010
cmr,0.01281,1971
cmr,0.0128,1972
cmr,0.0124,1973
cmr,0.01343,1974
cmr,0.01421,1975
cmr,0.01338,1976
cmr,0.01266,1977
cmr,0.01262,1978
cmr,0.01272,1979
cmr,0.01288,1980
cmr,0.01659,1981
cmr,0.01816,1982
cmr,0.01809,1983
cmr,0.01833,1984
cmr,0.01952,1985
cmr,0.0193,1986
cmr,0.01889,1987
cmr,0.01924,1988
cmr,0.01935,1989
cmr,0.01875,1990
cmr,0.01833,1991
cmr,0.01803,1992
cmr,0.0182,1993
cmr,0.01701,1994
cmr,0.01698,1995
cmr,0.01726,1996
cmr,0.01817,1997
cmr,0.01789,1998
cmr,0.01871,1999
cmr,0.01888,2000
cmr,0.01862,2001
cmr,0.01667,2002
cmr,0.01807,2003
cmr,0.01964,2004
cmr,0.01848,2005
cmr,0.01865,2006
cmr,0.01803,2007
cmr,0.0194,2008
cmr,0.01801,2009
cmr,0.01869,2010
can,0.5127,1960
can,0.4929,1961
can,0.4845,1962
can,0.4751,1963
can,0.5092,1964
can,0.516,1965
can,0.561,1966
can,0.5617,1967
can,0.5595,1968
can,0.6069,1969
can,0.6261,1970
can,0.6336,1971
can,0.699,1972
can,0.7401,1973
can,0.7918,1974
can,0.7523,1975
can,0.781,1976
can,0.7989,1977
can,0.8437,1978
can,0.8656,1979
can,0.8808,1980
can,0.9234,1981
can,0.8861,1982
can,0.905,1983
can,0.9633,1984
can,1.01,1985
can,1.02,1986
can,1.024,1987
can,0.9811,1988
can,0.9166,1989
can,0.9211,1990
can,0.9449,1991
can,0.9583,1992
can,0.9692,1993
can,0.9776,1994
can,0.9857,1995
can,1.034,1996
can,1.01,1997
can,0.9476,1998
can,0.9785,1999
can,1.005,2000
can,0.9255,2001
can,0.9636,2002
can,0.9179,2003
can,0.9174,2004
can,0.9685,2005
can,0.9299,2006
can,0.9584,2007
can,0.9657,2008
can,0.9413,2009
can,0.8884,2010
can,0.9422,2011
chl,0.0424,1971
chl,0.04964,1972
chl,0.04765,1973
chl,0.05333,1974
chl,0.05272,1975
chl,0.05367,1976
chl,0.0559,1977
chl,0.05737,1978
chl,0.05812,1979
chl,0.06054,1980
chl,0.06175,1981
chl,0.06649,1982
chl,0.07056,1983
chl,0.07203,1984
chl,0.07862,1985
chl,0.08263,1986
chl,0.08807,1987
chl,0.0848,1988
chl,0.06997,1989
chl,0.05821,1990
chl,0.08409,1991
chl,0.1053,1992
chl,0.1102,1993
chl,0.103,1994
chl,0.1099,1995
chl,0.09897,1996
chl,0.1098,1997
chl,0.09116,1998
chl,0.07672,1999
chl,0.1032,2000
chl,0.1157,2001
chl,0.1213,2002
chl,0.1168,2003
chl,0.1171,2004
chl,0.1397,2005
chl,0.1521,2006
chl,0.1196,2007
chl,0.1239,2008
chl,0.1283,2009
chl,0.1091,2010
chl,0.1046,2011
chn,0.00308,1971
chn,0.00341,1972
chn,0.00372,1973
chn,0.00412,1974
chn,0.00423,1975
chn,0.00421,1976
chn,0.00433,1977
chn,0.004,1978
chn,0.00444,1979
chn,0.00509,1980
chn,0.00566,1981
chn,0.00633,1982
chn,0.00724,1983
chn,0.00717,1984
chn,0.00752,1985
chn,0.00757,1986
chn,0.00788,1987
chn,0.00845,1988
chn,0.00902,1989
chn,0.00951,1990
chn,0.00927,1991
chn,0.00969,1992
chn,0.01098,1993
chn,0.01198,1994
chn,0.0135,1995
chn,0.01318,1996
chn,0.01361,1997
chn,0.01432,1998
chn,0.01391,1999
chn,0.01507,2000
chn,0.01867,2001
chn,0.01926,2002
chn,0.01886,2003
chn,0.02337,2004
chn,0.02611,2005
chn,0.0285,2006
chn,0.03157,2007
chn,0.03788,2008
chn,0.03965,2009
chn,0.04629,2010
col,0.02621,1971
col,0.02804,1972
col,0.02981,1973
col,0.03249,1974
col,0.03194,1975
col,0.03225,1976
col,0.03582,1977
col,0.04042,1978
col,0.0434,1979
col,0.0457,1980
col,0.04471,1981
col,0.04625,1982
col,0.04568,1983
col,0.04994,1984
col,0.05259,1985
col,0.05957,1986
col,0.06361,1987
col,0.06568,1988
col,0.07041,1989
col,0.07121,1990
col,0.07043,1991
col,0.05554,1992
col,0.06815,1993
col,0.077,1994
col,0.07586,1995
col,0.08223,1996
col,0.07164,1997
col,0.06886,1998
col,0.07419,1999
col,0.06936,2000
col,0.06764,2001
col,0.0711,2002
col,0.07453,2003
col,0.0813,2004
col,0.07952,2005
col,0.08411,2006
col,0.08616,2007
col,0.08865,2008
col,0.07731,2009
col,0.07504,2010
cod,0.01418,1971
cod,0.01379,1972
cod,0.0147,1973
cod,0.01288,1974
cod,0.01367,1975
cod,0.01435,1976
cod,0.01413,1977
cod,0.01349,1978
cod,0.013,1979
cod,0.0135,1980
cod,0.0129,1981
cod,0.01242,1982
cod,0.01313,1983
cod,0.01338,1984
cod,0.01392,1985
cod,0.01415,1986
cod,0.01369,1987
cod,0.01329,1988
cod,0.01693,1989
cod,0.01329,1990
cod,0.01195,1991
cod,0.0132,1992
cod,0.01157,1993
cod,0.01067,1994
cod,0.01202,1995
cod,0.01156,1996
cod,0.00932,1997
cod,0.00855,1998
cod,0.00941,1999
cod,0.01039,2000
cod,0.01007,2001
cod,0.01001,2002
cod,0.00979,2003
cod,0.01092,2004
cod,0.01107,2005
cod,0.01094,2006
cod,0.01106,2007
cod,0.01029,2008
cod,0.01044,2009
cod,0.01023,2010
cog,0.00337,1971
cog,0.004,1972
cog,0.00294,1973
cog,0.00314,1974
cog,0.00321,1975
cog,0.00338,1976
cog,0.0025,1977
cog,0.00056,1978
cog,0.00379,1979
cog,0.00478,1980
cog,0.00478,1981
cog,0.00784,1982
cog,0.01016,1983
cog,0.01067,1984
cog,0.01202,1985
cog,0.01076,1986
cog,0.01086,1987
cog,0.01098,1988
cog,0.01468,1989
cog,0.01764,1990
cog,0.01682,1991
cog,0.01447,1992
cog,0.01193,1993
cog,0.01041,1994
cog,0.01108,1995
cog,0.01395,1996
cog,0.01341,1997
cog,0.00989,1998
cog,0.00267,1999
cog,0.00809,2000
cog,0.00894,2001
cog,0.01035,2002
cog,0.00874,2003
cog,0.00823,2004
cog,0.00864,2005
cog,0.00881,2006
cog,0.00772,2007
cog,0.0084,2008
cog,0.0072,2009
cog,0.00915,2010
cri,0.04739,1971
cri,0.04946,1972
cri,0.04979,1973
cri,0.05367,1974
cri,0.05435,1975
cri,0.05928,1976
cri,0.05327,1977
cri,0.05731,1978
cri,0.06122,1979
cri,0.07779,1980
cri,0.08155,1981
cri,0.08284,1982
cri,0.09403,1983
cri,0.09862,1984
cri,0.08804,1985
cri,0.08988,1986
cri,0.09081,1987
cri,0.0898,1988
cri,0.0956,1989
cri,0.09472,1990
cri,0.09988,1991
cri,0.09556,1992
cri,0.1023,1993
cri,0.1002,1994
cri,0.08812,1995
cri,0.09215,1996
cri,0.1133,1997
cri,0.09855,1998
cri,0.1153,1999
cri,0.1247,2000
cri,0.1172,2001
cri,0.1257,2002
cri,0.1245,2003
cri,0.1353,2004
cri,0.131,2005
cri,0.1295,2006
cri,0.1307,2007
cri,0.1405,2008
cri,0.1353,2009
cri,0.134,2010
civ,0.00211,1971
civ,0.00329,1972
civ,0.00234,1973
civ,0.00368,1974
civ,0.00487,1975
civ,0.00417,1976
civ,0.00257,1977
civ,0.00185,1978
civ,0.00772,1979
civ,0.01368,1980
civ,0.01674,1981
civ,0.01601,1982
civ,0.00867,1983
civ,0.00318,1984
civ,0.01113,1985
civ,0.00943,1986
civ,0.00801,1987
civ,0.00912,1988
civ,0.01133,1989
civ,0.00908,1990
civ,0.00833,1991
civ,0.00673,1992
civ,0.00684,1993
civ,0.00708,1994
civ,0.01045,1995
civ,0.01015,1996
civ,0.01043,1997
civ,0.00746,1998
civ,0.00928,1999
civ,0.00915,2000
civ,0.00916,2001
civ,0.00865,2002
civ,0.00902,2003
civ,0.00848,2004
civ,0.00686,2005
civ,0.00709,2006
civ,0.00829,2007
civ,0.0086,2008
civ,0.00947,2009
civ,0.00705,2010
hrv,0.07243,1990
hrv,0.1091,1991
hrv,0.08135,1992
hrv,0.08071,1993
hrv,0.09099,1994
hrv,0.09696,1995
hrv,0.1335,1996
hrv,0.09828,1997
hrv,0.1024,1998
hrv,0.1248,1999
hrv,0.1121,2000
hrv,0.1256,2001
hrv,0.1033,2002
hrv,0.09408,2003
hrv,0.1345,2004
hrv,0.1226,2005
hrv,0.1164,2006
hrv,0.08229,2007
hrv,0.1015,2008
hrv,0.1312,2009
hrv,0.1626,2010
cub,0.00107,1971
cub,0.00071,1972
cub,0.00058,1973
cub,0.00082,1974
cub,0.00057,1975
cub,0.00048,1976
cub,0.00065,1977
cub,0.00074,1978
cub,0.00092,1979
cub,0.00085,1980
cub,0.00052,1981
cub,0.00037,1982
cub,0.00054,1983
cub,0.0006,1984
cub,0.00046,1985
cub,0.0005,1986
cub,0.00037,1987
cub,0.00061,1988
cub,0.00067,1989
cub,0.00074,1990
cub,0.00085,1991
cub,0.00065,1992
cub,0.00065,1993
cub,0.00039,1994
cub,0.00058,1995
cub,0.00075,1996
cub,0.00102,1997
cub,0.00076,1998
cub,0.0008,1999
cub,0.00069,2000
cub,0.00058,2001
cub,0.00082,2002
cub,0.00098,2003
cub,0.00067,2004
cub,0.00052,2005
cub,0.00072,2006
cub,0.00092,2007
cub,0.00105,2008
cub,0.00115,2009
cub,0.00074,2010
cze,0.01058,1971
cze,0.01103,1972
cze,0.00939,1973
cze,0.01573,1974
cze,0.01561,1975
cze,0.01237,1976
cze,0.01673,1977
cze,0.01547,1978
cze,0.01929,1979
cze,0.0201,1980
cze,0.01723,1981
cze,0.01394,1982
cze,0.01381,1983
cze,0.01083,1984
cze,0.01395,1985
cze,0.01566,1986
cze,0.02058,1987
cze,0.01752,1988
cze,0.01372,1989
cze,0.00969,1990
cze,0.00908,1991
cze,0.01169,1992
cze,0.01141,1993
cze,0.01216,1994
cze,0.01668,1995
cze,0.01642,1996
cze,0.01419,1997
cze,0.01168,1998
cze,0.01409,1999
cze,0.01476,2000
cze,0.01727,2001
cze,0.02099,2002
cze,0.01166,2003
cze,0.01702,2004
cze,0.02002,2005
cze,0.02137,2006
cze,0.01742,2007
cze,0.01677,2008
cze,0.02001,2009
cze,0.02285,2010
cze,0.01745,2011
dnk,0.00047,1960
dnk,0.00048,1961
dnk,0.00048,1962
dnk,0.00046,1963
dnk,0.00046,1964
dnk,0.00045,1965
dnk,0.00047,1966
dnk,0.00045,1967
dnk,0.00037,1968
dnk,0.00039,1969
dnk,0.00042,1970
dnk,0.00042,1971
dnk,0.00041,1972
dnk,0.00041,1973
dnk,0.00041,1974
dnk,0.00041,1975
dnk,0.00041,1976
dnk,0.00037,1977
dnk,0.00039,1978
dnk,0.00042,1979
dnk,0.0005,1980
dnk,0.00055,1981
dnk,0.00052,1982
dnk,0.00057,1983
dnk,0.0005,1984
dnk,0.0005,1985
dnk,0.00049,1986
dnk,0.00049,1987
dnk,0.00055,1988
dnk,0.00039,1989
dnk,0.00047,1990
dnk,0.00042,1991
dnk,0.00047,1992
dnk,0.00046,1993
dnk,0.00054,1994
dnk,0.00049,1995
dnk,0.00031,1996
dnk,0.00031,1997
dnk,0.00044,1998
dnk,0.0005,1999
dnk,0.00048,2000
dnk,0.00045,2001
dnk,0.00051,2002
dnk,0.00034,2003
dnk,0.00043,2004
dnk,0.00036,2005
dnk,0.00036,2006
dnk,0.00044,2007
dnk,0.00041,2008
dnk,0.0003,2009
dnk,0.00033,2010
dnk,0.00026,2011
dom,0.00994,1971
dom,0.0104,1972
dom,0.00932,1973
dom,0.0086,1974
dom,0.00713,1975
dom,0.01273,1976
dom,0.00726,1977
dom,0.01157,1978
dom,0.01257,1979
dom,0.00828,1980
dom,0.01983,1981
dom,0.01188,1982
dom,0.01303,1983
dom,0.01563,1984
dom,0.01517,1985
dom,0.01799,1986
dom,0.01951,1987
dom,0.02054,1988
dom,0.00578,1989
dom,0.00417,1990
dom,0.00594,1991
dom,0.00612,1992
dom,0.01272,1993
dom,0.0059,1994
dom,0.00656,1995
dom,0.00921,1996
dom,0.00698,1997
dom,0.00757,1998
dom,0.01117,1999
dom,0.00763,2000
dom,0.00686,2001
dom,0.00845,2002
dom,0.0114,2003
dom,0.01507,2004
dom,0.01771,2005
dom,0.01601,2006
dom,0.01534,2007
dom,0.01231,2008
dom,0.01485,2009
dom,0.01553,2010
ecu,0.00615,1971
ecu,0.00604,1972
ecu,0.00574,1973
ecu,0.00641,1974
ecu,0.00782,1975
ecu,0.00732,1976
ecu,0.00656,1977
ecu,0.00904,1978
ecu,0.00788,1979
ecu,0.00942,1980
ecu,0.00819,1981
ecu,0.00916,1982
ecu,0.01715,1983
ecu,0.03138,1984
ecu,0.03101,1985
ecu,0.037,1986
ecu,0.04111,1987
ecu,0.04237,1988
ecu,0.04248,1989
ecu,0.04179,1990
ecu,0.04158,1991
ecu,0.03988,1992
ecu,0.04561,1993
ecu,0.05052,1994
ecu,0.03898,1995
ecu,0.04709,1996
ecu,0.04772,1997
ecu,0.04678,1998
ecu,0.0508,1999
ecu,0.053,2000
ecu,0.04844,2001
ecu,0.05068,2002
ecu,0.04754,2003
ecu,0.04825,2004
ecu,0.04408,2005
ecu,0.04495,2006
ecu,0.05611,2007
ecu,0.06908,2008
ecu,0.0556,2009
ecu,0.05134,2010
egy,0.01179,1971
egy,0.0118,1972
egy,0.01154,1973
egy,0.01341,1974
egy,0.01455,1975
egy,0.01677,1976
egy,0.01852,1977
egy,0.01867,1978
egy,0.01862,1979
egy,0.01875,1980
egy,0.01908,1981
egy,0.01911,1982
egy,0.01748,1983
egy,0.01675,1984
egy,0.0147,1985
egy,0.01538,1986
egy,0.014,1987
egy,0.01422,1988
egy,0.01541,1989
egy,0.01502,1990
egy,0.01469,1991
egy,0.01414,1992
egy,0.01502,1993
egy,0.01546,1994
egy,0.01581,1995
egy,0.01574,1996
egy,0.01605,1997
egy,0.01609,1998
egy,0.01897,1999
egy,0.01741,2000
egy,0.01888,2001
egy,0.01576,2002
egy,0.01566,2003
egy,0.01492,2004
egy,0.01465,2005
egy,0.01471,2006
egy,0.01733,2007
egy,0.01612,2008
egy,0.01387,2009
egy,0.01383,2010
slv,0.0117,1971
slv,0.00965,1972
slv,0.01048,1973
slv,0.01168,1974
slv,0.00581,1975
slv,0.0039,1976
slv,0.00801,1977
slv,0.01273,1978
slv,0.01936,1979
slv,0.01747,1980
slv,0.00993,1981
slv,0.0081,1982
slv,0.01419,1983
slv,0.01515,1984
slv,0.02015,1985
slv,0.02092,1986
slv,0.01903,1987
slv,0.02157,1988
slv,0.0233,1989
slv,0.02657,1990
slv,0.02014,1991
slv,0.02214,1992
slv,0.02337,1993
slv,0.02198,1994
slv,0.02206,1995
slv,0.02796,1996
slv,0.02104,1997
slv,0.02291,1998
slv,0.0257,1999
slv,0.01701,2000
slv,0.01678,2001
slv,0.01635,2002
slv,0.02098,2003
slv,0.0198,2004
slv,0.02372,2005
slv,0.02777,2006
slv,0.02451,2007
slv,0.02859,2008
slv,0.02101,2009
slv,0.02893,2010
est,0.00006,1992
est,0.00006,1993
est,0.00018,1994
est,0.00012,1995
est,0.00012,1996
est,0.00018,1997
est,0.00025,1998
est,0.00025,1999
est,0.00031,2000
est,0.00044,2001
est,0.00038,2002
est,0.00083,2003
est,0.0014,2004
est,0.00141,2005
est,0.0009,2006
est,0.00135,2007
est,0.00179,2008
est,0.00205,2009
est,0.00173,2010
est,0.00192,2011
eth,0.00088,1971
eth,0.00088,1972
eth,0.00091,1973
eth,0.00093,1974
eth,0.00091,1975
eth,0.00093,1976
eth,0.00095,1977
eth,0.00102,1978
eth,0.00109,1979
eth,0.00118,1980
eth,0.0012,1981
eth,0.00134,1982
eth,0.00141,1983
eth,0.00149,1984
eth,0.00141,1985
eth,0.00145,1986
eth,0.00142,1987
eth,0.00135,1988
eth,0.00133,1989
eth,0.00189,1990
eth,0.00186,1991
eth,0.00191,1992
eth,0.00203,1993
eth,0.00211,1994
eth,0.00215,1995
eth,0.00221,1996
eth,0.00223,1997
eth,0.00218,1998
eth,0.00216,1999
eth,0.00216,2000
eth,0.00254,2001
eth,0.00252,2002
eth,0.00277,2003
eth,0.00299,2004
eth,0.00328,2005
eth,0.00369,2006
eth,0.00375,2007
eth,0.00357,2008
eth,0.00373,2009
eth,0.00511,2010
fin,0.1023,1960
fin,0.1546,1961
fin,0.1869,1962
fin,0.1592,1963
fin,0.1577,1964
fin,0.1762,1965
fin,0.1951,1966
fin,0.2182,1967
fin,0.1966,1968
fin,0.1636,1969
fin,0.1728,1970
fin,0.1977,1971
fin,0.1911,1972
fin,0.1937,1973
fin,0.2315,1974
fin,0.2218,1975
fin,0.1716,1976
fin,0.2199,1977
fin,0.1763,1978
fin,0.1962,1979
fin,0.1838,1980
fin,0.2445,1981
fin,0.2332,1982
fin,0.2406,1983
fin,0.2334,1984
fin,0.2163,1985
fin,0.2165,1986
fin,0.2403,1987
fin,0.232,1988
fin,0.2255,1989
fin,0.1872,1990
fin,0.2265,1991
fin,0.258,1992
fin,0.2289,1993
fin,0.1993,1994
fin,0.2176,1995
fin,0.199,1996
fin,0.2048,1997
fin,0.2512,1998
fin,0.2129,1999
fin,0.2437,2000
fin,0.219,2001
fin,0.1783,2002
fin,0.1583,2003
fin,0.2479,2004
fin,0.226,2005
fin,0.1877,2006
fin,0.2304,2007
fin,0.2768,2008
fin,0.2042,2009
fin,0.2071,2010
fin,0.1992,2011
fra,0.07695,1960
fra,0.07193,1961
fra,0.06645,1962
fra,0.07955,1963
fra,0.0628,1964
fra,0.08267,1965
fra,0.09115,1966
fra,0.07856,1967
fra,0.08665,1968
fra,0.09033,1969
fra,0.096,1970
fra,0.08209,1971
fra,0.0814,1972
fra,0.07888,1973
fra,0.09233,1974
fra,0.09808,1975
fra,0.0788,1976
fra,0.1233,1977
fra,0.11,1978
fra,0.1064,1979
fra,0.1109,1980
fra,0.1147,1981
fra,0.1115,1982
fra,0.1092,1983
fra,0.1027,1984
fra,0.0963,1985
fra,0.09667,1986
fra,0.1085,1987
fra,0.1172,1988
fra,0.07105,1989
fra,0.08158,1990
fra,0.08696,1991
fra,0.1037,1992
fra,0.09722,1993
fra,0.1176,1994
fra,0.1084,1995
fra,0.09788,1996
fra,0.09413,1997
fra,0.09128,1998
fra,0.1062,1999
fra,0.09776,2000
fra,0.1081,2001
fra,0.08717,2002
fra,0.08452,2003
fra,0.08496,2004
fra,0.07295,2005
fra,0.07868,2006
fra,0.08067,2007
fra,0.08807,2008
fra,0.07877,2009
fra,0.08492,2010
fra,0.06144,2011
gab,0.00078,1972
gab,0.00076,1973
gab,0.01482,1974
gab,0.02065,1975
gab,0.02279,1976
gab,0.04122,1977
gab,0.03945,1978
gab,0.04018,1979
gab,0.03275,1980
gab,0.0504,1981
gab,0.05782,1982
gab,0.06301,1983
gab,0.06815,1984
gab,0.07225,1985
gab,0.07277,1986
gab,0.07105,1987
gab,0.06994,1988
gab,0.06451,1989
gab,0.06525,1990
gab,0.06335,1991
gab,0.06176,1992
gab,0.05965,1993
gab,0.06076,1994
gab,0.06255,1995
gab,0.05921,1996
gab,0.06057,1997
gab,0.05927,1998
gab,0.05921,1999
gab,0.05589,2000
gab,0.05977,2001
gab,0.0615,2002
gab,0.05874,2003
gab,0.05712,2004
gab,0.05094,2005
gab,0.05816,2006
gab,0.04838,2007
gab,0.053,2008
gab,0.05156,2009
gab,0.04621,2010
geo,0.1193,1990
geo,0.1178,1991
geo,0.1046,1992
geo,0.108,1993
geo,0.1129,1994
geo,0.08825,1995
geo,0.1033,1996
geo,0.1056,1997
geo,0.1126,1998
geo,0.1153,1999
geo,0.1062,2000
geo,0.1017,2001
geo,0.1258,2002
geo,0.1228,2003
geo,0.1151,2004
geo,0.1198,2005
geo,0.1029,2006
geo,0.1328,2007
geo,0.1401,2008
geo,0.1457,2009
geo,0.1851,2010
deu,0.01421,1960
deu,0.01396,1961
deu,0.01324,1962
deu,0.01288,1963
deu,0.01264,1964
deu,0.01614,1965
deu,0.01776,1966
deu,0.01709,1967
deu,0.01734,1968
deu,0.01448,1969
deu,0.01928,1970
deu,0.01476,1971
deu,0.01445,1972
deu,0.01666,1973
deu,0.01928,1974
deu,0.01864,1975
deu,0.01514,1976
deu,0.01922,1977
deu,0.0201,1978
deu,0.02015,1979
deu,0.02094,1980
deu,0.02191,1981
deu,0.02177,1982
deu,0.02067,1983
deu,0.02045,1984
deu,0.01923,1985
deu,0.02052,1986
deu,0.02242,1987
deu,0.02205,1988
deu,0.01992,1989
deu,0.01894,1990
deu,0.01607,1991
deu,0.01863,1992
deu,0.019,1993
deu,0.02103,1994
deu,0.02286,1995
deu,0.02297,1996
deu,0.01813,1997
deu,0.01798,1998
deu,0.02052,1999
deu,0.02269,2000
deu,0.02373,2001
deu,0.02412,2002
deu,0.02008,2003
deu,0.02196,2004
deu,0.0204,2005
deu,0.02076,2006
deu,0.02178,2007
deu,0.02183,2008
deu,0.01947,2009
deu,0.02134,2010
deu,0.01923,2011
gha,0.02807,1971
gha,0.03115,1972
gha,0.03528,1973
gha,0.03618,1974
gha,0.03422,1975
gha,0.03547,1976
gha,0.03671,1977
gha,0.03058,1978
gha,0.03734,1979
gha,0.04153,1980
gha,0.04084,1981
gha,0.03655,1982
gha,0.0182,1983
gha,0.01241,1984
gha,0.01995,1985
gha,0.02835,1986
gha,0.02948,1987
gha,0.02951,1988
gha,0.03125,1989
gha,0.03325,1990
gha,0.03452,1991
gha,0.03626,1992
gha,0.03359,1993
gha,0.03159,1994
gha,0.03084,1995
gha,0.03268,1996
gha,0.03299,1997
gha,0.01801,1998
gha,0.02375,1999
gha,0.02966,2000
gha,0.02894,2001
gha,0.02153,2002
gha,0.01621,2003
gha,0.0215,2004
gha,0.02237,2005
gha,0.02179,2006
gha,0.01411,2007
gha,0.0229,2008
gha,0.02482,2009
gha,0.02466,2010
grc,0.0048,1960
grc,0.00596,1961
grc,0.00659,1962
grc,0.0086,1963
grc,0.00798,1964
grc,0.00805,1965
grc,0.0173,1966
grc,0.01651,1967
grc,0.01352,1968
grc,0.0202,1969
grc,0.02578,1970
grc,0.02581,1971
grc,0.02595,1972
grc,0.02145,1973
grc,0.0225,1974
grc,0.01915,1975
grc,0.01766,1976
grc,0.01782,1977
grc,0.02731,1978
grc,0.03216,1979
grc,0.03036,1980
grc,0.03011,1981
grc,0.03126,1982
grc,0.02043,1983
grc,0.02488,1984
grc,0.02428,1985
grc,0.02789,1986
grc,0.02389,1987
grc,0.02025,1988
grc,0.01618,1989
grc,0.01497,1990
grc,0.026,1991
grc,0.0183,1992
grc,0.01875,1993
grc,0.02113,1994
grc,0.02843,1995
grc,0.03476,1996
grc,0.03084,1997
grc,0.02936,1998
grc,0.0361,1999
grc,0.0289,2000
grc,0.01634,2001
grc,0.02174,2002
grc,0.03688,2003
grc,0.03604,2004
grc,0.03857,2005
grc,0.04495,2006
grc,0.01979,2007
grc,0.02522,2008
grc,0.0408,2009
grc,0.05647,2010
grc,0.02892,2011
gtm,0.00399,1971
gtm,0.00333,1972
gtm,0.00339,1973
gtm,0.00356,1974
gtm,0.00392,1975
gtm,0.00421,1976
gtm,0.00307,1977
gtm,0.00363,1978
gtm,0.00344,1979
gtm,0.00286,1980
gtm,0.00343,1981
gtm,0.00463,1982
gtm,0.00747,1983
gtm,0.00549,1984
gtm,0.00599,1985
gtm,0.01462,1986
gtm,0.01414,1987
gtm,0.01493,1988
gtm,0.01647,1989
gtm,0.01655,1990
gtm,0.01618,1991
gtm,0.01331,1992
gtm,0.01383,1993
gtm,0.01435,1994
gtm,0.0163,1995
gtm,0.0157,1996
gtm,0.01512,1997
gtm,0.01673,1998
gtm,0.01797,1999
gtm,0.0193,2000
gtm,0.01643,2001
gtm,0.01421,2002
gtm,0.01316,2003
gtm,0.02141,2004
gtm,0.02569,2005
gtm,0.02346,2006
gtm,0.02078,2007
gtm,0.02313,2008
gtm,0.01538,2009
gtm,0.01968,2010
hti,0.00048,1971
hti,0.00139,1972
hti,0.00146,1973
hti,0.00215,1974
hti,0.00288,1975
hti,0.00279,1976
hti,0.00248,1977
hti,0.003,1978
hti,0.003,1979
hti,0.00333,1980
hti,0.00368,1981
hti,0.00349,1982
hti,0.00278,1983
hti,0.00275,1984
hti,0.0029,1985
hti,0.00418,1986
hti,0.00411,1987
hti,0.00493,1988
hti,0.005,1989
hti,0.00551,1990
hti,0.00392,1991
hti,0.00372,1992
hti,0.00311,1993
hti,0.00259,1994
hti,0.00276,1995
hti,0.00291,1996
hti,0.0021,1997
hti,0.00315,1998
hti,0.0041,1999
hti,0.00281,2000
hti,0.00277,2001
hti,0.0025,2002
hti,0.00242,2003
hti,0.00243,2004
hti,0.00244,2005
hti,0.00246,2006
hti,0.00138,2007
hti,0.0016,2008
hti,0.0018,2009
hti,0.00152,2010
hnd,0.00753,1971
hnd,0.0092,1972
hnd,0.01056,1973
hnd,0.01142,1974
hnd,0.01164,1975
hnd,0.01161,1976
hnd,0.01222,1977
hnd,0.01633,1978
hnd,0.01812,1979
hnd,0.01854,1980
hnd,0.01887,1981
hnd,0.01885,1982
hnd,0.01796,1983
hnd,0.01833,1984
hnd,0.02655,1985
hnd,0.0282,1986
hnd,0.03349,1987
hnd,0.03538,1988
hnd,0.03607,1989
hnd,0.04008,1990
hnd,0.03955,1991
hnd,0.03649,1992
hnd,0.03661,1993
hnd,0.02872,1994
hnd,0.0258,1995
hnd,0.03072,1996
hnd,0.03072,1997
hnd,0.02773,1998
hnd,0.03014,1999
hnd,0.03125,2000
hnd,0.02579,2001
hnd,0.02138,2002
hnd,0.02265,2003
hnd,0.01786,2004
hnd,0.02147,2005
hnd,0.02536,2006
hnd,0.02659,2007
hnd,0.02697,2008
hnd,0.03228,2009
hnd,0.03355,2010
hun,0.00064,1965
hun,0.00085,1966
hun,0.00069,1967
hun,0.00075,1968
hun,0.00079,1969
hun,0.00073,1970
hun,0.0008,1971
hun,0.00091,1972
hun,0.00083,1973
hun,0.00066,1974
hun,0.00133,1975
hun,0.00134,1976
hun,0.00121,1977
hun,0.00111,1978
hun,0.00118,1979
hun,0.0009,1980
hun,0.00135,1981
hun,0.00128,1982
hun,0.00125,1983
hun,0.00147,1984
hun,0.00126,1985
hun,0.00126,1986
hun,0.00139,1987
hun,0.00139,1988
hun,0.00131,1989
hun,0.00147,1990
hun,0.00161,1991
hun,0.00131,1992
hun,0.00138,1993
hun,0.00134,1994
hun,0.00136,1995
hun,0.00173,1996
hun,0.0018,1997
hun,0.0013,1998
hun,0.00152,1999
hun,0.0015,2000
hun,0.00157,2001
hun,0.00164,2002
hun,0.00145,2003
hun,0.00174,2004
hun,0.00172,2005
hun,0.00159,2006
hun,0.0018,2007
hun,0.00183,2008
hun,0.00196,2009
hun,0.00162,2010
hun,0.00192,2011
isl,0.257,1960
isl,0.2774,1961
isl,0.2803,1962
isl,0.292,1963
isl,0.2982,1964
isl,0.2884,1965
isl,0.2784,1966
isl,0.292,1967
isl,0.2982,1968
isl,0.3685,1969
isl,0.6029,1970
isl,0.6481,1971
isl,0.7068,1972
isl,0.8923,1973
isl,0.9118,1974
isl,0.8802,1975
isl,0.9264,1976
isl,0.9851,1977
isl,1.011,1978
isl,1.084,1979
isl,1.163,1980
isl,1.164,1981
isl,1.271,1982
isl,1.323,1983
isl,1.362,1984
isl,1.319,1985
isl,1.368,1986
isl,1.378,1987
isl,1.451,1988
isl,1.452,1989
isl,1.419,1990
isl,1.405,1991
isl,1.426,1992
isl,1.464,1993
isl,1.465,1994
isl,1.505,1995
isl,1.519,1996
isl,1.641,1997
isl,1.754,1998
isl,1.868,1999
isl,1.943,2000
isl,1.992,2001
isl,2.092,2002
isl,2.104,2003
isl,2.094,2004
isl,2.034,2005
isl,2.083,2006
isl,2.361,2007
isl,3.439,2008
isl,3.346,2009
isl,3.382,2010
isl,3.315,2011
ind,0.00425,1971
ind,0.00403,1972
ind,0.0042,1973
ind,0.00395,1974
ind,0.0046,1975
ind,0.0047,1976
ind,0.00501,1977
ind,0.00607,1978
ind,0.00572,1979
ind,0.00572,1980
ind,0.00595,1981
ind,0.00568,1982
ind,0.00573,1983
ind,0.00605,1984
ind,0.00559,1985
ind,0.00577,1986
ind,0.00498,1987
ind,0.00594,1988
ind,0.00624,1989
ind,0.00705,1990
ind,0.00702,1991
ind,0.0066,1992
ind,0.00653,1993
ind,0.00752,1994
ind,0.00647,1995
ind,0.00603,1996
ind,0.00642,1997
ind,0.00701,1998
ind,0.00671,1999
ind,0.00607,2000
ind,0.00592,2001
ind,0.00506,2002
ind,0.00586,2003
ind,0.00649,2004
ind,0.00767,2005
ind,0.00845,2006
ind,0.00883,2007
ind,0.00796,2008
ind,0.00742,2009
ind,0.00803,2010
idn,0.00055,1971
idn,0.00046,1972
idn,0.00069,1973
idn,0.00072,1974
idn,0.00076,1975
idn,0.00068,1976
idn,0.00068,1977
idn,0.00083,1978
idn,0.00084,1979
idn,0.00077,1980
idn,0.00091,1981
idn,0.00072,1982
idn,0.00097,1983
idn,0.00111,1984
idn,0.00153,1985
idn,0.00252,1986
idn,0.00219,1987
idn,0.00255,1988
idn,0.00317,1989
idn,0.00266,1990
idn,0.00304,1991
idn,0.00398,1992
idn,0.0035,1993
idn,0.00267,1994
idn,0.00325,1995
idn,0.00347,1996
idn,0.00214,1997
idn,0.004,1998
idn,0.00384,1999
idn,0.00404,2000
idn,0.00464,2001
idn,0.0039,2002
idn,0.00353,2003
idn,0.0037,2004
idn,0.00406,2005
idn,0.0036,2006
idn,0.00417,2007
idn,0.00422,2008
idn,0.00412,2009
idn,0.00634,2010
irn,0.00783,1971
irn,0.01005,1972
irn,0.00788,1973
irn,0.00923,1974
irn,0.00903,1975
irn,0.01012,1976
irn,0.01039,1977
irn,0.01493,1978
irn,0.01251,1979
irn,0.01253,1980
irn,0.01339,1981
irn,0.01335,1982
irn,0.01237,1983
irn,0.01104,1984
irn,0.01026,1985
irn,0.01339,1986
irn,0.01441,1987
irn,0.01213,1988
irn,0.0121,1989
irn,0.00953,1990
irn,0.01082,1991
irn,0.01436,1992
irn,0.01458,1993
irn,0.01089,1994
irn,0.01049,1995
irn,0.01045,1996
irn,0.00962,1997
irn,0.00959,1998
irn,0.00661,1999
irn,0.0048,2000
irn,0.00656,2001
irn,0.0103,2002
irn,0.01402,2003
irn,0.01326,2004
irn,0.01985,2005
irn,0.02225,2006
irn,0.02165,2007
irn,0.00595,2008
irn,0.0085,2009
irn,0.01107,2010
irq,0.00166,1971
irq,0.00161,1972
irq,0.00226,1973
irq,0.00301,1974
irq,0.00336,1975
irq,0.00324,1976
irq,0.00387,1977
irq,0.00469,1978
irq,0.00664,1979
irq,0.00432,1980
irq,0.00372,1981
irq,0.00357,1982
irq,0.00349,1983
irq,0.00347,1984
irq,0.00339,1985
irq,0.00326,1986
irq,0.01383,1987
irq,0.01353,1988
irq,0.01321,1989
irq,0.01287,1990
irq,0.00433,1991
irq,0.00327,1992
irq,0.00271,1993
irq,0.00245,1994
irq,0.00242,1995
irq,0.00234,1996
irq,0.0023,1997
irq,0.00228,1998
irq,0.00225,1999
irq,0.0022,2000
irq,0.00216,2001
irq,0.00176,2002
irq,0.00144,2003
irq,0.00159,2004
irq,0.01886,2005
irq,0.01863,2006
irq,0.01703,2007
irq,0.01005,2008
irq,0.00903,2009
irq,0.01294,2010
irl,0.02833,1960
irl,0.02243,1961
irl,0.01999,1962
irl,0.01978,1963
irl,0.02356,1964
irl,0.02815,1965
irl,0.02537,1966
irl,0.02363,1967
irl,0.02274,1968
irl,0.01708,1969
irl,0.02327,1970
irl,0.01337,1971
irl,0.0193,1972
irl,0.01795,1973
irl,0.02156,1974
irl,0.01407,1975
irl,0.01579,1976
irl,0.01961,1977
irl,0.01801,1978
irl,0.02103,1979
irl,0.02108,1980
irl,0.02147,1981
irl,0.0198,1982
irl,0.01923,1983
irl,0.01679,1984
irl,0.02027,1985
irl,0.02233,1986
irl,0.01655,1987
irl,0.02122,1988
irl,0.01685,1989
irl,0.01697,1990
irl,0.01813,1991
irl,0.01979,1992
irl,0.01845,1993
irl,0.02206,1994
irl,0.01698,1995
irl,0.01706,1996
irl,0.01589,1997
irl,0.02125,1998
irl,0.01939,1999
irl,0.01912,2000
irl,0.01326,2001
irl,0.01992,2002
irl,0.01282,2003
irl,0.01326,2004
irl,0.01305,2005
irl,0.01473,2006
irl,0.01336,2007
irl,0.01914,2008
irl,0.01758,2009
irl,0.01152,2010
irl,0.01343,2011
isr,0.00005,1981
isr,0.00004,1982
isr,0.00002,1983
isr,0.00004,1984
isr,0.00004,1985
isr,0.00012,1986
isr,0.0002,1987
isr,0.0002,1988
isr,0.00006,1989
isr,0.00006,1990
isr,0.00011,1991
isr,0.00052,1992
isr,0.00045,1993
isr,0.00038,1994
isr,0.0004,1995
isr,0.00038,1996
isr,0.00038,1997
isr,0.00037,1998
isr,0.00048,1999
isr,0.00044,2000
isr,0.00014,2001
isr,0.00029,2002
isr,0.00042,2003
isr,0.00037,2004
isr,0.00036,2005
isr,0.00019,2006
isr,0.00017,2007
isr,0.00019,2008
isr,0.00026,2009
isr,0.00034,2010
isr,0.00032,2011
ita,0.07962,1960
ita,0.07196,1961
ita,0.06668,1962
ita,0.07774,1963
ita,0.06567,1964
ita,0.07125,1965
ita,0.07252,1966
ita,0.06972,1967
ita,0.06978,1968
ita,0.06684,1969
ita,0.0651,1970
ita,0.06257,1971
ita,0.06575,1972
ita,0.05927,1973
ita,0.05933,1974
ita,0.06402,1975
ita,0.06083,1976
ita,0.07905,1977
ita,0.07004,1978
ita,0.07049,1979
ita,0.0692,1980
ita,0.06564,1981
ita,0.06309,1982
ita,0.06294,1983
ita,0.06429,1984
ita,0.06224,1985
ita,0.0622,1986
ita,0.05978,1987
ita,0.06155,1988
ita,0.05153,1989
ita,0.04785,1990
ita,0.06388,1991
ita,0.06378,1992
ita,0.06256,1993
ita,0.06741,1994
ita,0.05703,1995
ita,0.06348,1996
ita,0.06288,1997
ita,0.06234,1998
ita,0.06859,1999
ita,0.0667,2000
ita,0.07037,2001
ita,0.0591,2002
ita,0.05449,2003
ita,0.06248,2004
ita,0.05286,2005
ita,0.05384,2006
ita,0.04743,2007
ita,0.05976,2008
ita,0.07013,2009
ita,0.07259,2010
ita,0.06556,2011
jam,0.00571,1971
jam,0.0063,1972
jam,0.00435,1973
jam,0.00529,1974
jam,0.0056,1975
jam,0.00464,1976
jam,0.00455,1977
jam,0.00475,1978
jam,0.0047,1979
jam,0.00484,1980
jam,0.00496,1981
jam,0.00528,1982
jam,0.00577,1983
jam,0.00568,1984
jam,0.00561,1985
jam,0.00557,1986
jam,0.00461,1987
jam,0.00371,1988
jam,0.00464,1989
jam,0.0032,1990
jam,0.00347,1991
jam,0.00312,1992
jam,0.00256,1993
jam,0.00314,1994
jam,0.00335,1995
jam,0.00353,1996
jam,0.00377,1997
jam,0.00387,1998
jam,0.0039,1999
jam,0.00383,2000
jam,0.00198,2001
jam,0.00308,2002
jam,0.0038,2003
jam,0.00432,2004
jam,0.00487,2005
jam,0.00529,2006
jam,0.00508,2007
jam,0.00499,2008
jam,0.00441,2009
jam,0.00477,2010
jpn,0.05438,1960
jpn,0.06263,1961
jpn,0.05692,1962
jpn,0.06228,1963
jpn,0.06143,1964
jpn,0.06719,1965
jpn,0.06927,1966
jpn,0.05911,1967
jpn,0.06254,1968
jpn,0.06332,1969
jpn,0.06251,1970
jpn,0.06886,1971
jpn,0.06863,1972
jpn,0.05312,1973
jpn,0.06493,1974
jpn,0.06472,1975
jpn,0.06418,1976
jpn,0.05549,1977
jpn,0.05281,1978
jpn,0.06037,1979
jpn,0.06549,1980
jpn,0.06447,1981
jpn,0.05961,1982
jpn,0.06112,1983
jpn,0.05161,1984
jpn,0.05939,1985
jpn,0.05764,1986
jpn,0.05313,1987
jpn,0.06393,1988
jpn,0.06475,1989
jpn,0.06281,1990
jpn,0.06832,1991
jpn,0.05762,1992
jpn,0.06647,1993
jpn,0.04661,1994
jpn,0.05672,1995
jpn,0.05547,1996
jpn,0.06173,1997
jpn,0.06347,1998
jpn,0.05919,1999
jpn,0.05968,2000
jpn,0.05748,2001
jpn,0.05619,2002
jpn,0.06447,2003
jpn,0.06404,2004
jpn,0.05202,2005
jpn,0.05951,2006
jpn,0.0503,2007
jpn,0.05194,2008
jpn,0.05225,2009
jpn,0.05587,2010
jpn,0.05664,2011
jor,0.00009,1986
jor,0.00054,1987
jor,0.00074,1988
jor,0.00045,1989
jor,0.00028,1990
jor,0.00017,1991
jor,0.00034,1992
jor,0.00047,1993
jor,0.00029,1994
jor,0.00035,1995
jor,0.00042,1996
jor,0.00032,1997
jor,0.00024,1998
jor,0.00025,1999
jor,0.00069,2000
jor,0.00075,2001
jor,0.00091,2002
jor,0.00069,2003
jor,0.00087,2004
jor,0.00092,2005
jor,0.0008,2006
jor,0.00093,2007
jor,0.00091,2008
jor,0.00084,2009
jor,0.00085,2010
kaz,0.03832,1990
kaz,0.03749,1991
kaz,0.03593,1992
kaz,0.04026,1993
kaz,0.04896,1994
kaz,0.04498,1995
kaz,0.04012,1996
kaz,0.03609,1997
kaz,0.03459,1998
kaz,0.03496,1999
kaz,0.04329,2000
kaz,0.04664,2001
kaz,0.0513,2002
kaz,0.04958,2003
kaz,0.04602,2004
kaz,0.04452,2005
kaz,0.04362,2006
kaz,0.0454,2007
kaz,0.04097,2008
kaz,0.03734,2009
kaz,0.04304,2010
ken,0.0025,1971
ken,0.00285,1972
ken,0.0028,1973
ken,0.00362,1974
ken,0.00414,1975
ken,0.00358,1976
ken,0.00443,1977
ken,0.00612,1978
ken,0.00718,1979
ken,0.0056,1980
ken,0.00722,1981
ken,0.00731,1982
ken,0.0082,1983
ken,0.00783,1984
ken,0.00882,1985
ken,0.00709,1986
ken,0.00777,1987
ken,0.00912,1988
ken,0.00937,1989
ken,0.00908,1990
ken,0.00983,1991
ken,0.0096,1992
ken,0.00996,1993
ken,0.0099,1994
ken,0.00992,1995
ken,0.01023,1996
ken,0.00968,1997
ken,0.00948,1998
ken,0.00687,1999
ken,0.00364,2000
ken,0.00644,2001
ken,0.00814,2002
ken,0.00829,2003
ken,0.00711,2004
ken,0.00731,2005
ken,0.00771,2006
ken,0.008,2007
ken,0.00637,2008
ken,0.00473,2009
ken,0.00727,2010
prk,0.05379,1971
prk,0.0533,1972
prk,0.05289,1973
prk,0.05259,1974
prk,0.05243,1975
prk,0.05241,1976
prk,0.05251,1977
prk,0.05266,1978
prk,0.0528,1979
prk,0.05287,1980
prk,0.05284,1981
prk,0.05274,1982
prk,0.0526,1983
prk,0.05246,1984
prk,0.05649,1985
prk,0.05881,1986
prk,0.06065,1987
prk,0.06595,1988
prk,0.065,1989
prk,0.06659,1990
prk,0.06302,1991
prk,0.05869,1992
prk,0.05408,1993
prk,0.05526,1994
prk,0.05608,1995
prk,0.04877,1996
prk,0.0413,1997
prk,0.03899,1998
prk,0.03902,1999
prk,0.03831,2000
prk,0.03948,2001
prk,0.03925,2002
prk,0.043,2003
prk,0.04555,2004
prk,0.04755,2005
prk,0.04544,2006
prk,0.04756,2007
prk,0.05014,2008
prk,0.04422,2009
prk,0.04735,2010
kor,0.00354,1971
kor,0.00359,1972
kor,0.0033,1973
kor,0.00481,1974
kor,0.00417,1975
kor,0.00436,1976
kor,0.00334,1977
kor,0.00428,1978
kor,0.00543,1979
kor,0.00455,1980
kor,0.00612,1981
kor,0.00446,1982
kor,0.00596,1983
kor,0.00517,1984
kor,0.00777,1985
kor,0.00842,1986
kor,0.01105,1987
kor,0.00728,1988
kor,0.00927,1989
kor,0.01273,1990
kor,0.00691,1991
kor,0.00609,1992
kor,0.00825,1993
kor,0.00455,1994
kor,0.00531,1995
kor,0.00464,1996
kor,0.00535,1997
kor,0.00809,1998
kor,0.00782,1999
kor,0.0075,2000
kor,0.00772,2001
kor,0.00599,2002
kor,0.00904,2003
kor,0.00795,2004
kor,0.00671,2005
kor,0.00631,2006
kor,0.00657,2007
kor,0.00553,2008
kor,0.00504,2009
kor,0.00657,2010
kor,0.00839,2011
kos,0.00171,2000
kos,0.00174,2001
kos,0.00178,2002
kos,0.00181,2003
kos,0.00399,2004
kos,0.00398,2005
kos,0.00359,2006
kos,0.00334,2007
kos,0.0027,2008
kgz,0.1954,1990
kgz,0.1947,1991
kgz,0.1767,1992
kgz,0.1733,1993
kgz,0.2219,1994
kgz,0.2082,1995
kgz,0.2262,1996
kgz,0.1984,1997
kgz,0.1772,1998
kgz,0.2131,1999
kgz,0.2374,2000
kgz,0.2143,2001
kgz,0.1854,2002
kgz,0.232,2003
kgz,0.2415,2004
kgz,0.2431,2005
kgz,0.2518,2006
kgz,0.2334,2007
kgz,0.1775,2008
kgz,0.1617,2009
kgz,0.1665,2010
lva,0.1451,1990
lva,0.1064,1991
lva,0.08297,1992
lva,0.09618,1993
lva,0.1124,1994
lva,0.1013,1995
lva,0.06494,1996
lva,0.1041,1997
lva,0.1534,1998
lva,0.09867,1999
lva,0.1016,2000
lva,0.1029,2001
lva,0.09014,2002
lva,0.08347,2003
lva,0.1153,2004
lva,0.124,2005
lva,0.1012,2006
lva,0.103,2007
lva,0.1177,2008
lva,0.1314,2009
lva,0.1344,2010
lbn,0.02853,1971
lbn,0.02671,1972
lbn,0.01542,1973
lbn,0.02589,1974
lbn,0.02488,1975
lbn,0.02467,1976
lbn,0.0246,1977
lbn,0.02462,1978
lbn,0.02618,1979
lbn,0.02615,1980
lbn,0.02603,1981
lbn,0.01976,1982
lbn,0.01689,1983
lbn,0.01751,1984
lbn,0.01743,1985
lbn,0.01667,1986
lbn,0.01818,1987
lbn,0.01788,1988
lbn,0.01481,1989
lbn,0.01458,1990
lbn,0.01591,1991
lbn,0.01977,1992
lbn,0.01873,1993
lbn,0.02088,1994
lbn,0.0178,1995
lbn,0.01939,1996
lbn,0.02154,1997
lbn,0.01852,1998
lbn,0.00774,1999
lbn,0.01032,2000
lbn,0.00753,2001
lbn,0.01507,2002
lbn,0.02978,2003
lbn,0.02409,2004
lbn,0.02219,2005
lbn,0.01458,2006
lbn,0.01217,2007
lbn,0.0077,2008
lbn,0.01274,2009
lbn,0.01706,2010
ltu,0.00963,1990
ltu,0.00786,1991
ltu,0.00725,1992
ltu,0.0092,1993
ltu,0.01064,1994
ltu,0.00884,1995
ltu,0.00778,1996
ltu,0.00711,1997
ltu,0.0101,1998
ltu,0.01013,1999
ltu,0.00835,2000
ltu,0.00806,2001
ltu,0.00879,2002
ltu,0.00811,2003
ltu,0.01055,2004
ltu,0.01135,2005
ltu,0.01005,2006
ltu,0.01071,2007
ltu,0.01029,2008
ltu,0.01091,2009
ltu,0.01397,2010
lux,0.00548,1960
lux,0.01545,1961
lux,0.01205,1962
lux,0.00053,1963
lux,0.01963,1964
lux,0.02568,1965
lux,0.02321,1966
lux,0.02492,1967
lux,0.02511,1968
lux,0.02169,1969
lux,0.02434,1970
lux,0.01381,1971
lux,0.01612,1972
lux,0.0115,1973
lux,0.02007,1974
lux,0.01701,1975
lux,0.01095,1976
lux,0.0192,1977
lux,0.01869,1978
lux,0.02151,1979
lux,0.02314,1980
lux,0.02548,1981
lux,0.0224,1982
lux,0.02168,1983
lux,0.02164,1984
lux,0.0204,1985
lux,0.02334,1986
lux,0.02574,1987
lux,0.02531,1988
lux,0.01938,1989
lux,0.01579,1990
lux,0.01872,1991
lux,0.0154,1992
lux,0.01454,1993
lux,0.0184,1994
lux,0.01857,1995
lux,0.01248,1996
lux,0.01702,1997
lux,0.02325,1998
lux,0.01697,1999
lux,0.02448,2000
lux,0.02309,2001
lux,0.01922,2002
lux,0.01522,2003
lux,0.01983,2004
lux,0.01768,2005
lux,0.0205,2006
lux,0.02115,2007
lux,0.02332,2008
lux,0.01832,2009
lux,0.0183,2010
lux,0.01017,2011
mkd,0.02211,1990
mkd,0.03792,1991
mkd,0.0377,1992
mkd,0.02308,1993
mkd,0.03059,1994
mkd,0.03508,1995
mkd,0.03704,1996
mkd,0.03902,1997
mkd,0.04674,1998
mkd,0.05968,1999
mkd,0.05007,2000
mkd,0.0267,2001
mkd,0.03219,2002
mkd,0.05826,2003
mkd,0.06268,2004
mkd,0.06295,2005
mkd,0.06944,2006
mkd,0.04241,2007
mkd,0.03519,2008
mkd,0.05309,2009
mkd,0.1014,2010
mys,0.00804,1971
mys,0.00866,1972
mys,0.00811,1973
mys,0.00719,1974
mys,0.00702,1975
mys,0.00647,1976
mys,0.00513,1977
mys,0.00584,1978
mys,0.00696,1979
mys,0.00868,1980
mys,0.00938,1981
mys,0.0088,1982
mys,0.00998,1983
mys,0.01917,1984
mys,0.02036,1985
mys,0.02164,1986
mys,0.02532,1987
mys,0.02837,1988
mys,0.02547,1989
mys,0.01884,1990
mys,0.02026,1991
mys,0.01953,1992
mys,0.02127,1993
mys,0.02776,1994
mys,0.02582,1995
mys,0.02099,1996
mys,0.01529,1997
mys,0.0187,1998
mys,0.02829,1999
mys,0.02558,2000
mys,0.02532,2001
mys,0.0186,2002
mys,0.01734,2003
mys,0.01959,2004
mys,0.0171,2005
mys,0.02083,2006
mys,0.02063,2007
mys,0.02333,2008
mys,0.02141,2009
mys,0.01959,2010
mex,0.02314,1971
mex,0.02397,1972
mex,0.02452,1973
mex,0.02456,1974
mex,0.0216,1975
mex,0.02386,1976
mex,0.0259,1977
mex,0.02135,1978
mex,0.02303,1979
mex,0.02111,1980
mex,0.03008,1981
mex,0.02741,1982
mex,0.02435,1983
mex,0.02717,1984
mex,0.02962,1985
mex,0.02214,1986
mex,0.01987,1987
mex,0.02213,1988
mex,0.02531,1989
mex,0.02395,1990
mex,0.02187,1991
mex,0.02571,1992
mex,0.02531,1993
mex,0.01901,1994
mex,0.02565,1995
mex,0.0288,1996
mex,0.02381,1997
mex,0.02183,1998
mex,0.02861,1999
mex,0.0285,2000
mex,0.02419,2001
mex,0.0209,2002
mex,0.01645,2003
mex,0.02061,2004
mex,0.02233,2005
mex,0.02424,2006
mex,0.02147,2007
mex,0.03045,2008
mex,0.0205,2009
mex,0.02814,2010
mex,0.02681,2011
mda,0.00506,1990
mda,0.00686,1991
mda,0.00509,1992
mda,0.00737,1993
mda,0.00548,1994
mda,0.00642,1995
mda,0.00731,1996
mda,0.00769,1997
mda,0.00171,1998
mda,0.00188,1999
mda,0.00121,2000
mda,0.00155,2001
mda,0.00262,2002
mda,0.00141,2003
mda,0.00133,2004
mda,0.00144,2005
mda,0.00178,2006
mda,0.00077,2007
mda,0.00194,2008
mda,0.00131,2009
mda,0.0019,2010
mne,0.256,2005
mne,0.24,2006
mne,0.1758,2007
mne,0.2103,2008
mne,0.2825,2009
mne,0.3744,2010
mar,0.00832,1971
mar,0.00852,1972
mar,0.00621,1973
mar,0.00681,1974
mar,0.00505,1975
mar,0.00484,1976
mar,0.00646,1977
mar,0.00654,1978
mar,0.00713,1979
mar,0.00666,1980
mar,0.00438,1981
mar,0.00238,1982
mar,0.00195,1983
mar,0.00145,1984
mar,0.00187,1985
mar,0.00242,1986
mar,0.00304,1987
mar,0.00338,1988
mar,0.00409,1989
mar,0.00423,1990
mar,0.00418,1991
mar,0.00323,1992
mar,0.00146,1993
mar,0.00272,1994
mar,0.00195,1995
mar,0.00616,1996
mar,0.00646,1997
mar,0.00544,1998
mar,0.00249,1999
mar,0.00214,2000
mar,0.00257,2001
mar,0.00248,2002
mar,0.00421,2003
mar,0.0046,2004
mar,0.00277,2005
mar,0.0028,2006
mar,0.00254,2007
mar,0.00255,2008
mar,0.00698,2009
mar,0.00933,2010
moz,0.00199,1971
moz,0.00185,1972
moz,0.00162,1973
moz,0.00555,1974
moz,0.00423,1975
moz,0.00482,1976
moz,0.00478,1977
moz,0.006,1978
moz,0.00309,1979
moz,0.00213,1980
moz,0.00039,1981
moz,0.00171,1982
moz,0.00156,1983
moz,0.00159,1984
moz,0.00242,1985
moz,0.00111,1986
moz,0.00116,1987
moz,0.00107,1988
moz,0.00183,1989
moz,0.0018,1990
moz,0.002,1991
moz,0.00195,1992
moz,0.00199,1993
moz,0.00204,1994
moz,0.00204,1995
moz,0.00235,1996
moz,0.00498,1997
moz,0.03399,1998
moz,0.03726,1999
moz,0.0456,2000
moz,0.05447,2001
moz,0.05676,2002
moz,0.04739,2003
moz,0.04955,2004
moz,0.05491,2005
moz,0.05944,2006
moz,0.06332,2007
moz,0.05819,2008
moz,0.06376,2009
moz,0.06119,2010
mmr,0.00153,1971
mmr,0.00171,1972
mmr,0.00176,1973
mmr,0.00169,1974
mmr,0.00165,1975
mmr,0.00182,1976
mmr,0.002,1977
mmr,0.00201,1978
mmr,0.00206,1979
mmr,0.00208,1980
mmr,0.00221,1981
mmr,0.00233,1982
mmr,0.00245,1983
mmr,0.00245,1984
mmr,0.00239,1985
mmr,0.00244,1986
mmr,0.00235,1987
mmr,0.00211,1988
mmr,0.00276,1989
mmr,0.00261,1990
mmr,0.00267,1991
mmr,0.00323,1992
mmr,0.00358,1993
mmr,0.00334,1994
mmr,0.00331,1995
mmr,0.00332,1996
mmr,0.00334,1997
mmr,0.00186,1998
mmr,0.00201,1999
mmr,0.00362,2000
mmr,0.00346,2001
mmr,0.00398,2002
mmr,0.00389,2003
mmr,0.00449,2004
mmr,0.00556,2005
mmr,0.00613,2006
mmr,0.00663,2007
mmr,0.00741,2008
mmr,0.00949,2009
mmr,0.00915,2010
nam,0.07758,1991
nam,0.06532,1992
nam,0.05337,1993
nam,0.03603,1994
nam,0.05905,1995
nam,0.04317,1996
nam,0.02994,1997
nam,0.04732,1998
nam,0.0543,1999
nam,0.05987,2000
nam,0.06163,2001
nam,0.05995,2002
nam,0.06649,2003
nam,0.06678,2004
nam,0.06416,2005
nam,0.05621,2006
nam,0.06229,2007
nam,0.05529,2008
nam,0.0548,2009
nam,0.0476,2010
npl,0.00047,1971
npl,0.00058,1972
npl,0.00055,1973
npl,0.00063,1974
npl,0.00048,1975
npl,0.00081,1976
npl,0.00085,1977
npl,0.00092,1978
npl,0.00099,1979
npl,0.00116,1980
npl,0.00136,1981
npl,0.00174,1982
npl,0.00189,1983
npl,0.00199,1984
npl,0.00217,1985
npl,0.00268,1986
npl,0.0027,1987
npl,0.00266,1988
npl,0.0033,1989
npl,0.00395,1990
npl,0.00396,1991
npl,0.0036,1992
npl,0.00364,1993
npl,0.00379,1994
npl,0.00462,1995
npl,0.00459,1996
npl,0.00402,1997
npl,0.00418,1998
npl,0.00509,1999
npl,0.00575,2000
npl,0.00636,2001
npl,0.00713,2002
npl,0.00744,2003
npl,0.00774,2004
npl,0.00793,2005
npl,0.00845,2006
npl,0.00843,2007
npl,0.00834,2008
npl,0.00906,2009
npl,0.0092,2010
nld,0.00002,1985
nld,0.00002,1986
nld,0.00001,1987
nld,0.00001,1988
nld,0.00021,1989
nld,0.00049,1990
nld,0.0006,1991
nld,0.00068,1992
nld,0.00052,1993
nld,0.00056,1994
nld,0.00049,1995
nld,0.00044,1996
nld,0.00051,1997
nld,0.00061,1998
nld,0.00049,1999
nld,0.00077,2000
nld,0.00063,2001
nld,0.00059,2002
nld,0.00038,2003
nld,0.0005,2004
nld,0.00046,2005
nld,0.00056,2006
nld,0.00056,2007
nld,0.00053,2008
nld,0.00051,2009
nld,0.00054,2010
nld,0.00029,2011
nzl,0.2017,1960
nzl,0.2132,1961
nzl,0.2377,1962
nzl,0.2351,1963
nzl,0.2607,1964
nzl,0.2839,1965
nzl,0.3043,1966
nzl,0.3202,1967
nzl,0.3286,1968
nzl,0.3188,1969
nzl,0.3471,1970
nzl,0.3927,1971
nzl,0.4188,1972
nzl,0.4117,1973
nzl,0.4012,1974
nzl,0.4706,1975
nzl,0.4128,1976
nzl,0.4018,1977
nzl,0.4454,1978
nzl,0.5125,1979
nzl,0.5171,1980
nzl,0.5308,1981
nzl,0.485,1982
nzl,0.54,1983
nzl,0.533,1984
nzl,0.5184,1985
nzl,0.5693,1986
nzl,0.5734,1987
nzl,0.5976,1988
nzl,0.567,1989
nzl,0.5866,1990
nzl,0.5712,1991
nzl,0.5177,1992
nzl,0.5667,1993
nzl,0.613,1994
nzl,0.6442,1995
nzl,0.6056,1996
nzl,0.5329,1997
nzl,0.5753,1998
nzl,0.5162,1999
nzl,0.5445,2000
nzl,0.4771,2001
nzl,0.5398,2002
nzl,0.5051,2003
nzl,0.5676,2004
nzl,0.4851,2005
nzl,0.4843,2006
nzl,0.4802,2007
nzl,0.4489,2008
nzl,0.4818,2009
nzl,0.4865,2010
nzl,0.4885,2011
nic,0.00706,1971
nic,0.01241,1972
nic,0.01214,1973
nic,0.01295,1974
nic,0.01259,1975
nic,0.01313,1976
nic,0.00782,1977
nic,0.00913,1978
nic,0.01204,1979
nic,0.01363,1980
nic,0.01277,1981
nic,0.01066,1982
nic,0.00616,1983
nic,0.0056,1984
nic,0.00614,1985
nic,0.00666,1986
nic,0.00893,1987
nic,0.00844,1988
nic,0.01142,1989
nic,0.00841,1990
nic,0.00687,1991
nic,0.00511,1992
nic,0.00937,1993
nic,0.00726,1994
nic,0.00755,1995
nic,0.00783,1996
nic,0.00725,1997
nic,0.00518,1998
nic,0.00677,1999
nic,0.00356,2000
nic,0.00329,2001
nic,0.00499,2002
nic,0.00483,2003
nic,0.00515,2004
nic,0.00686,2005
nic,0.00482,2006
nic,0.00473,2007
nic,0.00815,2008
nic,0.00447,2009
nic,0.00749,2010
nga,0.0023,1971
nga,0.00207,1972
nga,0.00259,1973
nga,0.0027,1974
nga,0.00316,1975
nga,0.00373,1976
nga,0.00359,1977
nga,0.0028,1978
nga,0.00387,1979
nga,0.00317,1980
nga,0.00265,1981
nga,0.00267,1982
nga,0.0021,1983
nga,0.00274,1984
nga,0.0031,1985
nga,0.00354,1986
nga,0.00313,1987
nga,0.00372,1988
nga,0.00374,1989
nga,0.00387,1990
nga,0.0051,1991
nga,0.00509,1992
nga,0.00457,1993
nga,0.00445,1994
nga,0.0043,1995
nga,0.0042,1996
nga,0.00417,1997
nga,0.00421,1998
nga,0.00438,1999
nga,0.00391,2000
nga,0.00401,2001
nga,0.00545,2002
nga,0.00481,2003
nga,0.00511,2004
nga,0.00478,2005
nga,0.00376,2006
nga,0.00364,2007
nga,0.00327,2008
nga,0.00252,2009
nga,0.00346,2010
nor,0.7497,1960
nor,0.8032,1961
nor,0.8982,1962
nor,0.9327,1963
nor,1.031,1964
nor,1.142,1965
nor,1.117,1966
nor,1.211,1967
nor,1.357,1968
nor,1.282,1969
nor,1.282,1970
nor,1.392,1971
nor,1.473,1972
nor,1.582,1973
nor,1.653,1974
nor,1.659,1975
nor,1.75,1976
nor,1.532,1977
nor,1.71,1978
nor,1.873,1979
nor,1.76,1980
nor,1.948,1981
nor,1.934,1982
nor,2.203,1983
nor,2.201,1984
nor,2.12,1985
nor,1.985,1986
nor,2.122,1987
nor,2.227,1988
nor,2.412,1989
nor,2.456,1990
nor,2.221,1991
nor,2.341,1992
nor,2.379,1993
nor,2.215,1994
nor,2.397,1995
nor,2.037,1996
nor,2.139,1997
nor,2.241,1998
nor,2.339,1999
nor,2.715,2000
nor,2.295,2001
nor,2.453,2002
nor,1.99,2003
nor,2.039,2004
nor,2.524,2005
nor,2.198,2006
nor,2.434,2007
nor,2.502,2008
nor,2.228,2009
nor,2.07,2010
nor,2.109,2011
pak,0.00518,1971
pak,0.00504,1972
pak,0.0058,1973
pak,0.00536,1974
pak,0.00547,1975
pak,0.00662,1976
pak,0.00611,1977
pak,0.0085,1978
pak,0.00909,1979
pak,0.00931,1980
pak,0.00934,1981
pak,0.0095,1982
pak,0.01096,1983
pak,0.01195,1984
pak,0.01102,1985
pak,0.01202,1986
pak,0.01285,1987
pak,0.01362,1988
pak,0.01343,1989
pak,0.01301,1990
pak,0.01369,1991
pak,0.01538,1992
pak,0.01381,1993
pak,0.01583,1994
pak,0.01567,1995
pak,0.01372,1996
pak,0.01413,1997
pak,0.01401,1998
pak,0.01174,1999
pak,0.01023,2000
pak,0.01104,2001
pak,0.01278,2002
pak,0.01513,2003
pak,0.01416,2004
pak,0.01673,2005
pak,0.01701,2006
pak,0.01501,2007
pak,0.01427,2008
pak,0.01417,2009
pak,0.01576,2010
pan,0.0046,1971
pan,0.00447,1972
pan,0.00535,1973
pan,0.00542,1974
pan,0.00488,1975
pan,0.0067,1976
pan,0.01614,1977
pan,0.0332,1978
pan,0.03619,1979
pan,0.04244,1980
pan,0.0574,1981
pan,0.04519,1982
pan,0.03565,1983
pan,0.06012,1984
pan,0.0761,1985
pan,0.08098,1986
pan,0.0769,1987
pan,0.08153,1988
pan,0.07923,1989
pan,0.07876,1990
pan,0.07099,1991
pan,0.06459,1992
pan,0.07679,1993
pan,0.07838,1994
pan,0.07767,1995
pan,0.09452,1996
pan,0.08956,1997
pan,0.06472,1998
pan,0.09267,1999
pan,0.09942,2000
pan,0.07132,2001
pan,0.09528,2002
pan,0.07766,2003
pan,0.1021,2004
pan,0.09888,2005
pan,0.09343,2006
pan,0.09408,2007
pan,0.1003,2008
pan,0.09684,2009
pan,0.1025,2010
pry,0.00554,1971
pry,0.00633,1972
pry,0.00973,1973
pry,0.0139,1974
pry,0.01614,1975
pry,0.01586,1976
pry,0.01027,1977
pry,0.00705,1978
pry,0.01229,1979
pry,0.01774,1980
pry,0.01812,1981
pry,0.01641,1982
pry,0.01935,1983
pry,0.02453,1984
pry,0.09367,1985
pry,0.2675,1986
pry,0.4069,1987
pry,0.426,1988
pry,0.5056,1989
pry,0.5503,1990
pry,0.5791,1991
pry,0.5222,1992
pry,0.59,1993
pry,0.6679,1994
pry,0.7547,1995
pry,0.785,1996
pry,0.8713,1997
pry,0.8531,1998
pry,0.853,1999
pry,0.8608,2000
pry,0.7145,2001
pry,0.745,2002
pry,0.7843,2003
pry,0.7716,2004
pry,0.746,2005
pry,0.7697,2006
pry,0.7549,2007
pry,0.7655,2008
pry,0.7451,2009
pry,0.7202,2010
per,0.02718,1971
per,0.02735,1972
per,0.02861,1973
per,0.03044,1974
per,0.03104,1975
per,0.03201,1976
per,0.0324,1977
per,0.03243,1978
per,0.0342,1979
per,0.03487,1980
per,0.0388,1981
per,0.03977,1982
per,0.03751,1983
per,0.03934,1984
per,0.04145,1985
per,0.04346,1986
per,0.04596,1987
per,0.04309,1988
per,0.04253,1989
per,0.04151,1990
per,0.04467,1991
per,0.03694,1992
per,0.04415,1993
per,0.04683,1994
per,0.04627,1995
per,0.04724,1996
per,0.04602,1997
per,0.04732,1998
per,0.04905,1999
per,0.05375,2000
per,0.05772,2001
per,0.05836,2002
per,0.05921,2003
per,0.05531,2004
per,0.05641,2005
per,0.0608,2006
per,0.05968,2007
per,0.05784,2008
per,0.05862,2009
per,0.05925,2010
phl,0.00417,1973
phl,0.00511,1974
phl,0.00473,1975
phl,0.00571,1976
phl,0.00437,1977
phl,0.00542,1978
phl,0.00539,1979
phl,0.00643,1980
phl,0.00662,1981
phl,0.00652,1982
phl,0.00667,1983
phl,0.00863,1984
phl,0.00883,1985
phl,0.00932,1986
phl,0.00791,1987
phl,0.0092,1988
phl,0.00928,1989
phl,0.00846,1990
phl,0.00701,1991
phl,0.0059,1992
phl,0.00654,1993
phl,0.00745,1994
phl,0.00774,1995
phl,0.00853,1996
phl,0.0072,1997
phl,0.00588,1998
phl,0.00891,1999
phl,0.00867,2000
phl,0.00774,2001
phl,0.0075,2002
phl,0.00822,2003
phl,0.0088,2004
phl,0.00843,2005
phl,0.00981,2006
phl,0.0083,2007
phl,0.00939,2008
phl,0.00918,2009
phl,0.00719,2010
pol,0.00187,1960
pol,0.00176,1961
pol,0.00217,1962
pol,0.00184,1963
pol,0.00197,1964
pol,0.00248,1965
pol,0.00245,1966
pol,0.00259,1967
pol,0.0027,1968
pol,0.00216,1969
pol,0.00468,1970
pol,0.00411,1971
pol,0.00391,1972
pol,0.00375,1973
pol,0.00542,1974
pol,0.00504,1975
pol,0.00413,1976
pol,0.00486,1977
pol,0.00481,1978
pol,0.00441,1979
pol,0.00568,1980
pol,0.00511,1981
pol,0.00366,1982
pol,0.00393,1983
pol,0.00328,1984
pol,0.00428,1985
pol,0.00356,1986
pol,0.0038,1987
pol,0.00408,1988
pol,0.00365,1989
pol,0.0032,1990
pol,0.00321,1991
pol,0.00339,1992
pol,0.00334,1993
pol,0.00388,1994
pol,0.00423,1995
pol,0.00432,1996
pol,0.00439,1997
pol,0.00517,1998
pol,0.00483,1999
pol,0.00473,2000
pol,0.00522,2001
pol,0.00513,2002
pol,0.00376,2003
pol,0.00469,2004
pol,0.00496,2005
pol,0.0046,2006
pol,0.0053,2007
pol,0.00484,2008
pol,0.00534,2009
pol,0.00656,2010
pol,0.00523,2011
prt,0.03018,1960
prt,0.03322,1961
prt,0.03401,1962
prt,0.03876,1963
prt,0.04103,1964
prt,0.03841,1965
prt,0.05125,1966
prt,0.05364,1967
prt,0.05114,1968
prt,0.0625,1969
prt,0.05747,1970
prt,0.06076,1971
prt,0.06908,1972
prt,0.07046,1973
prt,0.0742,1974
prt,0.05989,1975
prt,0.0441,1976
prt,0.09055,1977
prt,0.09697,1978
prt,0.09945,1979
prt,0.07042,1980
prt,0.04379,1981
prt,0.06008,1982
prt,0.06945,1983
prt,0.08434,1984
prt,0.09229,1985
prt,0.07351,1986
prt,0.07913,1987
prt,0.1059,1988
prt,0.05043,1989
prt,0.07933,1990
prt,0.07818,1991
prt,0.04002,1992
prt,0.07321,1993
prt,0.09094,1994
prt,0.07085,1995
prt,0.1248,1996
prt,0.1104,1997
prt,0.1089,1998
prt,0.06086,1999
prt,0.09419,2000
prt,0.1163,2001
prt,0.06434,2002
prt,0.1292,2003
prt,0.08077,2004
prt,0.03858,2005
prt,0.08943,2006
prt,0.0818,2007
prt,0.05496,2008
prt,0.06684,2009
prt,0.1301,2010
prt,0.09286,2011
rou,0.01888,1971
rou,0.03054,1972
rou,0.0311,1973
rou,0.03462,1974
rou,0.03789,1975
rou,0.0325,1976
rou,0.03711,1977
rou,0.04176,1978
rou,0.04424,1979
rou,0.04894,1980
rou,0.04904,1981
rou,0.04542,1982
rou,0.03831,1983
rou,0.04305,1984
rou,0.0481,1985
rou,0.04069,1986
rou,0.04195,1987
rou,0.05501,1988
rou,0.05074,1989
rou,0.04228,1990
rou,0.05414,1991
rou,0.04359,1992
rou,0.04784,1993
rou,0.04918,1994
rou,0.06328,1995
rou,0.06003,1996
rou,0.06701,1997
rou,0.07256,1998
rou,0.07058,1999
rou,0.05726,2000
rou,0.05806,2001
rou,0.06268,2002
rou,0.052,2003
rou,0.065,2004
rou,0.0798,2005
rou,0.07272,2006
rou,0.06343,2007
rou,0.06848,2008
rou,0.06202,2009
rou,0.07813,2010
rus,0.09624,1990
rus,0.09692,1991
rus,0.09923,1992
rus,0.1001,1993
rus,0.1011,1994
rus,0.1014,1995
rus,0.08881,1996
rus,0.09089,1997
rus,0.09224,1998
rus,0.09369,1999
rus,0.09613,2000
rus,0.1023,2001
rus,0.09585,2002
rus,0.09244,2003
rus,0.1048,2004
rus,0.1032,2005
rus,0.1039,2006
rus,0.1062,2007
rus,0.09896,2008
rus,0.1047,2009
rus,0.1001,2010
sen,0.00166,2002
sen,0.00281,2003
sen,0.00238,2004
sen,0.00211,2005
sen,0.0018,2006
sen,0.00136,2007
sen,0.00167,2008
sen,0.0017,2009
sen,0.00172,2010
srb,0.08511,1990
srb,0.1012,1991
srb,0.09917,1992
srb,0.09042,1993
srb,0.08926,1994
srb,0.1027,1995
srb,0.1209,1996
srb,0.107,1997
srb,0.1084,1998
srb,0.1158,1999
srb,0.1018,2000
srb,0.1062,2001
srb,0.1009,2002
srb,0.08513,2003
srb,0.09663,2004
srb,0.105,2005
srb,0.09586,2006
srb,0.08777,2007
srb,0.08356,2008
srb,0.092,2009
srb,0.1037,2010
svk,0.02792,1971
svk,0.02899,1972
svk,0.02456,1973
svk,0.04091,1974
svk,0.03649,1975
svk,0.03642,1976
svk,0.04299,1977
svk,0.03991,1978
svk,0.03295,1979
svk,0.03911,1980
svk,0.03378,1981
svk,0.02943,1982
svk,0.03102,1983
svk,0.02616,1984
svk,0.0354,1985
svk,0.02785,1986
svk,0.03196,1987
svk,0.02889,1988
svk,0.03215,1989
svk,0.03067,1990
svk,0.02287,1991
svk,0.03134,1992
svk,0.05587,1993
svk,0.06994,1994
svk,0.07815,1995
svk,0.06755,1996
svk,0.06483,1997
svk,0.06799,1998
svk,0.07122,1999
svk,0.07342,2000
svk,0.07835,2001
svk,0.08376,2002
svk,0.05532,2003
svk,0.06515,2004
svk,0.07364,2005
svk,0.06976,2006
svk,0.07047,2007
svk,0.06383,2008
svk,0.06889,2009
svk,0.08272,2010
svk,0.05788,2011
svn,0.1317,1990
svn,0.1603,1991
svn,0.1514,1992
svn,0.1337,1993
svn,0.1491,1994
svn,0.1422,1995
svn,0.1602,1996
svn,0.1346,1997
svn,0.1498,1998
svn,0.1623,1999
svn,0.166,2000
svn,0.1642,2001
svn,0.143,2002
svn,0.1275,2003
svn,0.1762,2004
svn,0.1486,2005
svn,0.1539,2006
svn,0.1396,2007
svn,0.1712,2008
svn,0.2002,2009
svn,0.1911,2010
svn,0.1504,2011
zaf,0.00042,1971
zaf,0.00302,1972
zaf,0.00347,1973
zaf,0.00389,1974
zaf,0.00375,1975
zaf,0.00612,1976
zaf,0.00619,1977
zaf,0.00592,1978
zaf,0.00347,1979
zaf,0.00293,1980
zaf,0.00477,1981
zaf,0.00285,1982
zaf,0.00163,1983
zaf,0.0015,1984
zaf,0.00163,1985
zaf,0.00414,1986
zaf,0.00403,1987
zaf,0.00773,1988
zaf,0.0066,1989
zaf,0.00236,1990
zaf,0.00452,1991
zaf,0.00167,1992
zaf,0.00032,1993
zaf,0.00228,1994
zaf,0.0011,1995
zaf,0.00269,1996
zaf,0.0042,1997
zaf,0.00315,1998
zaf,0.00141,1999
zaf,0.00212,2000
zaf,0.00376,2001
zaf,0.00445,2002
zaf,0.00129,2003
zaf,0.00173,2004
zaf,0.0024,2005
zaf,0.00516,2006
zaf,0.00163,2007
zaf,0.0022,2008
zaf,0.00251,2009
zaf,0.00367,2010
esp,0.04417,1960
esp,0.04471,1961
esp,0.04448,1962
esp,0.05786,1963
esp,0.05589,1964
esp,0.05272,1965
esp,0.07224,1966
esp,0.05945,1967
esp,0.06336,1968
esp,0.0787,1969
esp,0.07067,1970
esp,0.08007,1971
esp,0.08826,1972
esp,0.07113,1973
esp,0.07436,1974
esp,0.06271,1975
esp,0.04982,1976
esp,0.09335,1977
esp,0.09389,1978
esp,0.1073,1979
esp,0.06776,1980
esp,0.04997,1981
esp,0.05961,1982
esp,0.06092,1983
esp,0.07061,1984
esp,0.06992,1985
esp,0.05904,1986
esp,0.06088,1987
esp,0.07822,1988
esp,0.04286,1989
esp,0.05619,1990
esp,0.06018,1991
esp,0.04162,1992
esp,0.05347,1993
esp,0.06163,1994
esp,0.0504,1995
esp,0.0866,1996
esp,0.0755,1997
esp,0.07359,1998
esp,0.04921,1999
esp,0.06311,2000
esp,0.08653,2001
esp,0.04764,2002
esp,0.08397,2003
esp,0.06374,2004
esp,0.03541,2005
esp,0.05057,2006
esp,0.0525,2007
esp,0.04482,2008
esp,0.04961,2009
esp,0.0789,2010
esp,0.05663,2011
lka,0.0056,1971
lka,0.00563,1972
lka,0.00457,1973
lka,0.00635,1974
lka,0.00686,1975
lka,0.00693,1976
lka,0.00744,1977
lka,0.00805,1978
lka,0.00847,1979
lka,0.00843,1980
lka,0.00882,1981
lka,0.0089,1982
lka,0.00664,1983
lka,0.01125,1984
lka,0.0127,1985
lka,0.01383,1986
lka,0.01123,1987
lka,0.01321,1988
lka,0.01407,1989
lka,0.0156,1990
lka,0.01527,1991
lka,0.01406,1992
lka,0.01821,1993
lka,0.01944,1994
lka,0.021,1995
lka,0.01525,1996
lka,0.01608,1997
lka,0.01819,1998
lka,0.01927,1999
lka,0.01466,2000
lka,0.01413,2001
lka,0.0121,2002
lka,0.01463,2003
lka,0.01298,2004
lka,0.01495,2005
lka,0.01986,2006
lka,0.01674,2007
lka,0.01734,2008
lka,0.01624,2009
lka,0.02322,2010
sdn,0.00174,1971
sdn,0.00252,1972
sdn,0.00286,1973
sdn,0.00302,1974
sdn,0.00316,1975
sdn,0.00345,1976
sdn,0.00314,1977
sdn,0.00313,1978
sdn,0.00331,1979
sdn,0.00308,1980
sdn,0.00307,1981
sdn,0.00318,1982
sdn,0.00318,1983
sdn,0.00328,1984
sdn,0.00338,1985
sdn,0.0039,1986
sdn,0.00393,1987
sdn,0.00381,1988
sdn,0.00374,1989
sdn,0.00391,1990
sdn,0.00413,1991
sdn,0.00422,1992
sdn,0.00412,1993
sdn,0.00413,1994
sdn,0.00349,1995
sdn,0.00375,1996
sdn,0.00359,1997
sdn,0.00346,1998
sdn,0.00392,1999
sdn,0.00374,2000
sdn,0.00392,2001
sdn,0.00388,2002
sdn,0.00343,2003
sdn,0.00319,2004
sdn,0.00355,2005
sdn,0.00376,2006
sdn,0.00388,2007
sdn,0.00382,2008
sdn,0.00828,2009
sdn,0.00968,2010
swe,0.3567,1960
swe,0.4178,1961
swe,0.4402,1962
swe,0.4271,1963
swe,0.4822,1964
swe,0.5161,1965
swe,0.5017,1966
swe,0.539,1967
swe,0.5285,1968
swe,0.4501,1969
swe,0.4436,1970
swe,0.5532,1971
swe,0.5692,1972
swe,0.6321,1973
swe,0.6028,1974
swe,0.605,1975
swe,0.5736,1976
swe,0.5578,1977
swe,0.6003,1978
swe,0.6332,1979
swe,0.6091,1980
swe,0.6176,1981
swe,0.5689,1982
swe,0.6563,1983
swe,0.7007,1984
swe,0.731,1985
swe,0.6253,1986
swe,0.7343,1987
swe,0.7105,1988
swe,0.7253,1989
swe,0.7284,1990
swe,0.631,1991
swe,0.7365,1992
swe,0.7345,1993
swe,0.5781,1994
swe,0.6634,1995
swe,0.5028,1996
swe,0.6706,1997
swe,0.7285,1998
swe,0.6963,1999
swe,0.7626,2000
swe,0.7658,2001
swe,0.641,2002
swe,0.5152,2003
swe,0.5758,2004
swe,0.6933,2005
swe,0.5838,2006
swe,0.6209,2007
swe,0.643,2008
swe,0.6081,2009
swe,0.6087,2010
swe,0.6035,2011
che,0.3332,1960
che,0.3444,1961
che,0.3308,1962
che,0.3447,1963
che,0.3309,1964
che,0.3643,1965
che,0.402,1966
che,0.4275,1967
che,0.4164,1968
che,0.3825,1969
che,0.4308,1970
che,0.3714,1971
che,0.3356,1972
che,0.3802,1973
che,0.3766,1974
che,0.4529,1975
che,0.3511,1976
che,0.4849,1977
che,0.4337,1978
che,0.4303,1979
che,0.4475,1980
che,0.4831,1981
che,0.4927,1982
che,0.4776,1983
che,0.4043,1984
che,0.4269,1985
che,0.4357,1986
che,0.4565,1987
che,0.4683,1988
che,0.3868,1989
che,0.3839,1990
che,0.4092,1991
che,0.4126,1992
che,0.4464,1993
che,0.4826,1994
che,0.4308,1995
che,0.35,1996
che,0.4128,1997
che,0.4046,1998
che,0.482,1999
che,0.4419,2000
che,0.4928,2001
che,0.4173,2002
che,0.4097,2003
che,0.3942,2004
che,0.3621,2005
che,0.3564,2006
che,0.403,2007
che,0.4091,2008
che,0.403,2009
che,0.4046,2010
che,0.3588,2011
syr,0.00067,1971
syr,0.00078,1972
syr,0.00021,1973
syr,0.00389,1974
syr,0.00855,1975
syr,0.01356,1976
syr,0.01886,1977
syr,0.02163,1978
syr,0.02348,1979
syr,0.02472,1980
syr,0.02479,1981
syr,0.02665,1982
syr,0.02437,1983
syr,0.02794,1984
syr,0.02717,1985
syr,0.02252,1986
syr,0.02183,1987
syr,0.02085,1988
syr,0.01992,1989
syr,0.01903,1990
syr,0.01819,1991
syr,0.01738,1992
syr,0.01661,1993
syr,0.01589,1994
syr,0.01523,1995
syr,0.0151,1996
syr,0.01505,1997
syr,0.01527,1998
syr,0.01502,1999
syr,0.01738,2000
syr,0.01782,2001
syr,0.01242,2002
syr,0.01356,2003
syr,0.01994,2004
syr,0.02012,2005
syr,0.01793,2006
syr,0.01548,2007
syr,0.01253,2008
syr,0.008,2009
syr,0.01092,2010
tjk,0.2675,1990
tjk,0.2602,1991
tjk,0.2482,1992
tjk,0.2625,1993
tjk,0.2521,1994
tjk,0.2173,1995
tjk,0.2175,1996
tjk,0.1983,1997
tjk,0.2018,1998
tjk,0.2173,1999
tjk,0.1954,2000
tjk,0.196,2001
tjk,0.2074,2002
tjk,0.2217,2003
tjk,0.2198,2004
tjk,0.2261,2005
tjk,0.2201,2006
tjk,0.2228,2007
tjk,0.203,2008
tjk,0.2003,2009
tjk,0.1981,2010
tza,0.00189,1971
tza,0.0019,1972
tza,0.0017,1973
tza,0.00163,1974
tza,0.00232,1975
tza,0.00261,1976
tza,0.00263,1977
tza,0.00255,1978
tza,0.00249,1979
tza,0.00315,1980
tza,0.00322,1981
tza,0.00314,1982
tza,0.0031,1983
tza,0.00317,1984
tza,0.00348,1985
tza,0.00395,1986
tza,0.00426,1987
tza,0.0045,1988
tza,0.00494,1989
tza,0.00523,1990
tza,0.00564,1991
tza,0.00521,1992
tza,0.00518,1993
tza,0.00443,1994
tza,0.00442,1995
tza,0.00488,1996
tza,0.00397,1997
tza,0.00552,1998
tza,0.00561,1999
tza,0.00541,2000
tza,0.00641,2001
tza,0.00653,2002
tza,0.00596,2003
tza,0.00536,2004
tza,0.00394,2005
tza,0.00309,2006
tza,0.00526,2007
tza,0.0054,2008
tza,0.00519,2009
tza,0.00494,2010
tha,0.00463,1971
tha,0.0038,1972
tha,0.00402,1973
tha,0.00511,1974
tha,0.00689,1975
tha,0.0072,1976
tha,0.00631,1977
tha,0.00399,1978
tha,0.00604,1979
tha,0.00231,1980
tha,0.00528,1981
tha,0.00667,1982
tha,0.00625,1983
tha,0.00683,1984
tha,0.00607,1985
tha,0.00895,1986
tha,0.00645,1987
tha,0.00587,1988
tha,0.00851,1989
tha,0.00749,1990
tha,0.00683,1991
tha,0.00626,1992
tha,0.00543,1993
tha,0.00656,1994
tha,0.00967,1995
tha,0.01047,1996
tha,0.01016,1997
tha,0.00722,1998
tha,0.00487,1999
tha,0.0082,2000
tha,0.00848,2001
tha,0.00994,2002
tha,0.0096,2003
tha,0.00786,2004
tha,0.00747,2005
tha,0.01038,2006
tha,0.01029,2007
tha,0.00896,2008
tha,0.00895,2009
tha,0.00689,2010
tgo,0.00302,1971
tgo,0.0022,1972
tgo,0.00143,1973
tgo,0.00281,1974
tgo,0.00343,1975
tgo,0.00269,1976
tgo,0.00527,1977
tgo,0.0058,1978
tgo,0.00126,1979
tgo,0.00122,1980
tgo,0.00119,1981
tgo,0.00172,1982
tgo,0.00055,1983
tgo,0.00107,1984
tgo,0.00207,1985
tgo,0.002,1986
tgo,0.00194,1987
tgo,0.00188,1988
tgo,0.00229,1989
tgo,0.00223,1990
tgo,0.00443,1991
tgo,0.00288,1992
tgo,0.00507,1993
tgo,0.00319,1994
tgo,0.00537,1995
tgo,0.00388,1996
tgo,0.00184,1997
tgo,0.00329,1998
tgo,0.0019,1999
tgo,0.00179,2000
tgo,0.00086,2001
tgo,0.00146,2002
tgo,0.00203,2003
tgo,0.00132,2004
tgo,0.00118,2005
tgo,0.00142,2006
tgo,0.0014,2007
tgo,0.00135,2008
tgo,0.00137,2009
tgo,0.00138,2010
tun,0.00086,1971
tun,0.00087,1972
tun,0.00116,1973
tun,0.00034,1974
tun,0.00049,1975
tun,0.0008,1976
tun,0.00045,1977
tun,0.00041,1978
tun,0.00057,1979
tun,0.00032,1980
tun,0.00039,1981
tun,0.00048,1982
tun,0.00036,1983
tun,0.00079,1984
tun,0.00134,1985
tun,0.00062,1986
tun,0.00132,1987
tun,0.00054,1988
tun,0.00038,1989
tun,0.00048,1990
tun,0.00113,1991
tun,0.00069,1992
tun,0.00063,1993
tun,0.00039,1994
tun,0.00038,1995
tun,0.00064,1996
tun,0.00041,1997
tun,0.00067,1998
tun,0.00083,1999
tun,0.00058,2000
tun,0.00049,2001
tun,0.00057,2002
tun,0.00147,2003
tun,0.00135,2004
tun,0.00126,2005
tun,0.00079,2006
tun,0.00042,2007
tun,0.00025,2008
tun,0.00066,2009
tun,0.00041,2010
tur,0.00306,1960
tur,0.00376,1961
tur,0.00326,1962
tur,0.00596,1963
tur,0.00456,1964
tur,0.00588,1965
tur,0.00617,1966
tur,0.00616,1967
tur,0.00803,1968
tur,0.00853,1969
tur,0.00735,1970
tur,0.00619,1971
tur,0.00744,1972
tur,0.00591,1973
tur,0.00745,1974
tur,0.01282,1975
tur,0.0178,1976
tur,0.01784,1977
tur,0.01902,1978
tur,0.02051,1979
tur,0.02212,1980
tur,0.02404,1981
tur,0.02637,1982
tur,0.02063,1983
tur,0.02387,1984
tur,0.02097,1985
tur,0.02026,1986
tur,0.03118,1987
tur,0.04761,1988
tur,0.02899,1989
tur,0.03677,1990
tur,0.03542,1991
tur,0.04078,1992
tur,0.05125,1993
tur,0.04541,1994
tur,0.05192,1995
tur,0.05818,1996
tur,0.05632,1997
tur,0.05881,1998
tur,0.04756,1999
tur,0.04173,2000
tur,0.03199,2001
tur,0.04425,2002
tur,0.04579,2003
tur,0.05893,2004
tur,0.04992,2005
tur,0.05508,2006
tur,0.04404,2007
tur,0.04033,2008
tur,0.04303,2009
tur,0.06122,2010
tur,0.0608,2011
tkm,0.01641,1990
tkm,0.01596,1991
tkm,0.00009,1992
tkm,0.00011,1993
tkm,0.00008,1994
tkm,0.00008,1995
tkm,0.0001,1996
tkm,0.0001,1997
tkm,0.00012,1998
tkm,0.0001,1999
tkm,0.0001,2000
tkm,0.00006,2001
tkm,0.00006,2002
tkm,0.00006,2003
tkm,0.00005,2004
tkm,0.00005,2005
tkm,0.00005,2006
tkm,0.00005,2007
tkm,0.00005,2008
tkm,0.00005,2009
tkm,0.00005,2010
ukr,0.0175,1990
ukr,0.01949,1991
ukr,0.01313,1992
ukr,0.01841,1993
ukr,0.02028,1994
ukr,0.01674,1995
ukr,0.01462,1996
ukr,0.01683,1997
ukr,0.02714,1998
ukr,0.02495,1999
ukr,0.01983,2000
ukr,0.02135,2001
ukr,0.01723,2002
ukr,0.01667,2003
ukr,0.02138,2004
ukr,0.02265,2005
ukr,0.02378,2006
ukr,0.01884,2007
ukr,0.02128,2008
ukr,0.02245,2009
ukr,0.02488,2010
gbr,0.00516,1960
gbr,0.00631,1961
gbr,0.00611,1962
gbr,0.00529,1963
gbr,0.00571,1964
gbr,0.0066,1965
gbr,0.00632,1966
gbr,0.00685,1967
gbr,0.00554,1968
gbr,0.00498,1969
gbr,0.00693,1970
gbr,0.00517,1971
gbr,0.00521,1972
gbr,0.00592,1973
gbr,0.00622,1974
gbr,0.00573,1975
gbr,0.00564,1976
gbr,0.00591,1977
gbr,0.0061,1978
gbr,0.00648,1979
gbr,0.00594,1980
gbr,0.00664,1981
gbr,0.00691,1982
gbr,0.00694,1983
gbr,0.00607,1984
gbr,0.00622,1985
gbr,0.00724,1986
gbr,0.00627,1987
gbr,0.00745,1988
gbr,0.00716,1989
gbr,0.00783,1990
gbr,0.00693,1991
gbr,0.00812,1992
gbr,0.00641,1993
gbr,0.00757,1994
gbr,0.00717,1995
gbr,0.00502,1996
gbr,0.00615,1997
gbr,0.00752,1998
gbr,0.00782,1999
gbr,0.00743,2000
gbr,0.0059,2001
gbr,0.00694,2002
gbr,0.00466,2003
gbr,0.00695,2004
gbr,0.00703,2005
gbr,0.00652,2006
gbr,0.00719,2007
gbr,0.00725,2008
gbr,0.00734,2009
gbr,0.005,2010
gbr,0.00784,2011
usa,0.06805,1960
usa,0.06977,1961
usa,0.07646,1962
usa,0.07408,1963
usa,0.07799,1964
usa,0.08447,1965
usa,0.08398,1966
usa,0.09464,1967
usa,0.09374,1968
usa,0.1046,1969
usa,0.1028,1970
usa,0.1072,1971
usa,0.1093,1972
usa,0.1061,1973
usa,0.1204,1974
usa,0.1189,1975
usa,0.1114,1976
usa,0.08574,1977
usa,0.108,1978
usa,0.1067,1979
usa,0.1043,1980
usa,0.09757,1981
usa,0.1146,1982
usa,0.122,1983
usa,0.1168,1984
usa,0.1013,1985
usa,0.1037,1986
usa,0.08281,1987
usa,0.07215,1988
usa,0.0878,1989
usa,0.09271,1990
usa,0.09687,1991
usa,0.08468,1992
usa,0.0934,1993
usa,0.08576,1994
usa,0.1014,1995
usa,0.112,1996
usa,0.1051,1997
usa,0.09225,1998
usa,0.08556,1999
usa,0.07707,2000
usa,0.05669,2001
usa,0.0796,2002
usa,0.08224,2003
usa,0.07928,2004
usa,0.07892,2005
usa,0.08378,2006
usa,0.071,2007
usa,0.07237,2008
usa,0.07701,2009
usa,0.07265,2010
usa,0.09,2011
ury,0.04483,1971
ury,0.03036,1972
ury,0.04742,1973
ury,0.04163,1974
ury,0.03443,1975
ury,0.03699,1976
ury,0.0472,1977
ury,0.04878,1978
ury,0.03861,1979
ury,0.1026,1980
ury,0.113,1981
ury,0.1459,1982
ury,0.2081,1983
ury,0.2043,1984
ury,0.1843,1985
ury,0.207,1986
ury,0.2048,1987
ury,0.1519,1988
ury,0.1087,1989
ury,0.1938,1990
ury,0.1679,1991
ury,0.216,1992
ury,0.1975,1993
ury,0.2006,1994
ury,0.1562,1995
ury,0.1528,1996
ury,0.1706,1997
ury,0.2392,1998
ury,0.143,1999
ury,0.1827,2000
ury,0.2378,2001
ury,0.2465,2002
ury,0.2207,2003
ury,0.1233,2004
ury,0.173,2005
ury,0.09287,2006
ury,0.208,2007
ury,0.1156,2008
ury,0.1347,2009
ury,0.2212,2010
uzb,0.02786,1990
uzb,0.02469,1991
uzb,0.02512,1992
uzb,0.02877,1993
uzb,0.02739,1994
uzb,0.02321,1995
uzb,0.02403,1996
uzb,0.02091,1997
uzb,0.02052,1998
uzb,0.02,1999
uzb,0.0204,2000
uzb,0.02046,2001
uzb,0.02104,2002
uzb,0.0257,2003
uzb,0.03014,2004
uzb,0.0286,2005
uzb,0.03005,2006
uzb,0.02076,2007
uzb,0.03643,2008
uzb,0.02957,2009
uzb,0.03396,2010
ven,0.04196,1971
ven,0.04529,1972
ven,0.04525,1973
ven,0.05412,1974
ven,0.06056,1975
ven,0.06924,1976
ven,0.07685,1977
ven,0.07465,1978
ven,0.08405,1979
ven,0.08342,1980
ven,0.08375,1981
ven,0.08534,1982
ven,0.09487,1983
ven,0.1035,1984
ven,0.1128,1985
ven,0.1219,1986
ven,0.1455,1987
ven,0.1572,1988
ven,0.1552,1989
ven,0.1615,1990
ven,0.19,1991
ven,0.197,1992
ven,0.1934,1993
ven,0.2044,1994
ven,0.2008,1995
ven,0.2058,1996
ven,0.2144,1997
ven,0.2126,1998
ven,0.2181,1999
ven,0.2221,2000
ven,0.2095,2001
ven,0.2025,2002
ven,0.2022,2003
ven,0.23,2004
ven,0.249,2005
ven,0.2586,2006
ven,0.2588,2007
ven,0.2661,2008
ven,0.2592,2009
ven,0.2278,2010
vnm,0.00115,1971
vnm,0.00077,1972
vnm,0.00075,1973
vnm,0.00074,1974
vnm,0.00086,1975
vnm,0.00094,1976
vnm,0.001,1977
vnm,0.00132,1978
vnm,0.00162,1979
vnm,0.00237,1980
vnm,0.00235,1981
vnm,0.00238,1982
vnm,0.00183,1983
vnm,0.00233,1984
vnm,0.00211,1985
vnm,0.00196,1986
vnm,0.00189,1987
vnm,0.00239,1988
vnm,0.00502,1989
vnm,0.00688,1990
vnm,0.00792,1991
vnm,0.00888,1992
vnm,0.00959,1993
vnm,0.01092,1994
vnm,0.01229,1995
vnm,0.01375,1996
vnm,0.01317,1997
vnm,0.01239,1998
vnm,0.01521,1999
vnm,0.01589,2000
vnm,0.01966,2001
vnm,0.01944,2002
vnm,0.02006,2003
vnm,0.01862,2004
vnm,0.01752,2005
vnm,0.02087,2006
vnm,0.0233,2007
vnm,0.026,2008
vnm,0.02966,2009
vnm,0.02697,2010
zmb,0.01825,1971
zmb,0.0603,1972
zmb,0.05815,1973
zmb,0.1064,1974
zmb,0.1065,1975
zmb,0.1198,1976
zmb,0.1436,1977
zmb,0.1264,1978
zmb,0.1371,1979
zmb,0.1369,1980
zmb,0.1436,1981
zmb,0.1448,1982
zmb,0.1343,1983
zmb,0.1261,1984
zmb,0.1265,1985
zmb,0.1192,1986
zmb,0.09553,1987
zmb,0.09557,1988
zmb,0.07269,1989
zmb,0.08698,1990
zmb,0.09573,1991
zmb,0.06773,1992
zmb,0.08255,1993
zmb,0.08003,1994
zmb,0.07588,1995
zmb,0.06676,1996
zmb,0.072,1997
zmb,0.06695,1998
zmb,0.06668,1999
zmb,0.06532,2000
zmb,0.06495,2001
zmb,0.06515,2002
zmb,0.06491,2003
zmb,0.06499,2004
zmb,0.06664,2005
zmb,0.07204,2006
zmb,0.06991,2007
zmb,0.06714,2008
zmb,0.07017,2009
zmb,0.07406,2010
zwe,0.03872,1971
zwe,0.05528,1972
zwe,0.05198,1973
zwe,0.06909,1974
zwe,0.07345,1975
zwe,0.07705,1976
zwe,0.07874,1977
zwe,0.07015,1978
zwe,0.07334,1979
zwe,0.04728,1980
zwe,0.04402,1981
zwe,0.03858,1982
zwe,0.03643,1983
zwe,0.03067,1984
zwe,0.02773,1985
zwe,0.02219,1986
zwe,0.01,1987
zwe,0.02404,1988
zwe,0.02815,1989
zwe,0.03588,1990
zwe,0.02522,1991
zwe,0.0247,1992
zwe,0.01577,1993
zwe,0.01571,1994
zwe,0.01681,1995
zwe,0.01564,1996
zwe,0.0151,1997
zwe,0.01351,1998
zwe,0.02045,1999
zwe,0.02241,2000
zwe,0.0205,2001
zwe,0.02608,2002
zwe,0.03653,2003
zwe,0.03768,2004
zwe,0.03991,2005
zwe,0.0294,2006
zwe,0.02945,2007
zwe,0.02429,2008
zwe,0.0257,2009
zwe,0.0278,2010
