alternative_gdp_per_capita_ppp_wb,geo,time
568.6,afg,2002
631.8,afg,2003
672.1,afg,2004
748.1,afg,2005
808.9,afg,2006
874.2,afg,2007
879,afg,2008
1029,afg,2009
1083,afg,2010
4242,alb,1980
4397,alb,1981
4441,alb,1982
4404,alb,1983
4260,alb,1984
4239,alb,1985
4365,alb,1986
4216,alb,1987
4054,alb,1988
4369,alb,1989
3910,alb,1990
2751,alb,1991
2573,alb,1992
2856,alb,1993
3138,alb,1994
3598,alb,1995
3962,alb,1996
3581,alb,1997
4053,alb,1998
4472,alb,1999
4800,alb,2000
5126,alb,2001
5254,alb,2002
5523,alb,2003
5815,alb,2004
6102,alb,2005
6377,alb,2006
6725,alb,2007
7216,alb,2008
7428,alb,2009
7660,alb,2010
7861,alb,2011
6358,dza,1980
6336,dza,1981
6523,dza,1982
6654,dza,1983
6807,dza,1984
6846,dza,1985
6676,dza,1986
6446,dza,1987
6213,dza,1988
6320,dza,1989
6211,dza,1990
5987,dza,1991
5951,dza,1992
5695,dza,1993
5526,dza,1994
5626,dza,1995
5756,dza,1996
5728,dza,1997
5933,dza,1998
6036,dza,1999
6081,dza,2000
6149,dza,2001
6344,dza,2002
6682,dza,2003
6924,dza,2004
7169,dza,2005
7202,dza,2006
7305,dza,2007
7367,dza,2008
7431,dza,2009
7564,dza,2010
7643,dza,2011
3008,ago,1985
3007,ago,1986
3163,ago,1987
3259,ago,1988
3190,ago,1989
3093,ago,1990
2965,ago,1991
2673,ago,1992
1947,ago,1993
1952,ago,1994
2090,ago,1995
2259,ago,1996
2373,ago,1997
2468,ago,1998
2478,ago,1999
2476,ago,2000
2472,ago,2001
2735,ago,2002
2728,ago,2003
2931,ago,2004
3355,ago,2005
3926,ago,2006
4672,ago,2007
5166,ago,2008
5143,ago,2009
5172,ago,2010
5201,ago,2011
7331,atg,1980
7695,atg,1981
7802,atg,1982
8288,atg,1983
9246,atg,1984
10150,atg,1985
11630,atg,1986
12800,atg,1987
13670,atg,1988
14570,atg,1989
14940,atg,1990
15110,atg,1991
14990,atg,1992
15450,atg,1993
16020,atg,1994
14960,atg,1995
15560,atg,1996
15890,atg,1997
16180,atg,1998
16450,atg,1999
16330,atg,2000
16370,atg,2001
16510,atg,2002
17090,atg,2003
18040,atg,2004
18560,atg,2005
20760,atg,2006
18560,atg,2007
18630,atg,2008
16530,atg,2009
14900,atg,2010
14140,atg,2011
10080,arg,1980
9359,arg,1981
8760,arg,1982
8962,arg,1983
9021,arg,1984
8212,arg,1985
8728,arg,1986
8850,arg,1987
8499,arg,1988
7750,arg,1989
7458,arg,1990
8289,arg,1991
9155,arg,1992
9570,arg,1993
9999,arg,1994
9593,arg,1995
10000,arg,1996
10680,arg,1997
10960,arg,1998
10470,arg,1999
10280,arg,2000
9731,arg,2001
8589,arg,2002
9264,arg,2003
10010,arg,2004
10830,arg,2005
11650,arg,2006
12540,arg,2007
13280,arg,2008
13270,arg,2009
14360,arg,2010
15500,arg,2011
2938,arm,1990
2618,arm,1991
1551,arm,1992
1448,arm,1993
1563,arm,1994
1706,arm,1995
1835,arm,1996
1919,arm,1997
2076,arm,1998
2157,arm,1999
2295,arm,2000
2523,arm,2001
2860,arm,2002
3262,arm,2003
3602,arm,2004
4096,arm,2005
4631,arm,2006
5261,arm,2007
5615,arm,2008
4811,arm,2009
4900,arm,2010
5112,arm,2011
19770,aus,1980
20120,aus,1981
20430,aus,1982
19710,aus,1983
20380,aus,1984
21130,aus,1985
21740,aus,1986
21960,aus,1987
22870,aus,1988
23370,aus,1989
23850,aus,1990
23490,aus,1991
23310,aus,1992
24030,aus,1993
24720,aus,1994
25390,aus,1995
26100,aus,1996
26840,aus,1997
27780,aus,1998
28880,aus,1999
29660,aus,2000
29870,aus,2001
30660,aus,2002
31280,aus,2003
32200,aus,2004
32720,aus,2005
33230,aus,2006
33810,aus,2007
34410,aus,2008
34180,aus,2009
34410,aus,2010
34550,aus,2011
20770,aut,1980
20690,aut,1981
21070,aut,1982
21730,aut,1983
21750,aut,1984
22270,aut,1985
22770,aut,1986
23060,aut,1987
23750,aut,1988
24560,aut,1989
25440,aut,1990
26050,aut,1991
26310,aut,1992
26230,aut,1993
26750,aut,1994
27430,aut,1995
28060,aut,1996
28680,aut,1997
29730,aut,1998
30730,aut,1999
31780,aut,2000
31930,aut,2001
32310,aut,2002
32430,aut,2003
33060,aut,2004
33630,aut,2005
34690,aut,2006
35830,aut,2007
36180,aut,2008
34680,aut,2009
35380,aut,2010
36350,aut,2011
4754,aze,1990
4648,aze,1991
3543,aze,1992
2684,aze,1993
2126,aze,1994
1854,aze,1995
1859,aze,1996
1948,aze,1997
2123,aze,1998
2260,aze,1999
2490,aze,2000
2715,aze,2001
2981,aze,2002
3290,aze,2003
3594,aze,2004
4496,aze,2005
5981,aze,2006
7395,aze,2007
8024,aze,2008
8590,aze,2009
8912,aze,2010
8890,aze,2011
26040,bhs,1980
23120,bhs,1981
24130,bhs,1982
24450,bhs,1983
27330,bhs,1984
28080,bhs,1985
28060,bhs,1986
28390,bhs,1987
28560,bhs,1988
29960,bhs,1989
28970,bhs,1990
27260,bhs,1991
25730,bhs,1992
25340,bhs,1993
25690,bhs,1994
26390,bhs,1995
27130,bhs,1996
27350,bhs,1997
28310,bhs,1998
29980,bhs,1999
30840,bhs,2000
31230,bhs,2001
31640,bhs,2002
30790,bhs,2003
30620,bhs,2004
31200,bhs,2005
31520,bhs,2006
31510,bhs,2007
30330,bhs,2008
28460,bhs,2009
28130,bhs,2010
28240,bhs,2011
21140,bhr,1980
19260,bhr,1981
17260,bhr,1982
17870,bhr,1983
18270,bhr,1984
16900,bhr,1985
16550,bhr,1986
17640,bhr,1987
18220,bhr,1988
17680,bhr,1989
17910,bhr,1990
19380,bhr,1991
20160,bhr,1992
22210,bhr,1993
21630,bhr,1994
21930,bhr,1995
22200,bhr,1996
22190,bhr,1997
22560,bhr,1998
22940,bhr,1999
23730,bhr,2000
24650,bhr,2001
25960,bhr,2002
27610,bhr,2003
28090,bhr,2004
28070,bhr,2005
26750,bhr,2006
25400,bhr,2007
23760,bhr,2008
22040,bhr,2009
21350,bhr,2010
676.8,bgd,1980
683.4,bgd,1981
681,bgd,1982
689.7,bgd,1983
706.3,bgd,1984
709.6,bgd,1985
719.9,bgd,1986
726.9,bgd,1987
723,bgd,1988
723,bgd,1989
747.2,bgd,1990
754.1,bgd,1991
774.5,bgd,1992
792.5,bgd,1993
807.6,bgd,1994
829.8,bgd,1995
850.5,bgd,1996
878.5,bgd,1997
906.4,bgd,1998
932.5,bgd,1999
969.8,bgd,2000
1003,bgd,2001
1029,bgd,2002
1065,bgd,2003
1115,bgd,2004
1165,bgd,2005
1226,bgd,2006
1291,bgd,2007
1356,bgd,2008
1419,bgd,2009
1488,bgd,2010
1568,bgd,2011
14940,brb,1980
14410,brb,1981
13630,brb,1982
13580,brb,1983
13970,brb,1984
13980,brb,1985
15230,brb,1986
15320,brb,1987
16220,brb,1988
16970,brb,1989
16100,brb,1990
15580,brb,1991
14760,brb,1992
14860,brb,1993
15410,brb,1994
15590,brb,1995
15830,brb,1996
16780,brb,1997
17420,brb,1998
17820,brb,1999
18180,brb,2000
17210,brb,2001
16560,brb,2002
16860,brb,2003
17450,brb,2004
17960,brb,2005
18540,brb,2006
18590,brb,2007
18590,brb,2008
17560,brb,2009
6434,blr,1990
6354,blr,1991
5731,blr,1992
5284,blr,1993
4671,blr,1994
4199,blr,1995
4331,blr,1996
4845,blr,1997
5277,blr,1998
5475,blr,1999
5810,blr,2000
6106,blr,2001
6443,blr,2002
6933,blr,2003
7765,blr,2004
8541,blr,2005
9436,blr,2006
10280,blr,2007
11460,blr,2008
11590,blr,2009
12500,blr,2010
13190,blr,2011
20790,bel,1980
20740,bel,1981
20860,bel,1982
20930,bel,1983
21450,bel,1984
21800,bel,1985
22180,bel,1986
22680,bel,1987
23670,bel,1988
24410,bel,1989
25100,bel,1990
25460,bel,1991
25750,bel,1992
25400,bel,1993
26140,bel,1994
26710,bel,1995
27030,bel,1996
27980,bel,1997
28450,bel,1998
29390,bel,1999
30400,bel,2000
30540,bel,2001
30820,bel,2002
30930,bel,2003
31810,bel,2004
32190,bel,2005
32850,bel,2006
33560,bel,2007
33620,bel,2008
32410,bel,2009
32840,bel,2010
33130,bel,2011
3342,blz,1980
3297,blz,1981
3203,blz,1982
3073,blz,1983
3037,blz,1984
2991,blz,1985
3051,blz,1986
3300,blz,1987
3513,blz,1988
3899,blz,1989
4181,blz,1990
4501,blz,1991
4916,blz,1992
5071,blz,1993
4935,blz,1994
4841,blz,1995
4788,blz,1996
4785,blz,1997
4788,blz,1998
5109,blz,1999
5621,blz,2000
5727,blz,2001
5840,blz,2002
6186,blz,2003
6268,blz,2004
6254,blz,2005
6337,blz,2006
6214,blz,2007
6219,blz,2008
6012,blz,2009
5980,blz,2010
5896,blz,2011
1134,ben,1980
1214,ben,1981
1208,ben,1982
1124,ben,1983
1180,ben,1984
1234,ben,1985
1227,ben,1986
1176,ben,1987
1183,ben,1988
1116,ben,1989
1117,ben,1990
1132,ben,1991
1137,ben,1992
1136,ben,1993
1146,ben,1994
1161,ben,1995
1190,ben,1996
1228,ben,1997
1249,ben,1998
1272,ben,1999
1306,ben,2000
1330,ben,2001
1347,ben,2002
1355,ben,2003
1353,ben,2004
1349,ben,2005
1362,ben,2006
1382,ben,2007
1411,ben,2008
1422,ben,2009
1424,ben,2010
1428,ben,2011
938.8,btn,1981
990.8,btn,1982
1038,btn,1983
1089,btn,1984
1105,btn,1985
1155,btn,1986
1342,btn,1987
1496,btn,1988
1554,btn,1989
1679,btn,1990
1770,btn,1991
1838,btn,1992
1941,btn,1993
2049,btn,1994
2193,btn,1995
2320,btn,1996
2410,btn,1997
2486,btn,1998
2586,btn,1999
2703,btn,2000
2809,btn,2001
2969,btn,2002
3129,btn,2003
3284,btn,2004
3480,btn,2005
3634,btn,2006
4199,btn,2007
4315,btn,2008
4525,btn,2009
4780,btn,2010
5096,btn,2011
3779,bol,1980
3707,bol,1981
3486,bol,1982
3275,bol,1983
3200,bol,1984
3080,bol,1985
2936,bol,1986
2943,bol,1987
2962,bol,1988
3006,bol,1989
3074,bol,1990
3162,bol,1991
3140,bol,1992
3199,bol,1993
3272,bol,1994
3349,bol,1995
3419,bol,1996
3512,bol,1997
3611,bol,1998
3552,bol,1999
3567,bol,2000
3555,bol,2001
3571,bol,2002
3598,bol,2003
3678,bol,2004
3772,bol,2005
3885,bol,2006
3995,bol,2007
4172,bol,2008
4244,bol,2009
4350,bol,2010
4499,bol,2011
1326,bih,1994
1664,bih,1995
3170,bih,1996
4184,bih,1997
4677,bih,1998
4954,bih,1999
5096,bih,2000
5243,bih,2001
5480,bih,2002
5689,bih,2003
6038,bih,2004
6341,bih,2005
6733,bih,2006
7198,bih,2007
7598,bih,2008
7390,bih,2009
7464,bih,2010
7607,bih,2011
3433,bwa,1980
3611,bwa,1981
3911,bwa,1982
4277,bwa,1983
4489,bwa,1984
4653,bwa,1985
4873,bwa,1986
5281,bwa,1987
6115,bwa,1988
6705,bwa,1989
6948,bwa,1990
7250,bwa,1991
7251,bwa,1992
7188,bwa,1993
7255,bwa,1994
7387,bwa,1995
7614,bwa,1996
8202,bwa,1997
8882,bwa,1998
9156,bwa,1999
9531,bwa,2000
9722,bwa,2001
10460,bwa,2002
10980,bwa,2003
11500,bwa,2004
11540,bwa,2005
11970,bwa,2006
12380,bwa,2007
12560,bwa,2008
11790,bwa,2009
12460,bwa,2010
12940,bwa,2011
7567,bra,1980
7067,bra,1981
6945,bra,1982
6557,bra,1983
6751,bra,1984
7134,bra,1985
7549,bra,1986
7669,bra,1987
7519,bra,1988
7628,bra,1989
7175,bra,1990
7164,bra,1991
7018,bra,1992
7233,bra,1993
7503,bra,1994
7716,bra,1995
7762,bra,1996
7903,bra,1997
7787,bra,1998
7692,bra,1999
7909,bra,2000
7902,bra,2001
8003,bra,2002
7990,bra,2003
8344,bra,2004
8509,bra,2005
8753,bra,2006
9196,bra,2007
9584,bra,2008
9468,bra,2009
10090,bra,2010
10280,bra,2011
80590,brn,1980
62590,brn,1981
63160,brn,1982
61690,brn,1983
60350,brn,1984
57810,brn,1985
54680,brn,1986
54240,brn,1987
53310,brn,1988
51280,brn,1989
50390,brn,1990
50530,brn,1991
51460,brn,1992
50190,brn,1993
50370,brn,1994
51240,brn,1995
51370,brn,1996
49360,brn,1997
47910,brn,1998
48220,brn,1999
48480,brn,2000
48720,brn,2001
49530,brn,2002
49920,brn,2003
49160,brn,2004
48380,brn,2005
49520,brn,2006
48650,brn,2007
46820,brn,2008
45160,brn,2009
45510,brn,2010
5830,bgr,1980
6096,bgr,1981
6220,bgr,1982
6417,bgr,1983
6619,bgr,1984
6797,bgr,1985
7085,bgr,1986
7503,bgr,1987
8315,bgr,1988
8136,bgr,1989
7529,bgr,1990
6961,bgr,1991
6525,bgr,1992
6480,bgr,1993
6620,bgr,1994
6840,bgr,1995
6254,bgr,1996
6189,bgr,1997
6533,bgr,1998
6699,bgr,1999
7118,bgr,2000
7552,bgr,2001
8055,bgr,2002
8547,bgr,2003
9174,bgr,2004
9809,bgr,2005
10510,bgr,2006
11240,bgr,2007
11990,bgr,2008
11390,bgr,2009
11510,bgr,2010
11800,bgr,2011
613.3,bfa,1980
624.1,bfa,1981
667.2,bfa,1982
653,bfa,1983
625.3,bfa,1984
661.4,bfa,1985
695.7,bfa,1986
676.2,bfa,1987
696.7,bfa,1988
692.9,bfa,1989
670.5,bfa,1990
711.7,bfa,1991
694.2,bfa,1992
698.8,bfa,1993
688.8,bfa,1994
708.3,bfa,1995
764.9,bfa,1996
790.9,bfa,1997
825.4,bfa,1998
862,bfa,1999
853.4,bfa,2000
884.7,bfa,2001
900.1,bfa,2002
944.9,bfa,2003
960.5,bfa,2004
1014,bfa,2005
1051,bfa,2006
1057,bfa,2007
1086,bfa,2008
1085,bfa,2009
1136,bfa,2010
1149,bfa,2011
604.3,bdi,1980
657.5,bdi,1981
630.1,bdi,1982
632.4,bdi,1983
612.8,bdi,1984
663.1,bdi,1985
663.1,bdi,1986
678.1,bdi,1987
691.6,bdi,1988
682.1,bdi,1989
689.1,bdi,1990
708,bdi,1991
701.6,bdi,1992
646.9,bdi,1993
613.5,bdi,1994
558.4,bdi,1995
509.3,bdi,1996
497.8,bdi,1997
518,bdi,1998
507.8,bdi,1999
496.3,bdi,2000
496.7,bdi,2001
506.6,bdi,2002
487.1,bdi,2003
496.1,bdi,2004
485.9,bdi,2005
496.8,bdi,2006
504.8,bdi,2007
514.5,bdi,2008
517.6,bdi,2009
523.6,bdi,2010
533.3,bdi,2011
740,khm,1993
783.3,khm,1994
810.9,khm,1995
833.2,khm,1996
859.6,khm,1997
883.4,khm,1998
969.4,khm,1999
1035,khm,2000
1100,khm,2001
1157,khm,2002
1238,khm,2003
1348,khm,2004
1508,khm,2005
1651,khm,2006
1799,khm,2007
1898,khm,2008
1879,khm,2009
1968,khm,2010
2080,khm,2011
2007,cmr,1980
2282,cmr,1981
2384,cmr,1982
2477,cmr,1983
2587,cmr,1984
2715,cmr,1985
2815,cmr,1986
2674,cmr,1987
2393,cmr,1988
2282,cmr,1989
2082,cmr,1990
1947,cmr,1991
1835,cmr,1992
1728,cmr,1993
1641,cmr,1994
1653,cmr,1995
1693,cmr,1996
1738,cmr,1997
1784,cmr,1998
1820,cmr,1999
1853,cmr,2000
1893,cmr,2001
1925,cmr,2002
1958,cmr,2003
1985,cmr,2004
1986,cmr,2005
2005,cmr,2006
2029,cmr,2007
2043,cmr,2008
2038,cmr,2009
2058,cmr,2010
2090,cmr,2011
23070,can,1980
23580,can,1981
22640,can,1982
23020,can,1983
24120,can,1984
25040,can,1985
25390,can,1986
26130,can,1987
27080,can,1988
27290,can,1989
26940,can,1990
26020,can,1991
25930,can,1992
26250,can,1993
27240,can,1994
27780,can,1995
27930,can,1996
28800,can,1997
29720,can,1998
31110,can,1999
32450,can,2000
32690,can,2001
33350,can,2002
33640,can,2003
34340,can,2004
35030,can,2005
35730,can,2006
36120,can,2007
35950,can,2008
34530,can,2009
35220,can,2010
35720,can,2011
993.9,cpv,1981
1029,cpv,1982
1114,cpv,1983
1203,cpv,1984
1274,cpv,1985
1289,cpv,1986
1310,cpv,1987
1377,cpv,1988
1440,cpv,1989
1427,cpv,1990
1416,cpv,1991
1426,cpv,1992
1486,cpv,1993
1546,cpv,1994
1621,cpv,1995
1647,cpv,1996
1699,cpv,1997
1789,cpv,1998
1906,cpv,1999
2187,cpv,2000
2280,cpv,2001
2360,cpv,2002
2432,cpv,2003
2499,cpv,2004
2628,cpv,2005
2862,cpv,2006
3078,cpv,2007
3240,cpv,2008
3331,cpv,2009
3474,cpv,2010
3616,cpv,2011
955.5,caf,1980
914.1,caf,1981
955.5,caf,1982
851.7,caf,1983
906,caf,1984
916.9,caf,1985
927.2,caf,1986
862.4,caf,1987
859,caf,1988
857.4,caf,1989
820.1,caf,1990
795.8,caf,1991
726,caf,1992
709.8,caf,1993
725.9,caf,1994
759.4,caf,1995
712.1,caf,1996
733.2,caf,1997
751.4,caf,1998
762.8,caf,1999
765.8,caf,2000
754.4,caf,2001
737.8,caf,2002
671.1,caf,2003
667.1,caf,2004
672,caf,2005
685.7,caf,2006
698.5,caf,2007
699.5,caf,2008
698.2,caf,2009
707.6,caf,2010
715.6,caf,2011
650.4,tcd,1980
642.8,tcd,1981
661.7,tcd,1982
747,tcd,1983
742.7,tcd,1984
880,tcd,1985
819.7,tcd,1986
775.9,tcd,1987
868.2,tcd,1988
882.3,tcd,1989
819.5,tcd,1990
862.7,tcd,1991
904,tcd,1992
739.3,tcd,1993
790,tcd,1994
775.5,tcd,1995
768.4,tcd,1996
786.8,tcd,1997
815.1,tcd,1998
783.3,tcd,1999
750.5,tcd,2000
808.9,tcd,2001
846.4,tcd,2002
936.8,tcd,2003
1209,tcd,2004
1374,tcd,2005
1336,tcd,2006
1302,tcd,2007
1262,tcd,2008
1215,tcd,2009
1337,tcd,2010
1343,tcd,2011
5654,chl,1980
5833,chl,1981
5150,chl,1982
4876,chl,1983
5179,chl,1984
5456,chl,1985
5666,chl,1986
5940,chl,1987
6266,chl,1988
6809,chl,1989
6937,chl,1990
7355,chl,1991
8108,chl,1992
8518,chl,1993
8848,chl,1994
9629,chl,1995
10190,chl,1996
10710,chl,1997
10910,chl,1998
10690,chl,1999
11030,chl,2000
11270,chl,2001
11380,chl,2002
11700,chl,2003
12270,chl,2004
12660,chl,2005
13250,chl,2006
13790,chl,2007
14110,chl,2008
13830,chl,2009
14540,chl,2010
15270,chl,2011
524,chn,1980
544.2,chn,1981
585,chn,1982
639.5,chn,1983
727.1,chn,1984
814.1,chn,1985
872.6,chn,1986
958.4,chn,1987
1050,chn,1988
1076,chn,1989
1101,chn,1990
1186,chn,1991
1338,chn,1992
1507,chn,1993
1686,chn,1994
1849,chn,1995
2013,chn,1996
2178,chn,1997
2325,chn,1998
2480,chn,1999
2667,chn,2000
2868,chn,2001
3108,chn,2002
3398,chn,2003
3719,chn,2004
4115,chn,2005
4611,chn,2006
5239,chn,2007
5712,chn,2008
6206,chn,2009
6819,chn,2010
7404,chn,2011
5297,col,1980
5296,col,1981
5229,col,1982
5196,col,1983
5255,col,1984
5303,col,1985
5496,col,1986
5673,col,1987
5784,col,1988
5863,col,1989
6097,col,1990
6116,col,1991
6304,col,1992
6334,col,1993
6581,col,1994
6799,col,1995
6816,col,1996
6926,col,1997
6845,col,1998
6446,col,1999
6619,col,2000
6620,col,2001
6678,col,2002
6831,col,2003
7084,col,2004
7305,col,2005
7677,col,2006
8085,col,2007
8250,col,2008
8268,col,2009
8479,col,2010
8861,col,2011
1206,com,1980
1208,com,1981
1243,com,1982
1262,com,1983
1275,com,1984
1268,com,1985
1257,com,1986
1245,com,1987
1247,com,1988
1178,com,1989
1208,com,1990
1116,com,1991
1182,com,1992
1188,com,1993
1099,com,1994
1110,com,1995
1069,com,1996
1084,com,1997
1070,com,1998
1062,com,1999
1050,com,2000
1056,com,2001
1071,com,2002
1068,com,2003
1038,com,2004
1053,com,2005
1037,com,2006
1015,com,2007
997.6,com,2008
989.1,com,2009
983.8,com,2010
980.1,com,2011
778.7,cod,1980
775.1,cod,1981
750.8,cod,1982
740.9,cod,1983
760.5,cod,1984
742.5,cod,1985
755.1,cod,1986
752.7,cod,1987
733.1,cod,1988
700,cod,1989
630.9,cod,1990
555.7,cod,1991
477.3,cod,1992
396.5,cod,1993
367.1,cod,1994
357.7,cod,1995
344.5,cod,1996
317.6,cod,1997
305.8,cod,1998
286.4,cod,1999
260.2,cod,2000
247.9,cod,2001
249.2,cod,2002
255.8,cod,2003
264.7,cod,2004
277,cod,2005
284.2,cod,2006
293.6,cod,2007
303.2,cod,2008
303.4,cod,2009
316.5,cod,2010
329.3,cod,2011
2951,cog,1980
3370,cog,1981
4044,cog,1982
4157,cog,1983
4319,cog,1984
4148,cog,1985
3756,cog,1986
3659,cog,1987
3623,cog,1988
3617,cog,1989
3556,cog,1990
3544,cog,1991
3541,cog,1992
3413,cog,1993
3140,cog,1994
3177,cog,1995
3223,cog,1996
3114,cog,1997
3140,cog,1998
2976,cog,1999
3120,cog,2000
3160,cog,2001
3230,cog,2002
3182,cog,2003
3216,cog,2004
3381,cog,2005
3494,cog,2006
3345,cog,2007
3434,cog,2008
3592,cog,2009
3808,cog,2010
3885,cog,2011
6378,cri,1980
6063,cri,1981
5466,cri,1982
5468,cri,1983
5649,cri,1984
5553,cri,1985
5718,cri,1986
5950,cri,1987
6016,cri,1988
6159,cri,1989
6239,cri,1990
6242,cri,1991
6650,cri,1992
6973,cri,1993
7128,cri,1994
7227,cri,1995
7111,cri,1996
7320,cri,1997
7739,cri,1998
8176,cri,1999
8137,cri,2000
8053,cri,2001
8124,cri,2002
8483,cri,2003
8688,cri,2004
9042,cri,2005
9673,cri,2006
10270,cri,2007
10390,cri,2008
10130,cri,2009
10450,cri,2010
10730,cri,2011
2620,civ,1980
2594,civ,1981
2489,civ,1982
2292,civ,1983
2141,civ,1984
2151,civ,1985
2139,civ,1986
2056,civ,1987
2009,civ,1988
1998,civ,1989
1911,civ,1990
1848,civ,1991
1784,civ,1992
1724,civ,1993
1685,civ,1994
1753,civ,1995
1837,civ,1996
1891,civ,1997
1933,civ,1998
1919,civ,1999
1811,civ,2000
1777,civ,2001
1722,civ,2002
1669,civ,2003
1672,civ,2004
1666,civ,2005
1649,civ,2006
1649,civ,2007
1657,civ,2008
1688,civ,2009
1694,civ,2010
1581,civ,2011
13390,hrv,1990
11200,hrv,1991
9973,hrv,1992
8837,hrv,1993
9335,hrv,1994
9925,hrv,1995
10920,hrv,1996
11440,hrv,1997
11850,hrv,1998
11590,hrv,1999
12370,hrv,2000
12780,hrv,2001
13410,hrv,2002
14130,hrv,2003
14710,hrv,2004
15330,hrv,2005
16100,hrv,2006
16930,hrv,2007
17300,hrv,2008
16280,hrv,2009
16130,hrv,2010
16160,hrv,2011
11260,cyp,1980
11350,cyp,1981
11890,cyp,1982
12450,cyp,1983
13370,cyp,1984
13850,cyp,1985
14200,cyp,1986
15040,cyp,1987
16170,cyp,1988
17210,cyp,1989
18090,cyp,1990
17760,cyp,1991
18920,cyp,1992
18600,cyp,1993
19290,cyp,1994
20100,cyp,1995
20150,cyp,1996
20330,cyp,1997
21100,cyp,1998
21870,cyp,1999
22730,cyp,2000
23390,cyp,2001
23590,cyp,2002
23630,cyp,2003
24060,cyp,2004
24410,cyp,2005
24930,cyp,2006
25830,cyp,2007
26460,cyp,2008
25790,cyp,2009
25960,cyp,2010
26050,cyp,2011
16520,cze,1990
14630,cze,1991
14540,cze,1992
14540,cze,1993
14850,cze,1994
15750,cze,1995
16480,cze,1996
16360,cze,1997
16330,cze,1998
16630,cze,1999
17340,cze,2000
17940,cze,2001
18380,cze,2002
19070,cze,2003
19960,cze,2004
21260,cze,2005
22680,cze,2006
23830,cze,2007
24360,cze,2008
23080,cze,2009
23640,cze,2010
23970,cze,2011
20790,dnk,1980
20610,dnk,1981
21390,dnk,1982
21970,dnk,1983
22900,dnk,1984
23810,dnk,1985
24960,dnk,1986
25000,dnk,1987
24950,dnk,1988
25080,dnk,1989
25440,dnk,1990
25710,dnk,1991
26130,dnk,1992
26020,dnk,1993
27360,dnk,1994
28050,dnk,1995
28690,dnk,1996
29480,dnk,1997
30010,dnk,1998
30680,dnk,1999
31650,dnk,2000
31760,dnk,2001
31810,dnk,2002
31840,dnk,2003
32490,dnk,2004
33190,dnk,2005
34210,dnk,2006
34600,dnk,2007
34120,dnk,2008
31960,dnk,2009
32230,dnk,2010
32400,dnk,2011
2736,dji,1990
2532,dji,1991
2477,dji,1992
2278,dji,1993
2221,dji,1994
2098,dji,1995
1956,dji,1996
1879,dji,1997
1818,dji,1998
1798,dji,1999
1756,dji,2000
1749,dji,2001
1758,dji,2002
1781,dji,2003
1817,dji,2004
1840,dji,2005
1893,dji,2006
1952,dji,2007
2026,dji,2008
2087,dji,2009
4002,dma,1980
4482,dma,1981
4681,dma,1982
4834,dma,1983
5133,dma,1984
5239,dma,1985
5657,dma,1986
6138,dma,1987
6721,dma,1988
6752,dma,1989
7138,dma,1990
7190,dma,1991
7325,dma,1992
7425,dma,1993
7513,dma,1994
7660,dma,1995
7883,dma,1996
8038,dma,1997
8490,dma,1998
8598,dma,1999
8444,dma,2000
8456,dma,2001
8321,dma,2002
8965,dma,2003
9277,dma,2004
9259,dma,2005
9721,dma,2006
10140,dma,2007
10970,dma,2008
10930,dma,2009
10990,dma,2010
11120,dma,2011
3766,dom,1980
3838,dom,1981
3815,dom,1982
3903,dom,1983
3865,dom,1984
3702,dom,1985
3750,dom,1986
4043,dom,1987
4045,dom,1988
4137,dom,1989
3833,dom,1990
3793,dom,1991
4110,dom,1992
4323,dom,1993
4341,dom,1994
4497,dom,1995
4735,dom,1996
5030,dom,1997
5296,dom,1998
5562,dom,1999
5785,dom,2000
5799,dom,2001
6042,dom,2002
5936,dom,2003
5925,dom,2004
6380,dom,2005
6961,dom,2006
7445,dom,2007
7728,dom,2008
7887,dom,2009
8387,dom,2010
8651,dom,2011
5699,ecu,1980
5731,ecu,1981
5547,ecu,1982
5264,ecu,1983
5324,ecu,1984
5340,ecu,1985
5419,ecu,1986
5172,ecu,1987
5471,ecu,1988
5395,ecu,1989
5414,ecu,1990
5569,ecu,1991
5531,ecu,1992
5432,ecu,1993
5575,ecu,1994
5568,ecu,1995
5603,ecu,1996
5736,ecu,1997
5766,ecu,1998
5319,ecu,1999
5381,ecu,2000
5575,ecu,2001
5761,ecu,2002
5849,ecu,2003
6258,ecu,2004
6510,ecu,2005
6713,ecu,2006
6746,ecu,2007
7128,ecu,2008
7051,ecu,2009
7201,ecu,2010
7443,ecu,2011
2404,egy,1980
2436,egy,1981
2614,egy,1982
2741,egy,1983
2839,egy,1984
2954,egy,1985
2960,egy,1986
2962,egy,1987
3047,egy,1988
3127,egy,1989
3237,egy,1990
3210,egy,1991
3292,egy,1992
3330,egy,1993
3405,egy,1994
3504,egy,1995
3617,egy,1996
3752,egy,1997
3837,egy,1998
4001,egy,1999
4141,egy,2000
4211,egy,2001
4231,egy,2002
4286,egy,2003
4379,egy,2004
4491,egy,2005
4711,egy,2006
4955,egy,2007
5216,egy,2008
5365,egy,2009
5544,egy,2010
5547,egy,2011
4372,slv,1980
3854,slv,1981
3559,slv,1982
3564,slv,1983
3564,slv,1984
3539,slv,1985
3501,slv,1986
3544,slv,1987
3565,slv,1988
3552,slv,1989
3672,slv,1990
3747,slv,1991
3967,slv,1992
4194,slv,1993
4385,slv,1994
4609,slv,1995
4641,slv,1996
4798,slv,1997
4945,slv,1998
5087,slv,1999
5171,slv,2000
5237,slv,2001
5339,slv,2002
5444,slv,2003
5526,slv,2004
5702,slv,2005
5902,slv,2006
6102,slv,2007
6151,slv,2008
5928,slv,2009
5978,slv,2010
6032,slv,2011
2239,gnq,1985
2083,gnq,1986
2095,gnq,1987
2084,gnq,1988
1998,gnq,1989
1999,gnq,1990
1912,gnq,1991
2046,gnq,1992
2102,gnq,1993
2135,gnq,1994
2360,gnq,1995
2949,gnq,1996
4886,gnq,1997
5767,gnq,1998
7899,gnq,1999
8682,gnq,2000
13620,gnq,2001
15760,gnq,2002
17410,gnq,2003
23300,gnq,2004
24810,gnq,2005
24400,gnq,2006
28800,gnq,2007
30990,gnq,2008
31860,gnq,2009
30750,gnq,2010
32030,gnq,2011
450.1,eri,1992
511.3,eri,1993
618.7,eri,1994
631.1,eri,1995
678.9,eri,1996
716.7,eri,1997
709.6,eri,1998
687.4,eri,1999
576.4,eri,2000
672.3,eri,2001
664.3,eri,2002
619.9,eri,2003
603.8,eri,2004
596.1,eri,2005
570.1,eri,2006
559.8,eri,2007
489.8,eri,2008
493.8,eri,2009
489.7,eri,2010
516.5,eri,2011
7938,est,1995
8531,est,1996
9641,est,1997
10400,est,1998
10450,est,1999
11510,est,2000
12280,est,2001
13140,est,2002
14220,est,2003
15170,est,2004
16550,est,2005
18250,est,2006
19650,est,2007
18940,est,2008
16250,est,2009
16610,est,2010
17890,est,2011
599.7,eth,1981
588.4,eth,1982
617.3,eth,1983
580.6,eth,1984
499.5,eth,1985
530.4,eth,1986
584.8,eth,1987
569.1,eth,1988
548.8,eth,1989
545.2,eth,1990
489.5,eth,1991
432,eth,1992
472.6,eth,1993
472,eth,1994
485.5,eth,1995
529.7,eth,1996
530.9,eth,1997
498.6,eth,1998
510.4,eth,1999
527.3,eth,2000
556.4,eth,2001
550.7,eth,2002
525.5,eth,2003
582.5,eth,2004
636.1,eth,2005
688.9,eth,2006
750.8,eth,2007
813.7,eth,2008
866.4,eth,2009
932.2,eth,2010
979.2,eth,2011
3434,fji,1980
3564,fji,1981
3264,fji,1982
3056,fji,1983
3242,fji,1984
3043,fji,1985
3248,fji,1986
3020,fji,1987
3044,fji,1988
3263,fji,1989
3434,fji,1990
3310,fji,1991
3469,fji,1992
3493,fji,1993
3619,fji,1994
3662,fji,1995
3794,fji,1996
3671,fji,1997
3684,fji,1998
3977,fji,1999
3886,fji,2000
3949,fji,2001
4068,fji,2002
4103,fji,2003
4311,fji,2004
4323,fji,2005
4374,fji,2006
4299,fji,2007
4300,fji,2008
4202,fji,2009
4154,fji,2010
4199,fji,2011
17860,fin,1980
18010,fin,1981
18460,fin,1982
18900,fin,1983
19380,fin,1984
19940,fin,1985
20400,fin,1986
21050,fin,1987
22090,fin,1988
23130,fin,1989
23140,fin,1990
21630,fin,1991
20760,fin,1992
20500,fin,1993
21150,fin,1994
21910,fin,1995
22610,fin,1996
23950,fin,1997
25090,fin,1998
26010,fin,1999
27330,fin,2000
27890,fin,2001
28340,fin,2002
28840,fin,2003
29940,fin,2004
30710,fin,2005
31940,fin,2006
33500,fin,2007
33440,fin,2008
30500,fin,2009
31500,fin,2010
32250,fin,2011
20260,fra,1980
20360,fra,1981
20740,fra,1982
20880,fra,1983
21070,fra,1984
21290,fra,1985
21650,fra,1986
22040,fra,1987
22940,fra,1988
23770,fra,1989
24270,fra,1990
24400,fra,1991
24650,fra,1992
24390,fra,1993
24830,fra,1994
25230,fra,1995
25400,fra,1996
25850,fra,1997
26610,fra,1998
27400,fra,1999
28210,fra,2000
28520,fra,2001
28580,fra,2002
28630,fra,2003
29140,fra,2004
29450,fra,2005
29970,fra,2006
30470,fra,2007
30270,fra,2008
29160,fra,2009
29480,fra,2010
29820,fra,2011
17010,gab,1980
17360,gab,1981
16330,gab,1982
16730,gab,1983
17440,gab,1984
16520,gab,1985
15880,gab,1986
12760,gab,1987
13950,gab,1988
14670,gab,1989
14940,gab,1990
15350,gab,1991
14400,gab,1992
14500,gab,1993
14580,gab,1994
14860,gab,1995
14970,gab,1996
15420,gab,1997
15550,gab,1998
13820,gab,1999
13250,gab,2000
13230,gab,2001
12920,gab,2002
12970,gab,2003
12880,gab,2004
13010,gab,2005
12920,gab,2006
13380,gab,2007
13440,gab,2008
13010,gab,2009
13610,gab,2010
14000,gab,2011
1649,gmb,1980
1644,gmb,1981
1571,gmb,1982
1675,gmb,1983
1663,gmb,1984
1578,gmb,1985
1567,gmb,1986
1529,gmb,1987
1523,gmb,1988
1542,gmb,1989
1533,gmb,1990
1526,gmb,1991
1528,gmb,1992
1528,gmb,1993
1488,gmb,1994
1459,gmb,1995
1451,gmb,1996
1480,gmb,1997
1489,gmb,1998
1540,gmb,1999
1579,gmb,2000
1622,gmb,2001
1523,gmb,2002
1580,gmb,2003
1642,gmb,2004
1599,gmb,2005
1606,gmb,2006
1655,gmb,2007
1711,gmb,2008
1776,gmb,2009
1833,gmb,2010
1873,gmb,2011
6859,geo,1980
7161,geo,1981
7243,geo,1982
7488,geo,1983
7827,geo,1984
8143,geo,1985
7411,geo,1986
7444,geo,1987
7780,geo,1988
7201,geo,1989
6138,geo,1990
4809,geo,1991
2629,geo,1992
1845,geo,1993
1670,geo,1994
1759,geo,1995
2006,geo,1996
2259,geo,1997
2352,geo,1998
2438,geo,1999
2502,geo,2000
2642,geo,2001
2805,geo,2002
3135,geo,2003
3327,geo,2004
3611,geo,2005
3916,geo,2006
4409,geo,2007
4516,geo,2008
4319,geo,2009
4546,geo,2010
4826,geo,2011
20860,deu,1980
20940,deu,1981
20880,deu,1982
21260,deu,1983
21940,deu,1984
22500,deu,1985
23000,deu,1986
23290,deu,1987
24060,deu,1988
24800,deu,1989
25880,deu,1990
27010,deu,1991
27310,deu,1992
26860,deu,1993
27430,deu,1994
27810,deu,1995
27950,deu,1996
28390,deu,1997
28920,deu,1998
29440,deu,1999
30300,deu,2000
30700,deu,2001
30660,deu,2002
30520,deu,2003
30890,deu,2004
31110,deu,2005
32300,deu,2006
33400,deu,2007
33830,deu,2008
32180,deu,2009
33410,deu,2010
34440,deu,2011
992.8,gha,1980
930.4,gha,1981
837.8,gha,1982
772,gha,1983
810.3,gha,1984
824.5,gha,1985
841.8,gha,1986
857.8,gha,1987
882,gha,1988
902.3,gha,1989
907.1,gha,1990
928.5,gha,1991
937.4,gha,1992
955.4,gha,1993
960.2,gha,1994
973.7,gha,1995
993.2,gha,1996
1010,gha,1997
1033,gha,1998
1053,gha,1999
1067,gha,2000
1083,gha,2001
1105,gha,2002
1134,gha,2003
1169,gha,2004
1208,gha,2005
1255,gha,2006
1304,gha,2007
1380,gha,2008
1401,gha,2009
1478,gha,2010
1652,gha,2011
17040,grc,1980
16630,grc,1981
16340,grc,1982
16070,grc,1983
16310,grc,1984
16660,grc,1985
16690,grc,1986
16250,grc,1987
16890,grc,1988
17440,grc,1989
17330,grc,1990
17690,grc,1991
17620,grc,1992
17180,grc,1993
17380,grc,1994
17600,grc,1995
17890,grc,1996
18430,grc,1997
18950,grc,1998
19510,grc,1999
20320,grc,2000
21110,grc,2001
21760,grc,2002
22980,grc,2003
23900,grc,2004
24350,grc,2005
25600,grc,2006
26260,grc,2007
26110,grc,2008
25160,grc,2009
24210,grc,2010
22560,grc,2011
4034,grd,1980
3998,grd,1981
4082,grd,1982
4075,grd,1983
4163,grd,1984
4433,grd,1985
4788,grd,1986
5363,grd,1987
5621,grd,1988
6036,grd,1989
6388,grd,1990
6524,grd,1991
6454,grd,1992
6214,grd,1993
6314,grd,1994
6417,grd,1995
6641,grd,1996
6925,grd,1997
7365,grd,1998
8096,grd,1999
9102,grd,2000
8728,grd,2001
8895,grd,2002
9624,grd,2003
8978,grd,2004
10030,grd,2005
9809,grd,2006
10390,grd,2007
10530,grd,2008
9897,grd,2009
9735,grd,2010
9806,grd,2011
3873,gtm,1980
3803,gtm,1981
3579,gtm,1982
3402,gtm,1983
3336,gtm,1984
3237,gtm,1985
3167,gtm,1986
3204,gtm,1987
3254,gtm,1988
3306,gtm,1989
3332,gtm,1990
3375,gtm,1991
3457,gtm,1992
3510,gtm,1993
3568,gtm,1994
3660,gtm,1995
3683,gtm,1996
3758,gtm,1997
3857,gtm,1998
3913,gtm,1999
3960,gtm,2000
3955,gtm,2001
4008,gtm,2002
4008,gtm,2003
4032,gtm,2004
4062,gtm,2005
4176,gtm,2006
4331,gtm,2007
4365,gtm,2008
4281,gtm,2009
4297,gtm,2010
4351,gtm,2011
617.4,gin,1986
622.5,gin,1987
643.7,gin,1988
646.2,gin,1989
644.5,gin,1990
626.1,gin,1991
608.3,gin,1992
601.3,gin,1993
592.6,gin,1994
594,gin,1995
605.8,gin,1996
620,gin,1997
639.5,gin,1998
660.1,gin,1999
663,gin,2000
671.8,gin,2001
686.4,gin,2002
712.1,gin,2003
716.8,gin,2004
970.9,gin,2005
977.8,gin,2006
976.7,gin,2007
1005,gin,2008
981.5,gin,2009
978.4,gin,2010
989.7,gin,2011
905.4,gnb,1980
1043,gnb,1981
1064,gnb,1982
1010,gnb,1983
1083,gnb,1984
1108,gnb,1985
1079,gnb,1986
1089,gnb,1987
1117,gnb,1988
1161,gnb,1989
1208,gnb,1990
1244,gnb,1991
1232,gnb,1992
1233,gnb,1993
1246,gnb,1994
1275,gnb,1995
1395,gnb,1996
1457,gnb,1997
1028,gnb,1998
1087,gnb,1999
1146,gnb,2000
1126,gnb,2001
1026,gnb,2002
1000,gnb,2003
1002,gnb,2004
1017,gnb,2005
1018,gnb,2006
1029,gnb,2007
1041,gnb,2008
1050,gnb,2009
1064,gnb,2010
1097,gnb,2011
2059,guy,1980
2093,guy,1981
1826,guy,1982
1716,guy,1983
1644,guy,1984
1699,guy,1985
1699,guy,1986
1729,guy,1987
1678,guy,1988
1606,guy,1989
1564,guy,1990
1661,guy,1991
1790,guy,1992
1934,guy,1993
2094,guy,1994
2194,guy,1995
2364,guy,1996
2508,guy,1997
2463,guy,1998
2533,guy,1999
2492,guy,2000
2541,guy,2001
2558,guy,2002
2522,guy,2003
2596,guy,2004
2536,guy,2005
2659,guy,2006
2839,guy,2007
2889,guy,2008
2980,guy,2009
3104,guy,2010
1377,hti,1991
1278,hti,1992
1185,hti,1993
1023,hti,1994
1102,hti,1995
1126,hti,1996
1134,hti,1997
1137,hti,1998
1147,hti,1999
1137,hti,2000
1106,hti,2001
1086,hti,2002
1073,hti,2003
1020,hti,2004
1023,hti,2005
1032,hti,2006
1052,hti,2007
1047,hti,2008
1063,hti,2009
992.4,hti,2010
1034,hti,2011
2820,hnd,1980
2803,hnd,1981
2680,hnd,1982
2576,hnd,1983
2608,hnd,1984
2636,hnd,1985
2577,hnd,1986
2653,hnd,1987
2695,hnd,1988
2732,hnd,1989
2658,hnd,1990
2669,hnd,1991
2744,hnd,1992
2839,hnd,1993
2731,hnd,1994
2774,hnd,1995
2807,hnd,1996
2882,hnd,1997
2903,hnd,1998
2788,hnd,1999
2888,hnd,2000
2906,hnd,2001
2955,hnd,2002
3027,hnd,2003
3152,hnd,2004
3277,hnd,2005
3423,hnd,2006
3563,hnd,2007
3641,hnd,2008
3493,hnd,2009
3519,hnd,2010
3566,hnd,2011
13950,hkg,1980
14890,hkg,1981
15090,hkg,1982
15750,hkg,1983
17140,hkg,1984
17070,hkg,1985
18730,hkg,1986
20990,hkg,1987
22620,hkg,1988
22880,hkg,1989
23700,hkg,1990
24840,hkg,1991
26130,hkg,1992
27240,hkg,1993
28240,hkg,1994
28320,hkg,1995
28220,hkg,1996
29400,hkg,1997
27400,hkg,1998
27840,hkg,1999
29790,hkg,2000
29710,hkg,2001
30130,hkg,2002
31090,hkg,2003
33460,hkg,2004
35680,hkg,2005
37940,hkg,2006
39960,hkg,2007
40580,hkg,2008
39350,hkg,2009
41710,hkg,2010
43840,hkg,2011
11350,hun,1980
11670,hun,1981
12010,hun,1982
12110,hun,1983
12460,hun,1984
12450,hun,1985
12670,hun,1986
13200,hun,1987
13210,hun,1988
13460,hun,1989
13120,hun,1990
11560,hun,1991
11210,hun,1992
11160,hun,1993
11500,hun,1994
11690,hun,1995
11730,hun,1996
12120,hun,1997
12640,hun,1998
13090,hun,1999
13670,hun,2000
14210,hun,2001
14900,hun,2002
15510,hun,2003
16290,hun,2004
16970,hun,2005
17660,hun,2006
17710,hun,2007
17900,hun,2008
16710,hun,2009
16960,hun,2010
17300,hun,2011
21850,isl,1980
22520,isl,1981
22700,isl,1982
21920,isl,1983
22580,isl,1984
23140,isl,1985
24420,isl,1986
26210,isl,1987
25780,isl,1988
25530,isl,1989
25630,isl,1990
25280,isl,1991
24120,isl,1992
24190,isl,1993
24850,isl,1994
24740,isl,1995
25780,isl,1996
26830,isl,1997
28220,isl,1998
29020,isl,1999
29870,isl,2000
30630,isl,2001
30400,isl,2002
30920,isl,2003
33060,isl,2004
34890,isl,2005
35680,isl,2006
36880,isl,2007
36660,isl,2008
34040,isl,2009
32720,isl,2010
33620,isl,2011
879.4,ind,1980
910.8,ind,1981
921.1,ind,1982
966,ind,1983
980.5,ind,1984
1009,ind,1985
1034,ind,1986
1052,ind,1987
1129,ind,1988
1171,ind,1989
1210,ind,1990
1198,ind,1991
1238,ind,1992
1272,ind,1993
1330,ind,1994
1404,ind,1995
1482,ind,1996
1515,ind,1997
1580,ind,1998
1684,ind,1999
1722,ind,2000
1778,ind,2001
1818,ind,2002
1932,ind,2003
2052,ind,2004
2209,ind,2005
2378,ind,2006
2573,ind,2007
2635,ind,2008
2813,ind,2009
3039,ind,2010
3203,ind,2011
1323,idn,1980
1399,idn,1981
1383,idn,1982
1467,idn,1983
1539,idn,1984
1561,idn,1985
1621,idn,1986
1675,idn,1987
1749,idn,1988
1875,idn,1989
2008,idn,1990
2151,idn,1991
2270,idn,1992
2396,idn,1993
2538,idn,1994
2711,idn,1995
2877,idn,1996
2971,idn,1997
2547,idn,1998
2533,idn,1999
2623,idn,2000
2683,idn,2001
2768,idn,2002
2863,idn,2003
2970,idn,2004
3102,idn,2005
3236,idn,2006
3403,idn,2007
3570,idn,2008
3696,idn,2009
3885,idn,2010
4094,idn,2011
7188,irn,1980
6570,irn,1981
7149,irn,1982
7752,irn,1983
7347,irn,1984
7224,irn,1985
6322,irn,1986
6010,irn,1987
5440,irn,1988
5600,irn,1989
6201,irn,1990
6832,irn,1991
6998,irn,1992
6784,irn,1993
6661,irn,1994
6729,irn,1995
7081,irn,1996
7186,irn,1997
7245,irn,1998
7254,irn,1999
7503,irn,2000
7664,irn,2001
8130,irn,2002
8600,irn,2003
8928,irn,2004
9228,irn,2005
9654,irn,2006
10290,irn,2007
10400,irn,2008
10460,irn,2009
3138,irq,1997
4105,irq,1998
4970,irq,1999
4615,irq,2000
4202,irq,2001
3778,irq,2002
2162,irq,2003
3088,irq,2004
2990,irq,2005
3082,irq,2006
3036,irq,2007
3227,irq,2008
3264,irq,2009
3195,irq,2010
3412,irq,2011
33420,irl,2000
34470,irl,2001
35890,irl,2002
36780,irl,2003
37740,irl,2004
38900,irl,2005
40000,irl,2006
41140,irl,2007
39290,irl,2008
36270,irl,2009
35990,irl,2010
35640,irl,2011
15030,isr,1980
15490,isr,1981
15480,isr,1982
15730,isr,1983
15670,isr,1984
15920,isr,1985
16430,isr,1986
17330,isr,1987
17390,isr,1988
17250,isr,1989
17860,isr,1990
18120,isr,1991
18480,isr,1992
19000,isr,1993
19800,isr,1994
20540,isr,1995
21100,isr,1996
21280,isr,1997
21650,isr,1998
21820,isr,1999
23210,isr,2000
22620,isr,2001
22040,isr,2002
21980,isr,2003
22640,isr,2004
23340,isr,2005
24210,isr,2006
25100,isr,2007
25650,isr,2008
25250,isr,2009
25990,isr,2010
26720,isr,2011
18810,ita,1980
18950,ita,1981
19010,ita,1982
19230,ita,1983
19850,ita,1984
20400,ita,1985
20980,ita,1986
21650,ita,1987
22540,ita,1988
23290,ita,1989
23750,ita,1990
24090,ita,1991
24260,ita,1992
24040,ita,1993
24550,ita,1994
25260,ita,1995
25540,ita,1996
26000,ita,1997
26370,ita,1998
26750,ita,1999
27720,ita,2000
28220,ita,2001
28250,ita,2002
28020,ita,2003
28230,ita,2004
28280,ita,2005
28740,ita,2006
29010,ita,2007
28450,ita,2008
26730,ita,2009
27080,ita,2010
27070,ita,2011
5250,jam,1980
5316,jam,1981
5333,jam,1982
5336,jam,1983
5163,jam,1984
4944,jam,1985
4983,jam,1986
5341,jam,1987
5539,jam,1988
5891,jam,1989
6099,jam,1990
6352,jam,1991
6430,jam,1992
6984,jam,1993
7026,jam,1994
7133,jam,1995
7040,jam,1996
6894,jam,1997
6673,jam,1998
6697,jam,1999
6716,jam,2000
6767,jam,2001
6799,jam,2002
7119,jam,2003
7184,jam,2004
7224,jam,2005
7420,jam,2006
7429,jam,2007
7272,jam,2008
7061,jam,2009
7001,jam,2010
7074,jam,2011
17830,jpn,1980
18440,jpn,1981
18940,jpn,1982
19380,jpn,1983
20120,jpn,1984
21260,jpn,1985
21730,jpn,1986
22520,jpn,1987
24020,jpn,1988
25210,jpn,1989
26520,jpn,1990
27320,jpn,1991
27470,jpn,1992
27450,jpn,1993
27600,jpn,1994
28030,jpn,1995
28680,jpn,1996
29060,jpn,1997
28410,jpn,1998
28300,jpn,1999
28890,jpn,2000
28930,jpn,2001
28940,jpn,2002
29370,jpn,2003
30050,jpn,2004
30440,jpn,2005
30960,jpn,2006
31640,jpn,2007
31320,jpn,2008
29630,jpn,2009
30970,jpn,2010
30660,jpn,2011
3931,jor,1980
3960,jor,1981
4086,jor,1982
4004,jor,1983
4187,jor,1984
4180,jor,1985
4310,jor,1986
4276,jor,1987
4051,jor,1988
3383,jor,1989
3293,jor,1990
2998,jor,1991
3378,jor,1992
3378,jor,1993
3412,jor,1994
3507,jor,1995
3472,jor,1996
3479,jor,1997
3476,jor,1998
3530,jor,1999
3591,jor,2000
3687,jor,2001
3808,jor,2002
3870,jor,2003
4101,jor,2004
4334,jor,2005
4580,jor,2006
4845,jor,2007
5083,jor,2008
5246,jor,2009
5249,jor,2010
5269,jor,2011
7089,kaz,1990
6270,kaz,1991
5942,kaz,1992
5431,kaz,1993
4816,kaz,1994
4499,kaz,1995
4591,kaz,1996
4743,kaz,1997
4734,kaz,1998
4909,kaz,1999
5406,kaz,2000
6146,kaz,2001
6748,kaz,2002
7351,kaz,2003
8001,kaz,2004
8699,kaz,2005
9529,kaz,2006
10260,kaz,2007
10470,kaz,2008
10320,kaz,2009
10920,kaz,2010
11570,kaz,2011
1375,ken,1980
1373,ken,1981
1342,ken,1982
1309,ken,1983
1282,ken,1984
1289,ken,1985
1332,ken,1986
1361,ken,1987
1395,ken,1988
1411,ken,1989
1421,ken,1990
1394,ken,1991
1339,ken,1992
1302,ken,1993
1296,ken,1994
1315,ken,1995
1332,ken,1996
1303,ken,1997
1312,ken,1998
1309,ken,1999
1283,ken,2000
1298,ken,2001
1271,ken,2002
1274,ken,2003
1305,ken,2004
1346,ken,2005
1395,ken,2006
1455,ken,2007
1440,ken,2008
1441,ken,2009
1481,ken,2010
1507,ken,2011
2088,kir,1980
1973,kir,1981
2060,kir,1982
2194,kir,1983
2118,kir,1984
1976,kir,1985
1963,kir,1986
1862,kir,1987
2155,kir,1988
1930,kir,1989
1943,kir,1990
1826,kir,1991
1856,kir,1992
1881,kir,1993
1948,kir,1994
1898,kir,1995
1982,kir,1996
2057,kir,1997
2244,kir,1998
2236,kir,1999
2355,kir,2000
2242,kir,2001
2337,kir,2002
2397,kir,2003
2376,kir,2004
2342,kir,2005
2347,kir,2006
2319,kir,2007
2258,kir,2008
2209,kir,2009
2214,kir,2010
2220,kir,2011
5544,kor,1980
5794,kor,1981
6123,kor,1982
6684,kor,1983
7137,kor,1984
7547,kor,1985
8272,kor,1986
9104,kor,1987
9977,kor,1988
10550,kor,1989
11380,kor,1990
12340,kor,1991
12940,kor,1992
13620,kor,1993
14650,kor,1994
15760,kor,1995
16700,kor,1996
17320,kor,1997
16010,kor,1998
17410,kor,1999
18730,kor,2000
19330,kor,2001
20600,kor,2002
21070,kor,2003
21960,kor,2004
22780,kor,2005
23850,kor,2006
24950,kor,2007
25340,kor,2008
25300,kor,2009
26770,kor,2010
27540,kor,2011
39980,kwt,1980
30830,kwt,1981
25820,kwt,1982
27240,kwt,1983
27360,kwt,1984
24960,kwt,1985
25720,kwt,1986
26350,kwt,1987
22640,kwt,1988
27750,kwt,1989
41620,kwt,1995
41860,kwt,1996
41600,kwt,1997
41050,kwt,1998
38290,kwt,1999
38360,kwt,2000
37320,kwt,2001
37320,kwt,2002
42610,kwt,2003
45610,kwt,2004
48780,kwt,2005
49410,kwt,2006
49540,kwt,2007
49950,kwt,2008
45630,kwt,2009
45620,kwt,2010
47940,kwt,2011
2145,kgz,1986
2174,kgz,1987
2418,kgz,1988
2434,kgz,1989
2523,kgz,1990
2288,kgz,1991
1947,kgz,1992
1646,kgz,1993
1316,kgz,1994
1232,kgz,1995
1300,kgz,1996
1408,kgz,1997
1416,kgz,1998
1446,kgz,1999
1507,kgz,2000
1572,kgz,2001
1557,kgz,2002
1649,kgz,2003
1744,kgz,2004
1721,kgz,2005
1756,kgz,2006
1888,kgz,2007
2027,kgz,2008
2060,kgz,2009
2008,kgz,2010
2126,kgz,2011
859.5,lao,1984
879,lao,1985
897.2,lao,1986
860.3,lao,1987
819.8,lao,1988
910.1,lao,1989
944.1,lao,1990
957.3,lao,1991
982.7,lao,1992
1013,lao,1993
1067,lao,1994
1114,lao,1995
1164,lao,1996
1217,lao,1997
1240,lao,1998
1305,lao,1999
1355,lao,2000
1409,lao,2001
1469,lao,2002
1534,lao,2003
1607,lao,2004
1695,lao,2005
1814,lao,2006
1922,lao,2007
2041,lao,2008
2162,lao,2009
2313,lao,2010
2464,lao,2011
8272,lva,1980
8595,lva,1981
8757,lva,1982
9160,lva,1983
9626,lva,1984
9528,lva,1985
9896,lva,1986
10020,lva,1987
10430,lva,1988
10970,lva,1989
10110,lva,1990
8877,lva,1991
6110,lva,1992
5921,lva,1993
6153,lva,1994
6182,lva,1995
6489,lva,1996
7097,lva,1997
7502,lva,1998
7919,lva,1999
8529,lva,2000
9286,lva,2001
9956,lva,2002
10730,lva,2003
11730,lva,2004
13040,lva,2005
14720,lva,2006
16270,lva,2007
15650,lva,2008
12900,lva,2009
12950,lva,2010
13770,lva,2011
8052,lbn,1988
4605,lbn,1989
5737,lbn,1990
7725,lbn,1991
7802,lbn,1992
8043,lbn,1993
8389,lbn,1994
8684,lbn,1995
8934,lbn,1996
8588,lbn,1997
8782,lbn,1998
8634,lbn,1999
8628,lbn,2000
8826,lbn,2001
8969,lbn,2002
9102,lbn,2003
9630,lbn,2004
9595,lbn,2005
9547,lbn,2006
10170,lbn,2007
11030,lbn,2008
11880,lbn,2009
12620,lbn,2010
12900,lbn,2011
833.2,lso,1980
816.9,lso,1981
815.8,lso,1982
769.6,lso,1983
829,lso,1984
850.5,lso,1985
837.1,lso,1986
761.8,lso,1987
813.5,lso,1988
852.9,lso,1989
891.6,lso,1990
896.2,lso,1991
945.1,lso,1992
959,lso,1993
995.1,lso,1994
994.2,lso,1995
1021,lso,1996
1036,lso,1997
1072,lso,1998
1057,lso,1999
1100,lso,2000
1132,lso,2001
1132,lso,2002
1170,lso,2003
1186,lso,2004
1207,lso,2005
1247,lso,2006
1293,lso,2007
1349,lso,2008
1374,lso,2009
1436,lso,2010
1504,lso,2011
1263,lbr,1980
1195,lbr,1981
1126,lbr,1982
1070,lbr,1983
1022,lbr,1984
998.4,lbr,1985
977.3,lbr,1986
971.3,lbr,1987
961.4,lbr,1988
715,lbr,1989
355.4,lbr,1990
310.1,lbr,1991
204.9,lbr,1992
138.9,lbr,1993
108.2,lbr,1994
100.9,lbr,1995
107.5,lbr,1996
207,lbr,1997
249.5,lbr,1998
287.4,lbr,1999
343.9,lbr,2000
406.8,lbr,2001
526.3,lbr,2002
348.7,lbr,2003
325,lbr,2004
345.8,lbr,2005
364.5,lbr,2006
401.9,lbr,2007
422.2,lbr,2008
455.3,lbr,2009
482.3,lbr,2010
506.1,lbr,2011
12400,lby,1999
12620,lby,2000
11850,lby,2001
11480,lby,2002
12720,lby,2003
13020,lby,2004
14020,lby,2005
14530,lby,2006
15070,lby,2007
15320,lby,2008
15360,lby,2009
12500,ltu,1990
11770,ltu,1991
9278,ltu,1992
7809,ltu,1993
7096,ltu,1994
7386,ltu,1995
7828,ltu,1996
8475,ltu,1997
9188,ltu,1998
9154,ltu,1999
9518,ltu,2000
10210,ltu,2001
10950,ltu,2002
12130,ltu,2003
13090,ltu,2004
14200,ltu,2005
15400,ltu,2006
17010,ltu,2007
17600,ltu,2008
15090,ltu,2009
15530,ltu,2010
16880,ltu,2011
27610,lux,1980
27380,lux,1981
27660,lux,1982
28480,lux,1983
30210,lux,1984
31000,lux,1985
33940,lux,1986
35050,lux,1987
37740,lux,1988
41040,lux,1989
42690,lux,1990
45760,lux,1991
45980,lux,1992
47270,lux,1993
48410,lux,1994
48420,lux,1995
48490,lux,1996
50730,lux,1997
53350,lux,1998
57070,lux,1999
61060,lux,2000
61860,lux,2001
63730,lux,2002
63930,lux,2003
65800,lux,2004
68320,lux,2005
70580,lux,2006
74110,lux,2007
73350,lux,2008
68190,lux,2009
68750,lux,2010
68460,lux,2011
16960,mac,1982
17910,mac,1983
18610,mac,1984
17950,mac,1985
18350,mac,1986
20100,mac,1987
20810,mac,1988
21060,mac,1989
22040,mac,1990
22250,mac,1991
24650,mac,1992
25440,mac,1993
26070,mac,1994
26490,mac,1995
25970,mac,1996
25500,mac,1997
23960,mac,1998
23000,mac,1999
23890,mac,2000
24110,mac,2001
25720,mac,2002
28330,mac,2003
35130,mac,2004
37240,mac,2005
41580,mac,2006
46390,mac,2007
46760,mac,2008
46430,mac,2009
57630,mac,2010
68070,mac,2011
8523,mkd,1990
7941,mkd,1991
7376,mkd,1992
6789,mkd,1993
6637,mkd,1994
6531,mkd,1995
6576,mkd,1996
6638,mkd,1997
6830,mkd,1998
7095,mkd,1999
7388,mkd,2000
7030,mkd,2001
7068,mkd,2002
7247,mkd,2003
7563,mkd,2004
7872,mkd,2005
8248,mkd,2006
8735,mkd,2007
9147,mkd,2008
9044,mkd,2009
9187,mkd,2010
9451,mkd,2011
1289,mdg,1980
1134,mdg,1981
1086,mdg,1982
1068,mdg,1983
1059,mdg,1984
1044,mdg,1985
1036,mdg,1986
1019,mdg,1987
1024,mdg,1988
1035,mdg,1989
1037,mdg,1990
942.7,mdg,1991
925.7,mdg,1992
916.9,mdg,1993
888.5,mdg,1994
876.1,mdg,1995
867.3,mdg,1996
871.4,mdg,1997
877.5,mdg,1998
889.9,mdg,1999
903.6,mdg,2000
928.9,mdg,2001
786.7,mdg,2002
837.9,mdg,2003
855.7,mdg,2004
868.7,mdg,2005
885.5,mdg,2006
913.4,mdg,2007
950.1,mdg,2008
880.6,mdg,2009
868.9,mdg,2010
852.8,mdg,2011
688.5,mwi,1980
634.9,mwi,1981
635.1,mwi,1982
641.7,mwi,1983
654.2,mwi,1984
655.8,mwi,1985
620.8,mwi,1986
594.6,mwi,1987
578.7,mwi,1988
558.4,mwi,1989
569.4,mwi,1990
606,mwi,1991
555.9,mwi,1992
607.3,mwi,1993
542.3,mwi,1994
625.9,mwi,1995
659.2,mwi,1996
667.7,mwi,1997
674.5,mwi,1998
675.3,mwi,1999
667.2,mwi,2000
617.5,mwi,2001
611.9,mwi,2002
629,mwi,2003
646.1,mwi,2004
644.8,mwi,2005
674.9,mwi,2006
693.3,mwi,2007
728.8,mwi,2008
770.6,mwi,2009
795.5,mwi,2010
805.4,mwi,2011
4867,mys,1980
5078,mys,1981
5245,mys,1982
5430,mys,1983
5696,mys,1984
5478,mys,1985
5385,mys,1986
5512,mys,1987
5884,mys,1988
6234,mys,1989
6607,mys,1990
7045,mys,1991
7473,mys,1992
8005,mys,1993
8524,mys,1994
9129,mys,1995
9793,mys,1996
10250,mys,1997
9268,mys,1998
9602,mys,1999
10210,mys,2000
10030,mys,2001
10330,mys,2002
10690,mys,2003
11180,mys,2004
11540,mys,2005
12000,mys,2006
12550,mys,2007
12940,mys,2008
12530,mys,2009
13210,mys,2010
13670,mys,2011
3230,mdv,1995
3451,mdv,1996
3736,mdv,1997
4026,mdv,1998
4241,mdv,1999
4368,mdv,2000
4444,mdv,2001
4638,mdv,2002
5304,mdv,2003
5761,mdv,2004
5290,mdv,2005
6238,mdv,2006
6803,mdv,2007
7531,mdv,2008
7080,mdv,2009
7387,mdv,2010
7834,mdv,2011
750.1,mli,1980
702.5,mli,1981
656,mli,1982
673.2,mli,1983
688.8,mli,1984
599.7,mli,1985
639.9,mli,1986
627.4,mli,1987
627.6,mli,1988
690.3,mli,1989
665.1,mli,1990
661.4,mli,1991
699.6,mli,1992
667.2,mli,1993
655.6,mli,1994
677.9,mli,1995
681.1,mli,1996
707.6,mli,1997
729.8,mli,1998
757.1,mli,1999
758.9,mli,2000
825.5,mli,2001
833.8,mli,2002
868.5,mli,2003
860.3,mli,2004
884.6,mli,2005
902.9,mli,2006
913,mli,2007
929.5,mli,2008
942.1,mli,2009
966.9,mli,2010
963.5,mli,2011
10430,mlt,1980
10700,mlt,1981
10710,mlt,1982
10490,mlt,1983
10590,mlt,1984
10680,mlt,1985
10910,mlt,1986
11280,mlt,1987
12130,mlt,1988
12990,mlt,1989
13670,mlt,1990
14390,mlt,1991
14910,mlt,1992
15430,mlt,1993
16160,mlt,1994
17070,mlt,1995
17610,mlt,1996
18410,mlt,1997
19240,mlt,1998
20050,mlt,1999
21290,mlt,2000
20340,mlt,2001
20760,mlt,2002
20650,mlt,2003
20410,mlt,2004
21020,mlt,2005
21350,mlt,2006
22120,mlt,2007
22920,mlt,2008
22200,mlt,2009
22700,mlt,2010
23010,mlt,2011
1967,mrt,1980
1977,mrt,1981
1877,mrt,1982
1892,mrt,1983
1781,mrt,1984
1785,mrt,1985
1837,mrt,1986
1823,mrt,1987
1806,mrt,1988
1843,mrt,1989
1763,mrt,1990
1746,mrt,1991
1731,mrt,1992
1782,mrt,1993
1680,mrt,1994
1794,mrt,1995
1845,mrt,1996
1721,mrt,1997
1749,mrt,1998
1830,mrt,1999
1771,mrt,2000
1755,mrt,2001
1716,mrt,2002
1767,mrt,2003
1817,mrt,2004
1926,mrt,2005
2229,mrt,2006
2206,mrt,2007
2227,mrt,2008
2146,mrt,2009
2204,mrt,2010
2255,mrt,2011
3729,mus,1980
3895,mus,1981
4061,mus,1982
4036,mus,1983
4190,mus,1984
4452,mus,1985
4844,mus,1986
5233,mus,1987
5546,mus,1988
5749,mus,1989
6104,mus,1990
6307,mus,1991
6630,mus,1992
6884,mus,1993
7069,mus,1994
7309,mus,1995
7639,mus,1996
7973,mus,1997
8369,mus,1998
8479,mus,1999
9154,mus,2000
9288,mus,2001
9403,mus,2002
9646,mus,2003
10110,mus,2004
10160,mus,2005
10480,mus,2006
11030,mus,2007
11560,mus,2008
11850,mus,2009
12280,mus,2010
12740,mus,2011
10240,mex,1980
10890,mex,1981
10600,mex,1982
9958,mex,1983
10120,mex,1984
10180,mex,1985
9596,mex,1986
9575,mex,1987
9497,mex,1988
9697,mex,1989
9990,mex,1990
10220,mex,1991
10390,mex,1992
10410,mex,1993
10680,mex,1994
9846,mex,1995
10180,mex,1996
10690,mex,1997
11030,mex,1998
11280,mex,1999
11850,mex,2000
11670,mex,2001
11620,mex,2002
11630,mex,2003
11960,mex,2004
12190,mex,2005
12660,mex,2006
12910,mex,2007
12890,mex,2008
11940,mex,2009
12440,mex,2010
12780,mex,2011
2588,fsm,1986
2558,fsm,1987
2566,fsm,1988
2598,fsm,1989
2634,fsm,1990
2760,fsm,1991
2798,fsm,1992
2953,fsm,1993
2881,fsm,1994
3053,fsm,1995
2940,fsm,1996
2764,fsm,1997
2848,fsm,1998
2904,fsm,1999
3038,fsm,2000
3083,fsm,2001
3086,fsm,2002
3123,fsm,2003
3005,fsm,2004
3054,fsm,2005
3048,fsm,2006
2975,fsm,2007
2896,fsm,2008
2908,fsm,2009
2988,fsm,2010
3017,fsm,2011
3865,mda,1980
3802,mda,1981
4205,mda,1982
4343,mda,1983
4443,mda,1984
4168,mda,1985
4458,mda,1986
4474,mda,1987
4516,mda,1988
4715,mda,1989
4583,mda,1990
3839,mda,1991
2720,mda,1992
2690,mda,1993
1864,mda,1994
1848,mda,1995
1755,mda,1996
1787,mda,1997
1674,mda,1998
1620,mda,1999
1657,mda,2000
1762,mda,2001
1904,mda,2002
2036,mda,2003
2192,mda,2004
2362,mda,2005
2482,mda,2006
2564,mda,2007
2768,mda,2008
2606,mda,2009
2794,mda,2010
2975,mda,2011
1995,mng,1981
2108,mng,1982
2175,mng,1983
2245,mng,1984
2311,mng,1985
2457,mng,1986
2469,mng,1987
2524,mng,1988
2566,mng,1989
2435,mng,1990
2189,mng,1991
1964,mng,1992
1886,mng,1993
1912,mng,1994
2018,mng,1995
2046,mng,1996
2107,mng,1997
2158,mng,1998
2204,mng,1999
2208,mng,2000
2252,mng,2001
2335,mng,2002
2472,mng,2003
2703,mng,2004
2862,mng,2005
3062,mng,2006
3324,mng,2007
3562,mng,2008
3459,mng,2009
3620,mng,2010
4178,mng,2011
7139,mne,1997
7527,mne,1998
6858,mne,1999
7105,mne,2000
7210,mne,2001
7367,mne,2002
7564,mne,2003
7904,mne,2004
8238,mne,2005
8942,mne,2006
9885,mne,2007
10550,mne,2008
9926,mne,2009
10160,mne,2010
10400,mne,2011
2335,mar,1980
2210,mar,1981
2359,mar,1982
2284,mar,1983
2322,mar,1984
2408,mar,1985
2548,mar,1986
2428,mar,1987
2625,mar,1988
2633,mar,1989
2687,mar,1990
2820,mar,1991
2659,mar,1992
2589,mar,1993
2812,mar,1994
2587,mar,1995
2860,mar,1996
2757,mar,1997
2928,mar,1998
2905,mar,1999
2915,mar,2000
3097,mar,2001
3162,mar,2002
3323,mar,2003
3444,mar,2004
3508,mar,2005
3740,mar,2006
3802,mar,2007
3973,mar,2008
4119,mar,2009
4227,mar,2010
4373,mar,2011
434.8,moz,1980
445.7,moz,1981
405.5,moz,1982
334.9,moz,1983
308.3,moz,1984
308.2,moz,1985
300,moz,1986
344.6,moz,1987
373.6,moz,1988
396.7,moz,1989
395.6,moz,1990
405.4,moz,1991
372.6,moz,1992
390.3,moz,1993
401.7,moz,1994
399,moz,1995
416,moz,1996
446.3,moz,1997
482.1,moz,1998
508.3,moz,1999
500.7,moz,2000
545.5,moz,2001
577.9,moz,2002
596.5,moz,2003
626.9,moz,2004
669.5,moz,2005
694.4,moz,2006
727.2,moz,2007
758.7,moz,2008
788.3,moz,2009
822.7,moz,2010
861.3,moz,2011
4928,nam,1980
4868,nam,1981
4747,nam,1982
4554,nam,1983
4419,nam,1984
4298,nam,1985
4330,nam,1986
4295,nam,1987
4144,nam,1988
4045,nam,1989
3987,nam,1990
4165,nam,1991
4324,nam,1992
4114,nam,1993
4289,nam,1994
4337,nam,1995
4345,nam,1996
4396,nam,1997
4413,nam,1998
4443,nam,1999
4489,nam,2000
4447,nam,2001
4572,nam,2002
4683,nam,2003
5168,nam,2004
5205,nam,2005
5472,nam,2006
5658,nam,2007
5739,nam,2008
5608,nam,2009
5870,nam,2010
5986,nam,2011
566.5,npl,1980
599.4,npl,1981
607.5,npl,1982
575.6,npl,1983
616.6,npl,1984
639.2,npl,1985
652.7,npl,1986
648.3,npl,1987
681.8,npl,1988
694.5,npl,1989
709.3,npl,1990
736.2,npl,1991
747.7,npl,1992
757.5,npl,1993
799.6,npl,1994
807,npl,1995
829.1,npl,1996
849.7,npl,1997
854.1,npl,1998
870.5,npl,1999
902.7,npl,2000
924,npl,2001
904.1,npl,2002
918.9,npl,2003
941.2,npl,2004
953.8,npl,2005
966.4,npl,2006
980.3,npl,2007
1021,npl,2008
1048,npl,2009
1079,npl,2010
1102,npl,2011
22270,nld,1980
21950,nld,1981
21570,nld,1982
21940,nld,1983
22520,nld,1984
22990,nld,1985
23500,nld,1986
23810,nld,1987
24470,nld,1988
25400,nld,1989
26280,nld,1990
26710,nld,1991
26960,nld,1992
27110,nld,1993
27740,nld,1994
28460,nld,1995
29300,nld,1996
30390,nld,1997
31390,nld,1998
32650,nld,1999
33690,nld,2000
34080,nld,2001
33890,nld,2002
33840,nld,2003
34480,nld,2004
35100,nld,2005
36240,nld,2006
37580,nld,2007
38110,nld,2008
36570,nld,2009
37000,nld,2010
37250,nld,2011
17390,nzl,1980
17990,nzl,1981
17890,nzl,1982
18160,nzl,1983
18890,nzl,1984
18930,nzl,1985
19330,nzl,1986
19460,nzl,1987
19170,nzl,1988
19000,nzl,1989
18730,nzl,1990
18240,nzl,1991
18250,nzl,1992
19190,nzl,1993
19940,nzl,1994
20500,nzl,1995
20910,nzl,1996
21000,nzl,1997
20900,nzl,1998
21870,nzl,1999
22310,nzl,2000
22970,nzl,2001
23690,nzl,2002
24230,nzl,2003
24770,nzl,2004
25300,nzl,2005
25190,nzl,2006
25670,nzl,2007
25040,nzl,2008
24650,nzl,2009
24820,nzl,2010
2748,nic,1980
2816,nic,1981
2717,nic,1982
2768,nic,1983
2657,nic,1984
2488,nic,1985
2408,nic,1986
2340,nic,1987
2006,nic,1988
1931,nic,1989
1886,nic,1990
1839,nic,1991
1801,nic,1992
1751,nic,1993
1767,nic,1994
1831,nic,1995
1907,nic,1996
1945,nic,1997
1982,nic,1998
2086,nic,1999
2138,nic,2000
2169,nic,2001
2156,nic,2002
2181,nic,2003
2268,nic,2004
2336,nic,2005
2402,nic,2006
2458,nic,2007
2494,nic,2008
2425,nic,2009
2499,nic,2010
2579,nic,2011
941,ner,1980
920.5,ner,1981
909.8,ner,1982
843,ner,1983
682.2,ner,1984
714.8,ner,1985
739.4,ner,1986
719.5,ner,1987
747.5,ner,1988
732.7,ner,1989
701.7,ner,1990
697,ner,1991
630.9,ner,1992
619.3,ner,1993
622.8,ner,1994
617.7,ner,1995
617.2,ner,1996
612.5,ner,1997
653.1,ner,1998
627.1,ner,1999
597.1,ner,2000
617.7,ner,2001
614.6,ner,2002
625.1,ner,2003
604.4,ner,2004
609.8,ner,2005
622.9,ner,2006
621.6,ner,2007
652.1,ner,2008
623.7,ner,2009
650.2,ner,2010
642.1,ner,2011
1645,nga,1980
1391,nga,1981
1353,nga,1982
1250,nga,1983
1160,nga,1984
1241,nga,1985
1240,nga,1986
1200,nga,1987
1285,nga,1988
1343,nga,1989
1417,nga,1990
1448,nga,1991
1455,nga,1992
1452,nga,1993
1419,nga,1994
1420,nga,1995
1447,nga,1996
1452,nga,1997
1445,nga,1998
1427,nga,1999
1469,nga,2000
1479,nga,2001
1465,nga,2002
1577,nga,2003
1702,nga,2004
1750,nga,2005
1813,nga,2006
1882,nga,2007
1946,nga,2008
2030,nga,2009
2135,nga,2010
2221,nga,2011
26200,nor,1980
26520,nor,1981
26450,nor,1982
27390,nor,1983
28920,nor,1984
30380,nor,1985
31490,nor,1986
31900,nor,1987
31680,nor,1988
31860,nor,1989
32360,nor,1990
33210,nor,1991
34180,nor,1992
34920,nor,1993
36480,nor,1994
37810,nor,1995
39540,nor,1996
41440,nor,1997
42300,nor,1998
42870,nor,1999
43970,nor,2000
44620,nor,2001
45050,nor,2002
45230,nor,2003
46740,nor,2004
47630,nor,2005
48400,nor,2006
49180,nor,2007
48580,nor,2008
47170,nor,2009
46910,nor,2010
46980,nor,2011
9818,omn,1980
10860,omn,1981
11460,omn,1982
12670,omn,1983
14050,omn,1984
15280,omn,1985
14940,omn,1986
13880,omn,1987
14180,omn,1988
15260,omn,1989
14660,omn,1990
14920,omn,1991
15510,omn,1992
15800,omn,1993
15900,omn,1994
16320,omn,1995
16620,omn,1996
17560,omn,1997
18050,omn,1998
18060,omn,1999
18990,omn,2000
20280,omn,2001
20590,omn,2002
20360,omn,2003
20670,omn,2004
21050,omn,2005
21660,omn,2006
22500,omn,2007
24650,omn,2008
24230,omn,2009
24560,omn,2010
25330,omn,2011
1224,pak,1980
1277,pak,1981
1314,pak,1982
1356,pak,1983
1377,pak,1984
1432,pak,1985
1461,pak,1986
1505,pak,1987
1569,pak,1988
1597,pak,1989
1620,pak,1990
1656,pak,1991
1738,pak,1992
1724,pak,1993
1744,pak,1994
1784,pak,1995
1822,pak,1996
1792,pak,1997
1791,pak,1998
1811,pak,1999
1845,pak,2000
1843,pak,2001
1867,pak,2002
1922,pak,2003
2028,pak,2004
2145,pak,2005
2237,pak,2006
2322,pak,2007
2317,pak,2008
2357,pak,2009
2411,pak,2010
2424,pak,2011
14570,plw,1991
13280,plw,1992
11320,plw,1993
11820,plw,1994
12760,plw,1995
13740,plw,1996
13720,plw,1997
13700,plw,1998
12710,plw,1999
12550,plw,2000
12570,plw,2001
12020,plw,2002
11790,plw,2003
12300,plw,2004
12910,plw,2005
13230,plw,2006
13430,plw,2007
12710,plw,2008
12370,plw,2009
12540,plw,2010
13180,plw,2011
6558,pan,1980
7000,pan,1981
7212,pan,1982
6739,pan,1983
6774,pan,1984
6960,pan,1985
7059,pan,1986
6790,pan,1987
5762,pan,1988
5734,pan,1989
6073,pan,1990
6509,pan,1991
6900,pan,1992
7128,pan,1993
7182,pan,1994
7161,pan,1995
7214,pan,1996
7528,pan,1997
7921,pan,1998
8071,pan,1999
8132,pan,2000
8025,pan,2001
8053,pan,2002
8240,pan,2003
8703,pan,2004
9167,pan,2005
9778,pan,2006
10780,pan,2007
11680,pan,2008
11860,pan,2009
12640,pan,2010
13770,pan,2011
1927,png,1980
1870,png,1981
1826,png,1982
1834,png,1983
1780,png,1984
1804,png,1985
1841,png,1986
1846,png,1987
1855,png,1988
1785,png,1989
1689,png,1990
1805,png,1991
2005,png,1992
2311,png,1993
2386,png,1994
2249,png,1995
2360,png,1996
2209,png,1997
2070,png,1998
2053,png,1999
1951,png,2000
1899,png,2001
1848,png,2002
1842,png,2003
1846,png,2004
1866,png,2005
1868,png,2006
1956,png,2007
2038,png,2008
2101,png,2009
2217,png,2010
2363,png,2011
4047,pry,1980
4269,pry,1981
3991,pry,1982
3757,pry,1983
3760,pry,1984
3797,pry,1985
3690,pry,1986
3743,pry,1987
3873,pry,1988
3989,pry,1989
4005,pry,1990
4000,pry,1991
4034,pry,1992
4091,pry,1993
4144,pry,1994
4269,pry,1995
4191,pry,1996
4222,pry,1997
4156,pry,1998
4008,pry,1999
3794,pry,2000
3794,pry,2001
3717,pry,2002
3784,pry,2003
3865,pry,2004
3901,pry,2005
3995,pry,2006
4188,pry,2007
4353,pry,2008
4112,pry,2009
4648,pry,2010
4752,pry,2011
6083,per,1980
6361,per,1981
6172,per,1982
5317,per,1983
5465,per,1984
5491,per,1985
5906,per,1986
6238,per,1987
5573,per,1988
4818,per,1989
4477,per,1990
4484,per,1991
4379,per,1992
4502,per,1993
4988,per,1994
5321,per,1995
5360,per,1996
5631,per,1997
5502,per,1998
5465,per,1999
5543,per,2000
5477,per,2001
5676,per,2002
5831,per,2003
6048,per,2004
6387,per,2005
6805,per,2006
7333,per,2007
7967,per,2008
7950,per,2009
8558,per,2010
9049,per,2011
2827,phl,1980
2843,phl,1981
2865,phl,1982
2839,phl,1983
2559,phl,1984
2309,phl,1985
2324,phl,1986
2360,phl,1987
2453,phl,1988
2539,phl,1989
2552,phl,1990
2476,phl,1991
2426,phl,1992
2421,phl,1993
2470,phl,1994
2527,phl,1995
2616,phl,1996
2691,phl,1997
2617,phl,1998
2639,phl,1999
2697,phl,2000
2717,phl,2001
2758,phl,2002
2837,phl,2003
2968,phl,2004
3051,phl,2005
3153,phl,2006
3303,phl,2007
3382,phl,2008
3364,phl,2009
3560,phl,2010
3631,phl,2011
8182,pol,1990
7581,pol,1991
7748,pol,1992
8017,pol,1993
8424,pol,1994
8997,pol,1995
9551,pol,1996
10220,pol,1997
10730,pol,1998
11210,pol,1999
11750,pol,2000
11960,pol,2001
12140,pol,2002
12620,pol,2003
13300,pol,2004
13780,pol,2005
14650,pol,2006
15650,pol,2007
16450,pol,2008
16710,pol,2009
17350,pol,2010
18090,pol,2011
12010,prt,1980
12100,prt,1981
12280,prt,1982
12200,prt,1983
11930,prt,1984
12230,prt,1985
12720,prt,1986
13540,prt,1987
14570,prt,1988
15530,prt,1989
16180,prt,1990
16910,prt,1991
17090,prt,1992
16720,prt,1993
16850,prt,1994
17520,prt,1995
18120,prt,1996
18850,prt,1997
19750,prt,1998
20470,prt,1999
21150,prt,2000
21430,prt,2001
21440,prt,2002
21100,prt,2003
21300,prt,2004
21370,prt,2005
21610,prt,2006
22070,prt,2007
22040,prt,2008
21380,prt,2009
21670,prt,2010
21320,prt,2011
64830,qat,2000
65100,qat,2001
67950,qat,2002
67160,qat,2003
74160,qat,2004
69510,qat,2005
69180,qat,2006
67790,qat,2007
67330,qat,2008
65890,qat,2009
69800,qat,2010
77990,qat,2011
7624,rou,1980
7624,rou,1981
7893,rou,1982
8348,rou,1983
8814,rou,1984
8767,rou,1985
8936,rou,1986
8972,rou,1987
8886,rou,1988
8333,rou,1989
7853,rou,1990
6899,rou,1991
6346,rou,1992
6451,rou,1993
6717,rou,1994
7213,rou,1995
7523,rou,1996
7085,rou,1997
6759,rou,1998
6689,rou,1999
6838,rou,2000
7329,rou,2001
7819,rou,2002
8249,rou,2003
8965,rou,2004
9361,rou,2005
10120,rou,2006
10750,rou,2007
11780,rou,2008
10800,rou,2009
10920,rou,2010
10910,rou,2011
13070,rus,1989
12630,rus,1990
11960,rus,1991
10220,rus,1992
9344,rus,1993
8179,rus,1994
7851,rus,1995
7589,rus,1996
7718,rus,1997
7329,rus,1998
7829,rus,1999
8613,rus,2000
9073,rus,2001
9546,rus,2002
10290,rus,2003
11090,rus,2004
11850,rus,2005
12880,rus,2006
14020,rus,2007
14770,rus,2008
13610,rus,2009
14200,rus,2010
14810,rus,2011
815.2,rwa,1980
833.1,rwa,1981
823.6,rwa,1982
847.2,rwa,1983
785,rwa,1984
789.7,rwa,1985
796.8,rwa,1986
758.9,rwa,1987
760.3,rwa,1988
742.4,rwa,1989
726.1,rwa,1990
732.4,rwa,1991
825.7,rwa,1992
818.1,rwa,1993
431.3,rwa,1994
591.3,rwa,1995
639.9,rwa,1996
671.4,rwa,1997
662.8,rwa,1998
653,rwa,1999
661,rwa,2000
686.7,rwa,2001
741.3,rwa,2002
743.8,rwa,2003
785.4,rwa,2004
840.5,rwa,2005
894.5,rwa,2006
917.5,rwa,2007
990.4,rwa,2008
1000,rwa,2009
1041,rwa,2010
1097,rwa,2011
5564,kna,1980
5582,kna,1981
5452,kna,1982
5447,kna,1983
6153,kna,1984
6688,kna,1985
7495,kna,1986
8176,kna,1987
8948,kna,1988
9662,kna,1989
9915,kna,1990
10010,kna,1991
10390,kna,1992
11140,kna,1993
11760,kna,1994
12250,kna,1995
13090,kna,1996
14020,kna,1997
14400,kna,1998
14390,kna,1999
14110,kna,2000
13830,kna,2001
13790,kna,2002
13860,kna,2003
14350,kna,2004
14960,kna,2005
15580,kna,2006
14630,kna,2007
15030,kna,2008
14010,kna,2009
13470,kna,2010
13290,kna,2011
4290,lca,1980
4369,lca,1981
3831,lca,1982
3938,lca,1983
4792,lca,1984
4445,lca,1985
5030,lca,1986
5055,lca,1987
5588,lca,1988
6011,lca,1989
7321,lca,1990
7412,lca,1991
7866,lca,1992
7909,lca,1993
7866,lca,1994
7971,lca,1995
8310,lca,1996
8198,lca,1997
8588,lca,1998
8690,lca,1999
8562,lca,2000
8026,lca,2001
8211,lca,2002
8300,lca,2003
8669,lca,2004
8941,lca,2005
9350,lca,2006
9350,lca,2007
9739,lca,2008
7995,lca,2009
8268,lca,2010
8231,lca,2011
3291,vct,1980
3463,vct,1981
3600,vct,1982
3730,vct,1983
3921,vct,1984
4131,vct,1985
4376,vct,1986
4545,vct,1987
5177,vct,1988
5279,vct,1989
5523,vct,1990
5541,vct,1991
5948,vct,1992
5951,vct,1993
5771,vct,1994
5829,vct,1995
5909,vct,1996
6697,vct,1997
7049,vct,1998
7362,vct,1999
7493,vct,2000
7653,vct,2001
7935,vct,2002
8163,vct,2003
8683,vct,2004
8852,vct,2005
9681,vct,2006
9970,vct,2007
9900,vct,2008
9665,vct,2009
9482,vct,2010
9482,vct,2011
2478,wsm,1982
2484,wsm,1983
2511,wsm,1984
2601,wsm,1985
2734,wsm,1986
2734,wsm,1987
2679,wsm,1988
2761,wsm,1989
2621,wsm,1990
2542,wsm,1991
2517,wsm,1992
2598,wsm,1993
2509,wsm,1994
2648,wsm,1995
2812,wsm,1996
2805,wsm,1997
2843,wsm,1998
2881,wsm,1999
3059,wsm,2000
3256,wsm,2001
3384,wsm,2002
3532,wsm,2003
3690,wsm,2004
3831,wsm,2005
3896,wsm,2006
4137,wsm,2007
3972,wsm,2008
3891,wsm,2009
3943,wsm,2010
4008,wsm,2011
1219,stp,2001
1339,stp,2002
1390,stp,2003
1459,stp,2004
1416,stp,2005
1488,stp,2006
1553,stp,2007
1668,stp,2008
1707,stp,2009
1753,stp,2010
1805,stp,2011
33900,sau,1980
33320,sau,1981
27800,sau,1982
23980,sau,1983
21930,sau,1984
19910,sau,1985
19950,sau,1986
18350,sau,1987
19100,sau,1988
18440,sau,1989
19300,sau,1990
20390,sau,1991
20690,sau,1992
20120,sau,1993
19770,sau,1994
19400,sau,1995
19750,sau,1996
20010,sau,1997
20320,sau,1998
19840,sau,1999
20320,sau,2000
19800,sau,2001
19110,sau,2002
19770,sau,2003
20020,sau,2004
20410,sau,2005
20410,sau,2006
20240,sau,2007
20560,sau,2008
20090,sau,2009
20530,sau,2010
21430,sau,2011
1533,sen,1980
1569,sen,1981
1646,sen,1982
1515,sen,1983
1526,sen,1984
1531,sen,1985
1532,sen,1986
1578,sen,1987
1522,sen,1988
1535,sen,1989
1480,sen,1990
1473,sen,1991
1447,sen,1992
1424,sen,1993
1384,sen,1994
1419,sen,1995
1410,sen,1996
1417,sen,1997
1464,sen,1998
1518,sen,1999
1527,sen,2000
1556,sen,2001
1525,sen,2002
1583,sen,2003
1631,sen,2004
1677,sen,2005
1674,sen,2006
1708,sen,2007
1725,sen,2008
1714,sen,2009
1738,sen,2010
1737,sen,2011
11600,srb,1990
10450,srb,1991
7564,srb,1992
5220,srb,1993
5326,srb,1994
5648,srb,1995
6112,srb,1996
6782,srb,1997
6903,srb,1998
6152,srb,1999
6501,srb,2000
6858,srb,2001
7144,srb,2002
7354,srb,2003
8056,srb,2004
8517,srb,2005
8858,srb,2006
9375,srb,2007
9772,srb,2008
9468,srb,2009
9597,srb,2010
9809,srb,2011
11320,syc,1980
10270,syc,1981
10060,syc,1982
9797,syc,1983
10160,syc,1984
11200,syc,1985
11110,syc,1986
11510,syc,1987
12050,syc,1988
13290,syc,1989
14100,syc,1990
14330,syc,1991
15170,syc,1992
15870,syc,1993
15490,syc,1994
15080,syc,1995
15590,syc,1996
17250,syc,1997
18340,syc,1998
18320,syc,1999
18930,syc,2000
18480,syc,2001
18150,syc,2002
17260,syc,2003
16830,syc,2004
18000,syc,2005
19280,syc,2006
21030,syc,2007
20360,syc,2008
20380,syc,2009
21950,syc,2010
23170,syc,2011
812,sle,1980
817.5,sle,1981
838.5,sle,1982
803.1,sle,1983
816.7,sle,1984
754.2,sle,1985
742.8,sle,1986
773.7,sle,1987
699.7,sle,1988
690.1,sle,1989
704.3,sle,1990
718.4,sle,1991
584.1,sle,1992
597.1,sle,1993
590.2,sle,1994
545.3,sle,1995
572.6,sle,1996
474.9,sle,1997
466.1,sle,1998
420.4,sle,1999
424.3,sle,2000
482.6,sle,2001
587.6,sle,2002
611.7,sle,2003
628.2,sle,2004
647,sle,2005
671.4,sle,2006
695,sle,2007
716,sle,2008
722.5,sle,2009
741.7,sle,2010
769.2,sle,2011
15120,sgp,1980
15950,sgp,1981
16360,sgp,1982
17540,sgp,1983
18730,sgp,1984
18580,sgp,1985
18840,sgp,1986
20550,sgp,1987
22260,sgp,1988
23820,sgp,1989
25230,sgp,1990
26120,sgp,1991
27120,sgp,1992
29480,sgp,1993
31590,sgp,1994
32880,sgp,1995
33980,sgp,1996
35650,sgp,1997
33710,sgp,1998
35520,sgp,1999
38060,sgp,2000
36620,sgp,2001
37810,sgp,2002
40130,sgp,2003
43260,sgp,2004
45370,sgp,2005
47830,sgp,2006
49940,sgp,2007
48160,sgp,2008
46270,sgp,2009
52170,sgp,2010
53590,sgp,2011
11830,svk,1984
12160,svk,1985
12590,svk,1986
12820,svk,1987
13000,svk,1988
13100,svk,1989
12690,svk,1990
10830,svk,1991
10100,svk,1992
9692,svk,1993
10250,svk,1994
10820,svk,1995
11550,svk,1996
12040,svk,1997
12550,svk,1998
12540,svk,1999
12730,svk,2000
13190,svk,2001
13800,svk,2002
14460,svk,2003
15180,svk,2004
16170,svk,2005
17510,svk,2006
19330,svk,2007
20400,svk,2008
19350,svk,2009
20120,svk,2010
20760,svk,2011
16450,svn,1990
14980,svn,1991
14180,svn,1992
14620,svn,1993
15420,svn,1994
15980,svn,1995
16570,svn,1996
17410,svn,1997
18070,svn,1998
19010,svn,1999
19770,svn,2000
20320,svn,2001
21070,svn,2002
21670,svn,2003
22610,svn,2004
23480,svn,2005
24770,svn,2006
26320,svn,2007
27230,svn,2008
24820,svn,2009
25050,svn,2010
24970,svn,2011
2340,slb,1990
2411,slb,1991
2641,slb,1992
2669,slb,1993
2834,slb,1994
2983,slb,1995
2948,slb,1996
2827,slb,1997
2800,slb,1998
2712,slb,1999
2262,slb,2000
2024,slb,2001
1914,slb,2002
1982,slb,2003
2022,slb,2004
2073,slb,2005
2156,slb,2006
2322,slb,2007
2425,slb,2008
2332,slb,2009
2430,slb,2010
2581,slb,2011
8763,zaf,1980
9011,zaf,1981
8754,zaf,1982
8375,zaf,1983
8576,zaf,1984
8255,zaf,1985
8048,zaf,1986
8014,zaf,1987
8154,zaf,1988
8165,zaf,1989
7975,zaf,1990
7732,zaf,1991
7411,zaf,1992
7346,zaf,1993
7423,zaf,1994
7490,zaf,1995
7641,zaf,1996
7666,zaf,1997
7526,zaf,1998
7520,zaf,1999
7641,zaf,2000
7691,zaf,2001
7864,zaf,2002
7993,zaf,2003
8259,zaf,2004
8597,zaf,2005
8977,zaf,2006
9372,zaf,2007
9604,zaf,2008
9356,zaf,2009
9497,zaf,2010
9678,zaf,2011
15370,esp,1980
15230,esp,1981
15330,esp,1982
15530,esp,1983
15740,esp,1984
16050,esp,1985
16520,esp,1986
17400,esp,1987
18240,esp,1988
19090,esp,1989
19780,esp,1990
20230,esp,1991
20350,esp,1992
20080,esp,1993
20510,esp,1994
21020,esp,1995
21480,esp,1996
22250,esp,1997
23170,esp,1998
24140,esp,1999
25150,esp,2000
25780,esp,2001
26100,esp,2002
26460,esp,2003
26880,esp,2004
27390,esp,2005
28040,esp,2006
28530,esp,2007
28350,esp,2008
27080,esp,2009
26970,esp,2010
27060,esp,2011
1553,lka,1980
1631,lka,1981
1659,lka,1982
1714,lka,1983
1780,lka,1984
1841,lka,1985
1887,lka,1986
1891,lka,1987
1911,lka,1988
1929,lka,1989
2029,lka,1990
2092,lka,1991
2164,lka,1992
2284,lka,1993
2379,lka,1994
2476,lka,1995
2542,lka,1996
2671,lka,1997
2764,lka,1998
2842,lka,1999
3005,lka,2000
3007,lka,2001
3106,lka,2002
3247,lka,2003
3378,lka,2004
3550,lka,2005
3781,lka,2006
4002,lka,2007
4203,lka,2008
4302,lka,2009
4601,lka,2010
4929,lka,2011
1063,sdn,1980
1105,sdn,1981
1132,sdn,1982
1118,sdn,1983
1029,sdn,1984
937.5,sdn,1985
963,sdn,1986
1074,sdn,1987
1047,sdn,1988
1115,sdn,1989
1029,sdn,1990
1080,sdn,1991
1121,sdn,1992
1142,sdn,1993
1124,sdn,1994
1161,sdn,1995
1198,sdn,1996
1291,sdn,1997
1313,sdn,1998
1321,sdn,1999
1397,sdn,2000
1449,sdn,2001
1491,sdn,2002
1562,sdn,2003
1554,sdn,2004
1613,sdn,2005
1751,sdn,2006
1881,sdn,2007
1960,sdn,2008
1986,sdn,2009
2023,sdn,2010
1878,sdn,2011
6588,sur,1980
6578,sur,1981
6435,sur,1982
6211,sur,1983
5931,sur,1984
5775,sur,1985
5511,sur,1986
4697,sur,1987
5008,sur,1988
5437,sur,1989
5324,sur,1990
5391,sur,1991
5305,sur,1992
4855,sur,1993
4947,sur,1994
4935,sur,1995
4930,sur,1996
5142,sur,1997
5151,sur,1998
5036,sur,1999
4964,sur,2000
5118,sur,2001
5290,sur,2002
5531,sur,2003
5933,sur,2004
6129,sur,2005
6293,sur,2006
6547,sur,2007
6753,sur,2008
6893,sur,2009
7110,sur,2010
2298,swz,1980
2559,swz,1981
2516,swz,1982
2472,swz,1983
2540,swz,1984
2542,swz,1985
2740,swz,1986
3006,swz,1987
3068,swz,1988
3330,swz,1989
3894,swz,1990
3853,swz,1991
3887,swz,1992
3929,swz,1993
3946,swz,1994
4054,swz,1995
4120,swz,1996
4154,swz,1997
4257,swz,1998
4377,swz,1999
4448,swz,2000
4494,swz,2001
4568,swz,2002
4664,swz,2003
4793,swz,2004
4905,swz,2005
5060,swz,2006
5231,swz,2007
5293,swz,2008
5297,swz,2009
5342,swz,2010
5349,swz,2011
20360,swe,1980
20300,swe,1981
20530,swe,1982
20890,swe,1983
21760,swe,1984
22200,swe,1985
22780,swe,1986
23490,swe,1987
24010,swe,1988
24510,swe,1989
24570,swe,1990
24130,swe,1991
23700,swe,1992
23080,swe,1993
23830,swe,1994
24640,swe,1995
25000,swe,1996
25660,swe,1997
26720,swe,1998
27950,swe,1999
29150,swe,2000
29430,swe,2001
30070,swe,2002
30660,swe,2003
31830,swe,2004
32700,swe,2005
33920,swe,2006
34780,swe,2007
34300,swe,2008
32300,swe,2009
34000,swe,2010
35050,swe,2011
28490,che,1980
28790,che,1981
28250,che,1982
28310,che,1983
29060,che,1984
29990,che,1985
30390,che,1986
30680,che,1987
31450,che,1988
32550,che,1989
33400,che,1990
32670,che,1991
32350,che,1992
31990,che,1993
32120,che,1994
32020,che,1995
32080,che,1996
32660,che,1997
33420,che,1998
33700,che,1999
34710,che,2000
34890,che,2001
34780,che,2002
34460,che,2003
35090,che,2004
35780,che,2005
36850,che,2006
37850,che,2007
38160,che,2008
36980,che,2009
37580,che,2010
37980,che,2011
3308,syr,1980
3499,syr,1981
3451,syr,1982
3380,syr,1983
3133,syr,1984
3216,syr,1985
2960,syr,1986
2924,syr,1987
3213,syr,1988
2840,syr,1989
2968,syr,1990
3110,syr,1991
3428,syr,1992
3505,syr,1993
3672,syr,1994
3784,syr,1995
3856,syr,1996
3836,syr,1997
3987,syr,1998
3753,syr,1999
3756,syr,2000
3839,syr,2001
3944,syr,2002
3848,syr,2003
3996,syr,2004
4133,syr,2005
4253,syr,2006
4406,syr,2007
4512,syr,2008
4687,syr,2009
4741,syr,2010
3176,tjk,1985
3185,tjk,1986
3047,tjk,1987
3363,tjk,1988
3055,tjk,1989
2961,tjk,1990
2692,tjk,1991
1877,tjk,1992
1544,tjk,1993
1197,tjk,1994
1034,tjk,1995
848.4,tjk,1996
850.6,tjk,1997
883.4,tjk,1998
904.6,tjk,1999
968.8,tjk,2000
1057,tjk,2001
1144,tjk,2002
1250,tjk,2003
1371,tjk,2004
1500,tjk,2005
1251,tjk,2006
1505,tjk,2007
1801,tjk,2008
1846,tjk,2009
1938,tjk,2010
2052,tjk,2011
823,tza,1988
828,tza,1989
858.6,tza,1990
848.1,tza,1991
824.9,tza,1992
807.6,tza,1993
794.6,tza,1994
798.8,tza,1995
812.4,tza,1996
819.6,tza,1997
829.1,tza,1998
848.1,tza,1999
868.1,tza,2000
897,tza,2001
936.8,tza,2002
975.4,tza,2003
1024,tza,2004
1070,tza,2005
1111,tza,2006
1158,tza,2007
1208,tza,2008
1244,tza,2009
1293,tza,2010
1334,tza,2011
2221,tha,1980
2304,tha,1981
2380,tha,1982
2466,tha,1983
2558,tha,1984
2627,tha,1985
2720,tha,1986
2922,tha,1987
3251,tha,1988
3588,tha,1989
3933,tha,1990
4223,tha,1991
4524,tha,1992
4860,tha,1993
5256,tha,1994
5691,tha,1995
5966,tha,1996
5819,tha,1997
5146,tha,1998
5310,tha,1999
5497,tha,2000
5551,tha,2001
5778,tha,2002
6122,tha,2003
6443,tha,2004
6675,tha,2005
6954,tha,2006
7249,tha,2007
7378,tha,2008
7160,tha,2009
7673,tha,2010
7633,tha,2011
1041,tls,1999
1174,tls,2000
1001,tls,2001
984.3,tls,2002
939.6,tls,2003
935.7,tls,2004
984.8,tls,2005
924.3,tls,2006
1001,tls,2007
1113,tls,2008
1219,tls,2009
1296,tls,2010
1393,tls,2011
1194,tgo,1980
1119,tgo,1981
1043,tgo,1982
952.3,tgo,1983
970.3,tgo,1984
989.9,tgo,1985
973.1,tgo,1986
947.4,tgo,1987
980.3,tgo,1988
992.1,tgo,1989
965,tgo,1990
937.2,tgo,1991
882.3,tgo,1992
734.7,tgo,1993
826.7,tgo,1994
869.2,tgo,1995
918.3,tgo,1996
1016,tgo,1997
959.7,tgo,1998
951.6,tgo,1999
916.1,tgo,2000
876.9,tgo,2001
847.4,tgo,2002
868.8,tgo,2003
867.4,tgo,2004
858.2,tgo,2005
873.3,tgo,2006
873.9,tgo,2007
875.5,tgo,2008
884.6,tgo,2009
898.2,tgo,2010
914,tgo,2011
2598,ton,1981
2714,ton,1982
2765,ton,1983
2812,ton,1984
2992,ton,1985
3049,ton,1986
3132,ton,1987
3064,ton,1988
3067,ton,1989
2998,ton,1990
3185,ton,1991
3189,ton,1992
3304,ton,1993
3463,ton,1994
3583,ton,1995
3573,ton,1996
3555,ton,1997
3636,ton,1998
3759,ton,1999
3866,ton,2000
3983,ton,2001
4108,ton,2002
4189,ton,2003
4205,ton,2004
4139,ton,2005
4117,ton,2006
4051,ton,2007
4133,ton,2008
4103,ton,2009
4063,ton,2010
4092,ton,2011
15310,tto,1980
15740,tto,1981
16070,tto,1982
14330,tto,1983
13280,tto,1984
12570,tto,1985
12030,tto,1986
11390,tto,1987
10880,tto,1988
10730,tto,1989
10820,tto,1990
11030,tto,1991
10770,tto,1992
10530,tto,1993
10820,tto,1994
11180,tto,1995
11550,tto,1996
11800,tto,1997
12660,tto,1998
13160,tto,1999
13910,tto,2000
14420,tto,2001
15520,tto,2002
17700,tto,2003
19030,tto,2004
20060,tto,2005
22620,tto,2006
23610,tto,2007
24150,tto,2008
23260,tto,2009
23170,tto,2010
22760,tto,2011
4047,tun,1980
4158,tun,1981
4031,tun,1982
4112,tun,1983
4264,tun,1984
4369,tun,1985
4173,tun,1986
4341,tun,1987
4249,tun,1988
4268,tun,1989
4497,tun,1990
4580,tun,1991
4838,tun,1992
4848,tun,1993
4912,tun,1994
4948,tun,1995
5225,tun,1996
5434,tun,1997
5632,tun,1998
5893,tun,1999
6077,tun,2000
6300,tun,2001
6336,tun,2002
6643,tun,2003
6973,tun,2004
7182,tun,2005
7514,tun,2006
7909,tun,2007
8183,tun,2008
8347,tun,2009
8508,tun,2010
8258,tun,2011
5959,tur,1980
6107,tur,1981
6178,tur,1982
6336,tur,1983
6611,tur,1984
6746,tur,1985
7077,tur,1986
7604,tur,1987
7642,tur,1988
7532,tur,1989
8088,tur,1990
8008,tur,1991
8269,tur,1992
8754,tur,1993
8208,tur,1994
8711,tur,1995
9205,tur,1996
9745,tur,1997
9815,tur,1998
9341,tur,1999
9828,tur,2000
9136,tur,2001
9566,tur,2002
9934,tur,2003
10720,tur,2004
11460,tur,2005
12090,tur,2006
12490,tur,2007
12410,tur,2008
11660,tur,2009
12560,tur,2010
13470,tur,2011
3785,tkm,1987
4098,tkm,1988
3823,tkm,1989
3749,tkm,1990
3474,tkm,1991
3197,tkm,1992
2798,tkm,1993
2255,tkm,1994
2047,tkm,1995
1874,tkm,1996
1636,tkm,1997
1722,tkm,1998
1981,tkm,1999
2322,tkm,2000
2766,tkm,2001
3169,tkm,2002
3673,tkm,2003
4260,tkm,2004
4762,tkm,2005
5245,tkm,2006
5795,tkm,2007
6567,tkm,2008
6881,tkm,2009
7422,tkm,2010
8055,tkm,2011
568,uga,1982
582.5,uga,1983
562.3,uga,1984
525.8,uga,1985
509.7,uga,1986
511.1,uga,1987
533.5,uga,1988
547.4,uga,1989
562.7,uga,1990
574,uga,1991
574.1,uga,1992
602,uga,1993
620.5,uga,1994
670.9,uga,1995
709.8,uga,1996
724.1,uga,1997
737.5,uga,1998
773.3,uga,1999
773.5,uga,2000
788.5,uga,2001
830.5,uga,2002
856.1,uga,2003
885.1,uga,2004
911.1,uga,2005
977.1,uga,2006
1025,uga,2007
1079,uga,2008
1121,uga,2009
1149,uga,2010
1188,uga,2011
8175,ukr,1987
8348,ukr,1988
8629,ukr,1989
8063,ukr,1990
7369,ukr,1991
6635,ukr,1992
5688,ukr,1993
4405,ukr,1994
3899,ukr,1995
3540,ukr,1996
3465,ukr,1997
3430,ukr,1998
3456,ukr,1999
3696,ukr,2000
4077,ukr,2001
4332,ukr,2002
4778,ukr,2003
5397,ukr,2004
5583,ukr,2005
6032,ukr,2006
6547,ukr,2007
6734,ukr,2008
5763,ukr,2009
6023,ukr,2010
6359,ukr,2011
123300,are,1980
120000,are,1981
105700,are,1982
95710,are,1983
94730,are,1984
86590,are,1985
69530,are,1986
67710,are,1987
62070,are,1988
65730,are,1989
73500,are,1990
70210,are,1991
68800,are,1992
66130,are,1993
67170,are,1994
68140,are,1995
68430,are,1996
70140,are,1997
66670,are,1998
65250,are,1999
69080,are,2000
67470,are,2001
66870,are,2002
69630,are,2003
70930,are,2004
66850,are,2005
64130,are,2006
57090,are,2007
51360,are,2008
45200,are,2009
42350,are,2010
42290,are,2011
17380,gbr,1980
17160,gbr,1981
17550,gbr,1982
18190,gbr,1983
18650,gbr,1984
19280,gbr,1985
20010,gbr,1986
20880,gbr,1987
21880,gbr,1988
22320,gbr,1989
22430,gbr,1990
22050,gbr,1991
22020,gbr,1992
22460,gbr,1993
23360,gbr,1994
24010,gbr,1995
24640,gbr,1996
26100,gbr,1997
27020,gbr,1998
27920,gbr,1999
29060,gbr,2000
29860,gbr,2001
30540,gbr,2002
31490,gbr,2003
32260,gbr,2004
32740,gbr,2005
33390,gbr,2006
34320,gbr,2007
33720,gbr,2008
32030,gbr,2009
32470,gbr,2010
32470,gbr,2011
25510,usa,1980
25900,usa,1981
25150,usa,1982
26040,usa,1983
27680,usa,1984
28560,usa,1985
29270,usa,1986
29930,usa,1987
30870,usa,1988
31670,usa,1989
31900,usa,1990
31390,usa,1991
32010,usa,1992
32500,usa,1993
33430,usa,1994
33870,usa,1995
34750,usa,1996
35880,usa,1997
37030,usa,1998
38390,usa,1999
39540,usa,2000
39580,usa,2001
39930,usa,2002
40600,usa,2003
41630,usa,2004
42520,usa,2005
43230,usa,2006
43640,usa,2007
43070,usa,2008
41190,usa,2009
42080,usa,2010
42490,usa,2011
7809,ury,1980
7878,ury,1981
7063,ury,1982
6297,ury,1983
6185,ury,1984
6235,ury,1985
6742,ury,1986
7235,ury,1987
7296,ury,1988
7329,ury,1989
7301,ury,1990
7507,ury,1991
8044,ury,1992
8197,ury,1993
8730,ury,1994
8542,ury,1995
8985,ury,1996
9691,ury,1997
10070,ury,1998
9834,ury,1999
9609,ury,2000
9219,ury,2001
8505,ury,2002
8587,ury,2003
9021,ury,2004
9683,ury,2005
10050,ury,2006
10680,ury,2007
11410,ury,2008
11650,ury,2009
12640,ury,2010
13310,ury,2011
1881,uzb,1987
2004,uzb,1988
2018,uzb,1989
2002,uzb,1990
1950,uzb,1991
1692,uzb,1992
1616,uzb,1993
1502,uzb,1994
1462,uzb,1995
1458,uzb,1996
1506,uzb,1997
1545,uzb,1998
1594,uzb,1999
1632,uzb,2000
1679,uzb,2001
1725,uzb,2002
1777,uzb,2003
1892,uzb,2004
2001,uzb,2005
2121,uzb,2006
2290,uzb,2007
2456,uzb,2008
2611,uzb,2009
2754,uzb,2010
2903,uzb,2011
2766,vut,1980
2810,vut,1981
3038,vut,1982
3380,vut,1983
3621,vut,1984
3574,vut,1985
3489,vut,1986
3311,vut,1987
3179,vut,1988
3149,vut,1989
3427,vut,1990
3437,vut,1991
3424,vut,1992
3351,vut,1993
3556,vut,1994
3507,vut,1995
3515,vut,1996
3622,vut,1997
3713,vut,1998
3658,vut,1999
3794,vut,2000
3575,vut,2001
3330,vut,2002
3361,vut,2003
3416,vut,2004
3500,vut,2005
3661,vut,2006
3800,vut,2007
3935,vut,2008
3971,vut,2009
3991,vut,2010
4062,vut,2011
11590,ven,1980
11160,ven,1981
10600,ven,1982
9908,ven,1983
9772,ven,1984
9529,ven,1985
9887,ven,1986
9986,ven,1987
10310,ven,1988
9205,ven,1989
9574,ven,1990
10270,ven,1991
10650,ven,1992
10450,ven,1993
9984,ven,1994
10160,ven,1995
9935,ven,1996
10360,ven,1997
10190,ven,1998
9396,ven,1999
9564,ven,2000
9708,ven,2001
8689,ven,2002
7873,ven,2003
9151,ven,2004
9924,ven,2005
10720,ven,2006
11470,ven,2007
11880,ven,2008
11320,ven,2009
10970,ven,2010
11260,ven,2011
2868,pse,1994
2907,pse,1995
2860,pse,1996
3081,pse,1997
3334,pse,1998
3503,pse,1999
3195,pse,2000
2630,pse,2001
2284,pse,2002
2340,pse,2003
2402,pse,2004
2465,pse,2005
789.7,vnm,1984
803.3,vnm,1985
806.8,vnm,1986
815.4,vnm,1987
836.8,vnm,1988
877.5,vnm,1989
904.9,vnm,1990
941.3,vnm,1991
1005,vnm,1992
1067,vnm,1993
1142,vnm,1994
1231,vnm,1995
1324,vnm,1996
1410,vnm,1997
1469,vnm,1998
1516,vnm,1999
1597,vnm,2000
1686,vnm,2001
1784,vnm,2002
1893,vnm,2003
2016,vnm,2004
2161,vnm,2005
2313,vnm,2006
2482,vnm,2007
2611,vnm,2008
2721,vnm,2009
2875,vnm,2010
3013,vnm,2011
1812,yem,1990
1836,yem,1991
1888,yem,1992
1868,yem,1993
1903,yem,1994
1928,yem,1995
1946,yem,1996
1982,yem,1997
2040,yem,1998
2056,yem,1999
2120,yem,2000
2135,yem,2001
2153,yem,2002
2166,yem,2003
2183,yem,2004
2236,yem,2005
2238,yem,2006
2243,yem,2007
2255,yem,2008
2272,yem,2009
2373,yem,2010
2060,yem,2011
1532,zmb,1980
1574,zmb,1981
1481,zmb,1982
1405,zmb,1983
1357,zmb,1984
1336,zmb,1985
1305,zmb,1986
1299,zmb,1987
1341,zmb,1988
1289,zmb,1989
1249,zmb,1990
1216,zmb,1991
1165,zmb,1992
1214,zmb,1993
1082,zmb,1994
1025,zmb,1995
1067,zmb,1996
1072,zmb,1997
1024,zmb,1998
1019,zmb,1999
1029,zmb,2000
1054,zmb,2001
1064,zmb,2002
1093,zmb,2003
1125,zmb,2004
1158,zmb,2005
1200,zmb,2006
1242,zmb,2007
1278,zmb,2008
1323,zmb,2009
1401,zmb,2010
1423,zmb,2011
