gnipercapita_constant_2000_us,geo,time
675.4,alb,1991
623.4,alb,1992
707.3,alb,1993
785.2,alb,1994
913.9,alb,1995
1013,alb,1996
913.9,alb,1997
1035,alb,1998
1137,alb,1999
1234,alb,2000
1328,alb,2001
1353,alb,2002
1424,alb,2003
1492,alb,2004
1557,alb,2005
1643,alb,2006
1738,alb,2007
1833,alb,2008
1834,alb,2009
1893,alb,2010
1952,alb,2011
1149,dza,1961
905.6,dza,1962
1135,dza,1963
1161,dza,1964
1186,dza,1965
1093,dza,1966
1174,dza,1967
1270,dza,1968
1349,dza,1969
1404,dza,1970
1219,dza,1971
1512,dza,1972
1517,dza,1973
1583,dza,1974
1604,dza,1975
1675,dza,1976
1708,dza,1977
1800,dza,1978
1853,dza,1979
1809,dza,1980
1800,dza,1981
1854,dza,1982
1899,dza,1983
1941,dza,1984
1953,dza,1985
1918,dza,1986
1853,dza,1987
1772,dza,1988
1803,dza,1989
1771,dza,1990
1684,dza,1991
1682,dza,1992
1624,dza,1993
1569,dza,1994
1583,dza,1995
1615,dza,1996
1617,dza,1997
1685,dza,1998
1707,dza,1999
1706,dza,2000
1755,dza,2001
1799,dza,2002
1891,dza,2003
1954,dza,2004
1999,dza,2005
2026,dza,2006
2110,dza,2007
17540,and,2000
534.9,ago,2000
9761,atg,2000
5594,arg,1961
5450,arg,1962
5085,arg,1963
5517,arg,1964
6012,arg,1965
5971,arg,1966
5855,arg,1967
5938,arg,1968
6470,arg,1969
6362,arg,1970
6944,arg,1971
6762,arg,1972
6965,arg,1973
7226,arg,1974
7179,arg,1975
6833,arg,1976
7138,arg,1977
6726,arg,1978
7284,arg,1979
7475,arg,1980
6840,arg,1981
6160,arg,1982
6322,arg,1983
6399,arg,1984
5810,arg,1985
6238,arg,1986
6319,arg,1987
6083,arg,1988
5303,arg,1989
5338,arg,1990
6014,arg,1991
6725,arg,1992
7070,arg,1993
7381,arg,1994
7052,arg,1995
7334,arg,1996
7826,arg,1997
8003,arg,1998
7634,arg,1999
7491,arg,2000
7074,arg,2001
5919,arg,2002
6484,arg,2003
7039,arg,2004
7826,arg,2005
8500,arg,2006
9194,arg,2007
9709,arg,2008
9615,arg,2009
10440,arg,2010
11310,arg,2011
761.5,arm,1990
707.7,arm,1991
337.4,arm,1992
354.5,arm,1993
423,arm,1994
461.3,arm,1995
510.7,arm,1996
551,arm,1997
580,arm,1998
601.5,arm,1999
638.6,arm,2000
704.1,arm,2001
803.6,arm,2002
913.6,arm,2003
1005,arm,2004
1140,arm,2005
1297,arm,2006
1468,arm,2007
1582,arm,2008
1327,arm,2009
1375,arm,2010
1457,arm,2011
10460,aus,1965
10460,aus,1966
10980,aus,1967
11310,aus,1968
11850,aus,1969
12450,aus,1970
12540,aus,1971
12810,aus,1972
12940,aus,1973
13170,aus,1974
13180,aus,1975
13330,aus,1976
13640,aus,1977
13610,aus,1978
14000,aus,1979
14220,aus,1980
14510,aus,1981
14730,aus,1982
14250,aus,1983
14640,aus,1984
15110,aus,1985
15520,aus,1986
15660,aus,1987
16290,aus,1988
16570,aus,1989
16840,aus,1990
16530,aus,1991
16540,aus,1992
17130,aus,1993
17620,aus,1994
17960,aus,1995
18460,aus,1996
19030,aus,1997
19760,aus,1998
20570,aus,1999
21170,aus,2000
21340,aus,2001
21910,aus,2002
22310,aus,2003
22960,aus,2004
23130,aus,2005
23440,aus,2006
23720,aus,2007
24260,aus,2008
24330,aus,2009
24360,aus,2010
7748,aut,1961
7905,aut,1962
8179,aut,1963
8622,aut,1964
8865,aut,1965
9301,aut,1966
9499,aut,1967
9857,aut,1968
10450,aut,1969
11020,aut,1970
11540,aut,1971
12170,aut,1972
12680,aut,1973
13180,aut,1974
13160,aut,1975
13770,aut,1976
14440,aut,1977
14420,aut,1978
15240,aut,1979
15500,aut,1980
15410,aut,1981
15720,aut,1982
16240,aut,1983
16240,aut,1984
16630,aut,1985
16950,aut,1986
17170,aut,1987
17760,aut,1988
18380,aut,1989
19050,aut,1990
19410,aut,1991
19660,aut,1992
19610,aut,1993
19980,aut,1994
20360,aut,1995
21040,aut,1996
21390,aut,1997
22130,aut,1998
22770,aut,1999
23570,aut,2000
23580,aut,2001
24070,aut,2002
24230,aut,2003
24760,aut,2004
25120,aut,2005
25890,aut,2006
26710,aut,2007
27240,aut,2008
26000,aut,2009
26550,aut,2010
27330,aut,2011
558.6,aze,1994
485.4,aze,1995
480.2,aze,1996
511,aze,1997
556.6,aze,1998
588.8,aze,1999
619.7,aze,2000
673.8,aze,2001
736.4,aze,2002
812.1,aze,2003
863.6,aze,2004
995.3,aze,2005
1281,aze,2006
1501,aze,2007
1744,aze,2008
2039,aze,2009
2169,aze,2010
1970,aze,2011
19870,bhs,1989
19060,bhs,1990
17970,bhs,1991
17350,bhs,1992
16830,bhs,1993
17050,bhs,1994
20370,bhs,1995
22390,bhs,1996
18200,bhs,1997
19390,bhs,1998
20310,bhs,1999
20890,bhs,2000
21150,bhs,2001
21320,bhs,2002
20870,bhs,2003
20810,bhs,2004
21100,bhs,2005
21360,bhs,2006
21200,bhs,2007
20700,bhs,2008
19430,bhs,2009
18570,bhs,2010
12140,bhr,2000
230.8,bgd,1973
250.2,bgd,1974
236.2,bgd,1975
244.3,bgd,1976
243.8,bgd,1977
253.9,bgd,1978
258.7,bgd,1979
254.2,bgd,1980
260.7,bgd,1981
259.9,bgd,1982
266.3,bgd,1983
271.9,bgd,1984
270.8,bgd,1985
275.5,bgd,1986
279.2,bgd,1987
277.6,bgd,1988
277.4,bgd,1989
286.1,bgd,1990
288.9,bgd,1991
297.4,bgd,1992
305.4,bgd,1993
312.3,bgd,1994
320.8,bgd,1995
328.6,bgd,1996
340.1,bgd,1997
351,bgd,1998
361.7,bgd,1999
377,bgd,2000
389,bgd,2001
403.2,bgd,2002
420.8,bgd,2003
439.4,bgd,2004
458.3,bgd,2005
488.8,bgd,2006
518.7,bgd,2007
550.5,bgd,2008
577.4,bgd,2009
606.9,bgd,2010
633.3,bgd,2011
7921,brb,1991
7601,brb,1992
7594,brb,1993
7915,brb,1994
7981,brb,1995
8108,brb,1996
8639,brb,1997
8947,brb,1998
9102,brb,1999
9259,brb,2000
8724,brb,2001
8354,brb,2002
8521,brb,2003
1410,blr,1990
1392,blr,1991
1256,blr,1992
1158,blr,1993
1022,blr,1994
916.7,blr,1995
946.9,blr,1996
1055,blr,1997
1149,blr,1998
1196,blr,1999
1268,blr,2000
1332,blr,2001
1409,blr,2002
1521,blr,2003
1703,blr,2004
1872,blr,2005
2060,blr,2006
2230,blr,2007
2470,blr,2008
2473,blr,2009
2673,blr,2010
2781,blr,2011
7879,bel,1961
8243,bel,1962
8523,bel,1963
9023,bel,1964
9274,bel,1965
9505,bel,1966
9820,bel,1967
10190,bel,1968
10840,bel,1969
11460,bel,1970
11870,bel,1971
12460,bel,1972
13190,bel,1973
13750,bel,1974
13440,bel,1975
14170,bel,1976
14210,bel,1977
14580,bel,1978
14840,bel,1979
15440,bel,1980
15410,bel,1981
15440,bel,1982
15480,bel,1983
15890,bel,1984
16200,bel,1985
16500,bel,1986
16920,bel,1987
17660,bel,1988
18150,bel,1989
18680,bel,1990
19030,bel,1991
19240,bel,1992
19170,bel,1993
19880,bel,1994
20260,bel,1995
20560,bel,1996
21300,bel,1997
21630,bel,1998
22380,bel,1999
23220,bel,2000
23170,bel,2001
23320,bel,2002
23450,bel,2003
24010,bel,2004
24190,bel,2005
24730,bel,2006
25310,bel,2007
25450,bel,2008
24050,bel,2009
24950,bel,2010
25150,bel,2011
1961,blz,1980
1935,blz,1981
1847,blz,1982
1768,blz,1983
1720,blz,1984
1689,blz,1985
1774,blz,1986
1906,blz,1987
2023,blz,1988
2231,blz,1989
2437,blz,1990
2603,blz,1991
2816,blz,1992
2898,blz,1993
2813,blz,1994
2767,blz,1995
2728,blz,1996
2733,blz,1997
2714,blz,1998
2853,blz,1999
3104,blz,2000
3106,blz,2001
3183,blz,2002
3368,blz,2003
3351,blz,2004
3370,blz,2005
3411,blz,2006
3262,blz,2007
3276,blz,2008
260.8,ben,1961
248.4,ben,1962
256.4,ben,1963
269.3,ben,1964
279.1,ben,1965
285,ben,1966
282.8,ben,1967
287.5,ben,1968
289.2,ben,1969
289.5,ben,1970
278.8,ben,1971
291.8,ben,1972
297.6,ben,1973
302,ben,1974
278.7,ben,1975
275,ben,1976
281.6,ben,1977
278.2,ben,1978
289,ben,1979
299.6,ben,1980
320.6,ben,1981
318.2,ben,1982
293.9,ben,1983
303.4,ben,1984
320.1,ben,1985
318.7,ben,1986
306,ben,1987
308.6,ben,1988
288.3,ben,1989
289.4,ben,1990
294.7,ben,1991
292.6,ben,1992
295.2,ben,1993
296.8,ben,1994
300.8,ben,1995
308.6,ben,1996
320.7,ben,1997
328.8,ben,1998
334.5,ben,1999
344.1,ben,2000
349.1,ben,2001
353.3,ben,2002
354.6,ben,2003
354.6,ben,2004
354.9,ben,2005
732.9,btn,2000
963.5,bol,1970
995.5,bol,1971
1045,bol,1972
1077,bol,1973
1086,bol,1974
1134,bol,1975
1160,bol,1976
1179,bol,1977
1170,bol,1978
1134,bol,1979
1071,bol,1980
1122,bol,1981
921.3,bol,1982
897.2,bol,1983
844.4,bol,1984
800.5,bol,1985
765.4,bol,1986
782.1,bol,1987
790.4,bol,1988
805.5,bol,1989
827,bol,1990
855.6,bol,1991
860.2,bol,1992
875.1,bol,1993
898.9,bol,1994
918.3,bol,1995
947.1,bol,1996
970.2,bol,1997
1003,bol,1998
982.4,bol,1999
983.8,bol,2000
981.2,bol,2001
985.6,bol,2002
980.8,bol,2003
994.9,bol,2004
1025,bol,2005
1059,bol,2006
1087,bol,2007
1141,bol,2008
1154,bol,2009
1174,bol,2010
1220,bol,2011
342.9,bih,1994
428.9,bih,1995
863.9,bih,1996
1161,bih,1997
1606,bih,1998
1651,bih,1999
1650,bih,2000
1677,bih,2001
1727,bih,2002
1770,bih,2003
1864,bih,2004
1947,bih,2005
2048,bih,2006
2185,bih,2007
2315,bih,2008
2254,bih,2009
2246,bih,2010
2280,bih,2011
789.7,bwa,1975
841.2,bwa,1976
906.2,bwa,1977
996.2,bwa,1978
1075,bwa,1979
1110,bwa,1980
1258,bwa,1981
1353,bwa,1982
1405,bwa,1983
1399,bwa,1984
1442,bwa,1985
1521,bwa,1986
1566,bwa,1987
1916,bwa,1988
2054,bwa,1989
2278,bwa,1990
2489,bwa,1991
2514,bwa,1992
2597,bwa,1993
2324,bwa,1994
2478,bwa,1995
2433,bwa,1996
2689,bwa,1997
3073,bwa,1998
2945,bwa,1999
3004,bwa,2000
3206,bwa,2001
3107,bwa,2002
3362,bwa,2003
3495,bwa,2004
3559,bwa,2005
3752,bwa,2006
3918,bwa,2007
4040,bwa,2008
3971,bwa,2009
4152,bwa,2010
4315,bwa,2011
1549,bra,1961
1582,bra,1962
1548,bra,1963
1556,bra,1964
1558,bra,1965
1505,bra,1966
1557,bra,1967
1709,bra,1968
1840,bra,1969
1960,bra,1970
2137,bra,1971
2344,bra,1972
2600,bra,1973
2780,bra,1974
2839,bra,1975
3039,bra,1976
3101,bra,1977
3104,bra,1978
3227,bra,1979
3419,bra,1980
3165,bra,1981
3078,bra,1982
2881,bra,1983
2968,bra,1984
3150,bra,1985
3366,bra,1986
3445,bra,1987
3368,bra,1988
3446,bra,1989
3263,bra,1990
3273,bra,1991
3217,bra,1992
3297,bra,1993
3447,bra,1994
3553,bra,1995
3574,bra,1996
3623,bra,1997
3559,bra,1998
3479,bra,1999
3593,bra,2000
3564,bra,2001
3608,bra,2002
3612,bra,2003
3781,bra,2004
3862,bra,2005
3988,bra,2006
4208,bra,2007
4371,bra,2008
4336,bra,2009
4628,bra,2010
4708,bra,2011
19410,brn,1989
19080,brn,1990
19130,brn,1991
19480,brn,1992
19000,brn,1993
19070,brn,1994
19400,brn,1995
19450,brn,1996
18690,brn,1997
18140,brn,1998
18250,brn,1999
18350,brn,2000
18440,brn,2001
18750,brn,2002
18900,brn,2003
18610,brn,2004
18310,brn,2005
18750,brn,2006
18550,brn,2007
17850,brn,2008
17220,brn,2009
1260,bgr,1980
1330,bgr,1981
1362,bgr,1982
1413,bgr,1983
1463,bgr,1984
1499,bgr,1985
1555,bgr,1986
1634,bgr,1987
1793,bgr,1988
1729,bgr,1989
1518,bgr,1990
1386,bgr,1991
1425,bgr,1992
1413,bgr,1993
1441,bgr,1994
1468,bgr,1995
1328,bgr,1996
1327,bgr,1997
1419,bgr,1998
1466,bgr,1999
1540,bgr,2000
1679,bgr,2001
1826,bgr,2002
1928,bgr,2003
2061,bgr,2004
2183,bgr,2005
2270,bgr,2006
2295,bgr,2007
2525,bgr,2008
2436,bgr,2009
2468,bgr,2010
2501,bgr,2011
129.4,bfa,1965
128.4,bfa,1966
137.2,bfa,1967
138.8,bfa,1968
138.9,bfa,1969
136.9,bfa,1970
136,bfa,1971
136.2,bfa,1972
134.3,bfa,1973
142,bfa,1974
141.6,bfa,1975
150.9,bfa,1976
146.7,bfa,1977
151.8,bfa,1978
154.2,bfa,1979
152.2,bfa,1980
154.4,bfa,1981
165,bfa,1982
161.4,bfa,1983
155,bfa,1984
163.9,bfa,1985
172.6,bfa,1986
167.6,bfa,1987
172.4,bfa,1988
171.6,bfa,1989
166.4,bfa,1990
176.5,bfa,1991
172.1,bfa,1992
172.8,bfa,1993
170.1,bfa,1994
175.5,bfa,1995
190.8,bfa,1996
196.6,bfa,1997
205.2,bfa,1998
214.1,bfa,1999
212,bfa,2000
219.6,bfa,2001
223.9,bfa,2002
235.1,bfa,2003
238.7,bfa,2004
132.9,bdi,2000
225.8,khm,1995
230.3,khm,1996
240.8,khm,1997
246.1,khm,1998
267.3,khm,1999
283.9,khm,2000
301.2,khm,2001
313.3,khm,2002
337.3,khm,2003
366.7,khm,2004
407.8,khm,2005
448.3,khm,2006
487.4,khm,2007
508.2,khm,2008
506.2,khm,2009
527.3,khm,2010
385.6,cmr,1967
406.5,cmr,1968
426.6,cmr,1969
434.5,cmr,1970
450.1,cmr,1971
457.9,cmr,1972
439.8,cmr,1973
476.2,cmr,1974
528.9,cmr,1975
483.7,cmr,1976
464.8,cmr,1977
652.3,cmr,1978
691.8,cmr,1979
583.8,cmr,1980
718.4,cmr,1981
774.3,cmr,1982
809.6,cmr,1983
866.7,cmr,1984
913.5,cmr,1985
963.5,cmr,1986
915.7,cmr,1987
827,cmr,1988
776.9,cmr,1989
692.2,cmr,1990
633.1,cmr,1991
603.1,cmr,1992
568.9,cmr,1993
535.8,cmr,1994
538.5,cmr,1995
551.8,cmr,1996
566.3,cmr,1997
588.9,cmr,1998
603.9,cmr,1999
603.7,cmr,2000
628.3,cmr,2001
627.4,cmr,2002
652.9,cmr,2003
671,cmr,2004
669.7,cmr,2005
685.2,cmr,2006
700.9,cmr,2007
698.4,cmr,2008
702.7,cmr,2009
706.2,cmr,2010
716,cmr,2011
9311,can,1961
9792,can,1962
10110,can,1963
10580,can,1964
11090,can,1965
11600,can,1966
11720,can,1967
12160,can,1968
12660,can,1969
12790,can,1970
13120,can,1971
13630,can,1972
14330,can,1973
14570,can,1974
14560,can,1975
15070,can,1976
15360,can,1977
15750,can,1978
16150,can,1979
16280,can,1980
16540,can,1981
15850,can,1982
16210,can,1983
16960,can,1984
17620,can,1985
17810,can,1986
18380,can,1987
19020,can,1988
19130,can,1989
18860,can,1990
18270,can,1991
18150,can,1992
18410,can,1993
19080,can,1994
19470,can,1995
19590,can,1996
20260,can,1997
20880,can,1998
21840,can,1999
22950,can,2000
23070,can,2001
23620,can,2002
23850,can,2003
24420,can,2004
24940,can,2005
25670,can,2006
25870,can,2007
25740,can,2008
24660,can,2009
25100,can,2010
548.2,cpv,1980
605.8,cpv,1981
590.9,cpv,1982
621.3,cpv,1983
640.4,cpv,1984
686.9,cpv,1985
707.2,cpv,1986
740.4,cpv,1987
781.1,cpv,1988
824.2,cpv,1989
812.7,cpv,1990
803.9,cpv,1991
807.8,cpv,1992
842.2,cpv,1993
873.7,cpv,1994
911.3,cpv,1995
945.8,cpv,1996
998.3,cpv,1997
1058,cpv,1998
1155,cpv,1999
1201,cpv,2000
1274,cpv,2001
1299,cpv,2002
1347,cpv,2003
1379,cpv,2004
1422,cpv,2005
1533,cpv,2006
1688,cpv,2007
1758,cpv,2008
1818,cpv,2009
1856,cpv,2010
255.8,caf,2000
253.4,caf,2001
247.7,caf,2002
226.7,caf,2003
225.5,caf,2004
227.1,caf,2005
231.5,caf,2006
249.4,tcd,1961
257,tcd,1962
247.8,tcd,1963
236.6,tcd,1964
233,tcd,1965
224.2,tcd,1966
224.5,tcd,1967
218.1,tcd,1968
229,tcd,1969
228.6,tcd,1970
218,tcd,1971
215.5,tcd,1972
192.6,tcd,1973
197.5,tcd,1974
211.1,tcd,1975
213,tcd,1976
212.7,tcd,1977
207.3,tcd,1978
158.3,tcd,1979
146.8,tcd,1980
145.6,tcd,1981
150.5,tcd,1982
169.8,tcd,1983
167.1,tcd,1984
198.1,tcd,1985
183.6,tcd,1986
173.5,tcd,1987
194.2,tcd,1988
196.6,tcd,1989
181.8,tcd,1990
193.3,tcd,1991
203.2,tcd,1992
164.5,tcd,1993
173.1,tcd,1994
173.5,tcd,1995
171.4,tcd,1996
174.7,tcd,1997
182.9,tcd,1998
175.6,tcd,1999
166.3,tcd,2000
179.2,tcd,2001
184.3,tcd,2002
175.1,tcd,2003
228.8,tcd,2004
243,tcd,2005
231.7,tcd,2006
42960,chanisl,2000
1756,chl,1961
1820,chl,1962
1872,chl,1963
1878,chl,1964
1826,chl,1965
1973,chl,1966
1992,chl,1967
2028,chl,1968
2055,chl,1969
2072,chl,1970
2252,chl,1971
2201,chl,1972
2063,chl,1973
2118,chl,1974
1811,chl,1975
1857,chl,1976
2110,chl,1977
2113,chl,1978
2262,chl,1979
2403,chl,1980
2452,chl,1981
2096,chl,1982
1967,chl,1983
2060,chl,1984
2127,chl,1985
2248,chl,1986
2415,chl,1987
2548,chl,1988
2801,chl,1989
2899,chl,1990
3080,chl,1991
3432,chl,1992
3632,chl,1993
3733,chl,1994
4089,chl,1995
4352,chl,1996
4580,chl,1997
4701,chl,1998
4578,chl,1999
4691,chl,2000
4803,chl,2001
4823,chl,2002
4869,chl,2003
4977,chl,2004
5121,chl,2005
5096,chl,2006
5362,chl,2007
5767,chl,2008
5694,chl,2009
5930,chl,2010
6311,chl,2011
165,chn,1978
174.8,chn,1979
186.3,chn,1980
193.5,chn,1981
208.5,chn,1982
228.6,chn,1983
260.2,chn,1984
290.5,chn,1985
310.5,chn,1986
340.8,chn,1987
373.3,chn,1988
383.1,chn,1989
392.8,chn,1990
422.8,chn,1991
476.2,chn,1992
534.8,chn,1993
598.7,chn,1994
647.2,chn,1995
705.6,chn,1996
765.7,chn,1997
813.4,chn,1998
867.7,chn,1999
937.6,chn,2000
1006,chn,2001
1095,chn,2002
1203,chn,2003
1321,chn,2004
1454,chn,2005
1638,chn,2006
1868,chn,2007
2040,chn,2008
2212,chn,2009
2417,chn,2010
2636,chn,2011
1207,col,1961
1234,col,1962
1231,col,1963
1276,col,1964
1265,col,1965
1298,col,1966
1300,col,1967
1363,col,1968
1403,col,1969
1443,col,1970
1499,col,1971
1575,col,1972
1653,col,1973
1718,col,1974
1701,col,1975
1745,col,1976
1789,col,1977
1898,col,1978
1964,col,1979
2006,col,1980
1995,col,1981
1933,col,1982
1911,col,1983
1923,col,1984
1922,col,1985
2009,col,1986
2060,col,1987
2116,col,1988
2120,col,1989
2202,col,1990
2226,col,1991
2303,col,1992
2335,col,1993
2465,col,1994
2548,col,1995
2544,col,1996
2582,col,1997
2564,col,1998
2415,col,1999
2466,col,2000
2459,col,2001
2475,col,2002
2513,col,2003
2603,col,2004
2681,col,2005
2819,col,2006
2962,col,2007
3009,col,2008
3022,col,2009
3089,col,2010
359.6,com,2000
271.4,cod,1961
326,cod,1962
333,cod,1963
322.7,cod,1964
318.5,cod,1965
330,cod,1966
317.6,cod,1967
321.5,cod,1968
341,cod,1969
330.6,cod,1970
340.8,cod,1971
332.4,cod,1972
349.9,cod,1973
350.9,cod,1974
323,cod,1975
294.4,cod,1976
285.5,cod,1977
266.7,cod,1978
259,cod,1979
254.4,cod,1980
251.5,cod,1981
242.7,cod,1982
240.1,cod,1983
246.9,cod,1984
234.9,cod,1985
248.5,cod,1986
230.6,cod,1987
224,cod,1988
216.2,cod,1989
193.4,cod,1990
170.5,cod,1991
145.6,cod,1992
124.4,cod,1993
108.1,cod,1994
102.9,cod,1995
107.9,cod,1996
98.94,cod,1997
95.99,cod,1998
87.4,cod,1999
78.95,cod,2000
75.51,cod,2001
78.52,cod,2002
82.26,cod,2003
83.92,cod,2004
84.94,cod,2005
89.25,cod,2006
90.94,cod,2007
87.96,cod,2008
93.33,cod,2009
97.16,cod,2010
99.54,cod,2011
725.6,cog,2000
1701,cri,1961
1759,cri,1962
1785,cri,1963
1790,cri,1964
1899,cri,1965
1986,cri,1966
2036,cri,1967
2146,cri,1968
2220,cri,1969
2333,cri,1970
2433,cri,1971
2535,cri,1972
2678,cri,1973
2771,cri,1974
2735,cri,1975
2815,cri,1976
2999,cri,1977
3083,cri,1978
3134,cri,1979
3048,cri,1980
2723,cri,1981
2317,cri,1982
2509,cri,1983
2640,cri,1984
2613,cri,1985
2707,cri,1986
2820,cri,1987
2838,cri,1988
2898,cri,1989
3014,cri,1990
3041,cri,1991
3241,cri,1992
3398,cri,1993
3516,cri,1994
3542,cri,1995
3499,cri,1996
3586,cri,1997
3734,cri,1998
3596,cri,1999
3750,cri,2000
3859,cri,2001
3916,cri,2002
4074,cri,2003
4170,cri,2004
4354,cri,2005
4693,cri,2006
5005,cri,2007
5076,cri,2008
4923,cri,2009
5093,cri,2010
5250,cri,2011
574.6,civ,1961
551.5,civ,1962
597.8,civ,1963
684.1,civ,1964
636.4,civ,1965
679.4,civ,1966
682.9,civ,1967
741.4,civ,1968
777.3,civ,1969
827.9,civ,1970
854.8,civ,1971
861.9,civ,1972
864.1,civ,1973
869.5,civ,1974
897,civ,1975
966.6,civ,1976
990.7,civ,1977
1042,civ,1978
1009,civ,1979
867.5,civ,1980
849.7,civ,1981
808.7,civ,1982
723.5,civ,1983
691.2,civ,1984
672.7,civ,1985
686.1,civ,1986
654.7,civ,1987
638,civ,1988
611.1,civ,1989
587.7,civ,1990
573.1,civ,1991
557,civ,1992
533.6,civ,1993
528.1,civ,1994
551.8,civ,1995
587.7,civ,1996
614.6,civ,1997
629.4,civ,1998
621.5,civ,1999
585.9,civ,2000
584,civ,2001
567,civ,2002
552.6,civ,2003
557.8,civ,2004
556.8,civ,2005
549.9,civ,2006
548.8,civ,2007
551.7,civ,2008
560.8,civ,2009
563,civ,2010
525.5,civ,2011
3897,hrv,1995
4280,hrv,1996
4506,hrv,1997
4626,hrv,1998
4458,hrv,1999
4770,hrv,2000
4932,hrv,2001
5183,hrv,2002
5364,hrv,2003
5684,hrv,2004
5862,hrv,2005
6132,hrv,2006
6475,hrv,2007
6566,hrv,2008
6131,hrv,2009
6109,hrv,2010
6114,hrv,2011
1742,cub,1970
1858,cub,1971
1915,cub,1972
1948,cub,1973
1938,cub,1974
2094,cub,1975
2184,cub,1976
2352,cub,1977
2487,cub,1978
2498,cub,1979
2362,cub,1980
2813,cub,1981
3050,cub,1982
3203,cub,1983
3441,cub,1984
3466,cub,1985
3442,cub,1986
3325,cub,1987
3422,cub,1988
3415,cub,1989
3263,cub,1990
2902,cub,1991
2560,cub,1992
2164,cub,1993
2166,cub,1994
2194,cub,1995
2361,cub,1996
2419,cub,1997
2419,cub,1998
2559,cub,1999
2697,cub,2000
2786,cub,2001
2810,cub,2002
2915,cub,2003
3071,cub,2004
3417,cub,2005
3837,cub,2006
4095,cub,2007
4275,cub,2008
4337,cub,2009
4430,cub,2010
3874,cyp,1975
4695,cyp,1976
5529,cyp,1977
5929,cyp,1978
6434,cyp,1979
6745,cyp,1980
6786,cyp,1981
7102,cyp,1982
7351,cyp,1983
7908,cyp,1984
8206,cyp,1985
8400,cyp,1986
9000,cyp,1987
9669,cyp,1988
10310,cyp,1989
10850,cyp,1990
10660,cyp,1991
11310,cyp,1992
11140,cyp,1993
11520,cyp,1994
11600,cyp,1995
11640,cyp,1996
11660,cyp,1997
13220,cyp,1998
12470,cyp,1999
12550,cyp,2000
13060,cyp,2001
13470,cyp,2002
13640,cyp,2003
13580,cyp,2004
13810,cyp,2005
14010,cyp,2006
14370,cyp,2007
14600,cyp,2008
14950,cyp,2009
14930,cyp,2010
4857,cze,1992
4805,cze,1993
4926,cze,1994
5199,cze,1995
5393,cze,1996
5350,cze,1997
5332,cze,1998
5398,cze,1999
5626,cze,2000
5756,cze,2001
5840,cze,2002
6072,cze,2003
6270,cze,2004
6723,cze,2005
7109,cze,2006
7312,cze,2007
7672,cze,2008
7115,cze,2009
7295,cze,2010
7405,cze,2011
16450,dnk,1970
16810,dnk,1971
17400,dnk,1972
18120,dnk,1973
17760,dnk,1974
17550,dnk,1975
18570,dnk,1976
18940,dnk,1977
19330,dnk,1978
19860,dnk,1979
19580,dnk,1980
19260,dnk,1981
19850,dnk,1982
20430,dnk,1983
21190,dnk,1984
22020,dnk,1985
23130,dnk,1986
23250,dnk,1987
23160,dnk,1988
23200,dnk,1989
23480,dnk,1990
23710,dnk,1991
24190,dnk,1992
24250,dnk,1993
25530,dnk,1994
26280,dnk,1995
26820,dnk,1996
27530,dnk,1997
28100,dnk,1998
28800,dnk,1999
29350,dnk,2000
29660,dnk,2001
29770,dnk,2002
29970,dnk,2003
30900,dnk,2004
31870,dnk,2005
32990,dnk,2006
33110,dnk,2007
32820,dnk,2008
30750,dnk,2009
31240,dnk,2010
31670,dnk,2011
1134,dji,1991
1107,dji,1992
1026,dji,1993
985.1,dji,1994
931.4,dji,1995
865.8,dji,1996
825.7,dji,1997
795.9,dji,1998
789.3,dji,1999
774.7,dji,2000
766.8,dji,2001
773.8,dji,2002
826.7,dji,2003
855.3,dji,2004
864,dji,2005
2204,dma,1977
2426,dma,1978
1964,dma,1979
2248,dma,1980
2524,dma,1981
2624,dma,1982
2690,dma,1983
2812,dma,1984
2780,dma,1985
3093,dma,1986
3303,dma,1987
3648,dma,1988
3605,dma,1989
3877,dma,1990
3854,dma,1991
3941,dma,1992
4022,dma,1993
3990,dma,1994
4033,dma,1995
4063,dma,1996
4206,dma,1997
4468,dma,1998
4349,dma,1999
4154,dma,2000
4375,dma,2001
4261,dma,2002
4631,dma,2003
4721,dma,2004
4771,dma,2005
5229,dma,2006
843.7,dom,1961
951.8,dom,1962
983.2,dom,1963
1019,dom,1964
871.7,dom,1965
952.2,dom,1966
955.2,dom,1967
930.8,dom,1968
1001,dom,1969
1167,dom,1970
1266,dom,1971
1386,dom,1972
1501,dom,1973
1545,dom,1974
1586,dom,1975
1651,dom,1976
1668,dom,1977
1689,dom,1978
1739,dom,1979
1766,dom,1980
1790,dom,1981
1794,dom,1982
1831,dom,1983
1816,dom,1984
1700,dom,1985
1749,dom,1986
1867,dom,1987
1845,dom,1988
1907,dom,1989
1775,dom,1990
1766,dom,1991
1911,dom,1992
1977,dom,1993
1997,dom,1994
2069,dom,1995
2196,dom,1996
2330,dom,1997
2446,dom,1998
2562,dom,1999
2672,dom,2000
2675,dom,2001
2790,dom,2002
2682,dom,2003
2623,dom,2004
2911,dom,2005
3190,dom,2006
3416,dom,2007
3589,dom,2008
3666,dom,2009
3914,dom,2010
4027,dom,2011
784.7,ecu,1961
799.7,ecu,1962
813.3,ecu,1963
851.8,ecu,1964
849.4,ecu,1965
824.6,ecu,1966
858.1,ecu,1967
851.8,ecu,1968
873.3,ecu,1969
910.9,ecu,1970
937.3,ecu,1971
951.1,ecu,1972
1049,ecu,1973
1100,ecu,1974
1202,ecu,1975
1249,ecu,1976
1236,ecu,1977
1276,ecu,1978
1289,ecu,1979
1308,ecu,1980
1306,ecu,1981
1239,ecu,1982
1173,ecu,1983
1167,ecu,1984
1147,ecu,1985
1168,ecu,1986
1098,ecu,1987
1154,ecu,1988
1135,ecu,1989
1141,ecu,1990
1200,ecu,1991
1220,ecu,1992
1229,ecu,1993
1270,ecu,1994
1276,ecu,1995
1281,ecu,1996
1317,ecu,1997
1317,ecu,1998
1181,ecu,1999
1177,ecu,2000
1256,ecu,2001
1308,ecu,2002
1327,ecu,2003
1413,ecu,2004
1482,ecu,2005
1536,ecu,2006
1544,ecu,2007
1659,ecu,2008
1645,ecu,2009
1694,ecu,2010
1744,ecu,2011
437.9,egy,1961
454.6,egy,1962
482.3,egy,1963
506.2,egy,1964
538.3,egy,1965
530.6,egy,1966
522.5,egy,1967
524,egy,1968
543.1,egy,1969
560.4,egy,1970
566.3,egy,1971
565.8,egy,1972
553.7,egy,1973
554.7,egy,1974
585,egy,1975
653.1,egy,1976
717.9,egy,1977
729.6,egy,1978
741.2,egy,1979
789.4,egy,1980
792.7,egy,1981
857.3,egy,1982
901.8,egy,1983
932.6,egy,1984
936.8,egy,1985
929.1,egy,1986
1042,egy,1987
1080,egy,1988
1101,egy,1989
1126,egy,1990
1133,egy,1991
1164,egy,1992
1172,egy,1993
1211,egy,1994
1252,egy,1995
1299,egy,1996
1354,egy,1997
1387,egy,1998
1442,egy,1999
1490,egy,2000
1517,egy,2001
1510,egy,2002
1526,egy,2003
1557,egy,2004
1596,egy,2005
1687,egy,2006
1781,egy,2007
1874,egy,2008
1914,egy,2009
1940,egy,2010
1929,egy,2011
1447,slv,1961
1568,slv,1962
1583,slv,1963
1677,slv,1964
1710,slv,1965
1781,slv,1966
1822,slv,1967
1830,slv,1968
1843,slv,1969
1847,slv,1970
1868,slv,1971
1929,slv,1972
1970,slv,1973
2008,slv,1974
2019,slv,1975
2105,slv,1976
2193,slv,1977
2252,slv,1978
2130,slv,1979
1826,slv,1980
1603,slv,1981
1472,slv,1982
1472,slv,1983
1473,slv,1984
1471,slv,1985
1452,slv,1986
1472,slv,1987
1483,slv,1988
1479,slv,1989
1538,slv,1990
1567,slv,1991
1670,slv,1992
1761,slv,1993
1851,slv,1994
1951,slv,1995
1967,slv,1996
2022,slv,1997
2086,slv,1998
2125,slv,1999
2168,slv,2000
2196,slv,2001
2231,slv,2002
2261,slv,2003
2294,slv,2004
2368,slv,2005
2464,slv,2006
2550,slv,2007
2583,slv,2008
2468,slv,2009
2492,slv,2010
2510,slv,2011
1699,gnq,2000
134.9,eri,1992
153.2,eri,1993
185.5,eri,1994
191.5,eri,1995
201.3,eri,1996
213.9,eri,1997
213.9,eri,1998
207.8,eri,1999
172.9,eri,2000
200.8,eri,2001
197.4,eri,2002
183.8,eri,2003
178.6,eri,2004
177.2,eri,2005
169.5,eri,2006
166.8,eri,2007
2851,est,1995
3074,est,1996
3380,est,1997
3692,est,1998
3704,est,1999
4008,est,2000
4241,est,2001
4532,est,2002
4845,est,2003
5186,est,2004
5715,est,2005
6205,est,2006
6566,est,2007
6422,est,2008
5665,est,2009
5671,est,2010
6105,est,2011
141.7,eth,1981
139,eth,1982
145.8,eth,1983
137,eth,1984
117.7,eth,1985
125,eth,1986
137.7,eth,1987
133.8,eth,1988
128.8,eth,1989
128.2,eth,1990
115.1,eth,1991
101.5,eth,1992
110.5,eth,1993
110.3,eth,1994
113.9,eth,1995
124.6,eth,1996
124.2,eth,1997
116.9,eth,1998
119.9,eth,1999
123.8,eth,2000
130.8,eth,2001
129.6,eth,2002
123.4,eth,2003
137,eth,2004
150,eth,2005
162.6,eth,2006
177.7,eth,2007
192.6,eth,2008
204.6,eth,2009
219.7,eth,2010
230.7,eth,2011
24120,fro,2000
2116,fji,2000
7801,fin,1961
7971,fin,1962
8166,fin,1963
8539,fin,1964
8957,fin,1965
9131,fin,1966
9265,fin,1967
9426,fin,1968
10330,fin,1969
10920,fin,1970
11160,fin,1971
11940,fin,1972
12690,fin,1973
13040,fin,1974
13180,fin,1975
13170,fin,1976
13110,fin,1977
13460,fin,1978
14420,fin,1979
15150,fin,1980
15200,fin,1981
15530,fin,1982
15910,fin,1983
16340,fin,1984
16850,fin,1985
17290,fin,1986
17830,fin,1987
18750,fin,1988
19430,fin,1989
19350,fin,1990
17920,fin,1991
17000,fin,1992
16660,fin,1993
17410,fin,1994
18210,fin,1995
18940,fin,1996
20230,fin,1997
21080,fin,1998
22090,fin,1999
23350,fin,2000
23980,fin,2001
24440,fin,2002
24640,fin,2003
25980,fin,2004
26560,fin,2005
27760,fin,2006
28860,fin,2007
28940,fin,2008
26680,fin,2009
27560,fin,2010
28070,fin,2011
7871,fra,1961
8289,fra,1962
8615,fra,1963
9054,fra,1964
9375,fra,1965
9755,fra,1966
10130,fra,1967
10470,fra,1968
11110,fra,1969
11650,fra,1970
12190,fra,1971
12620,fra,1972
13350,fra,1973
13890,fra,1974
13590,fra,1975
14120,fra,1976
14560,fra,1977
15000,fra,1978
15460,fra,1979
15700,fra,1980
15760,fra,1981
15990,fra,1982
15990,fra,1983
16110,fra,1984
16360,fra,1985
16690,fra,1986
17040,fra,1987
17700,fra,1988
18300,fra,1989
18700,fra,1990
18780,fra,1991
19020,fra,1992
18850,fra,1993
19150,fra,1994
19450,fra,1995
19690,fra,1996
20110,fra,1997
20720,fra,1998
21490,fra,1999
22080,fra,2000
22310,fra,2001
22210,fra,2002
22320,fra,2003
22790,fra,2004
23090,fra,2005
23540,fra,2006
23930,fra,2007
23780,fra,2008
22930,fra,2009
23190,fra,2010
23450,fra,2011
14510,pyf,2000
2081,gab,1961
2196,gab,1962
2876,gab,1963
2342,gab,1964
2510,gab,1965
2628,gab,1966
2691,gab,1967
2728,gab,1968
2982,gab,1969
3235,gab,1970
3451,gab,1971
3772,gab,1972
4000,gab,1973
5289,gab,1974
6301,gab,1975
8462,gab,1976
7236,gab,1977
5063,gab,1978
4718,gab,1979
4694,gab,1980
4887,gab,1981
4615,gab,1982
4732,gab,1983
5166,gab,1984
4878,gab,1985
4786,gab,1986
3844,gab,1987
4207,gab,1988
4504,gab,1989
4339,gab,1990
4478,gab,1991
4090,gab,1992
4065,gab,1993
4192,gab,1994
4214,gab,1995
4191,gab,1996
4334,gab,1997
4551,gab,1998
3934,gab,1999
3472,gab,2000
3655,gab,2001
3747,gab,2002
3649,gab,2003
3335,gab,2004
3585,gab,2005
3389,gab,2006
3582,gab,2007
3535,gab,2008
3703,gab,2009
3602,gab,2010
3577,gab,2011
507.2,gmb,1971
489,gmb,1972
524.7,gmb,1973
542.6,gmb,1974
598.2,gmb,1975
633.7,gmb,1976
638.4,gmb,1977
644.9,gmb,1978
606.5,gmb,1979
618.1,gmb,1980
618.2,gmb,1981
579.3,gmb,1982
594.6,gmb,1983
645.4,gmb,1984
679.7,gmb,1985
705.2,gmb,1986
676.4,gmb,1987
599.9,gmb,1988
556.1,gmb,1989
539.3,gmb,1990
568.4,gmb,1991
571.2,gmb,1992
572,gmb,1993
558,gmb,1994
549.8,gmb,1995
547.2,gmb,1996
551,gmb,1997
553.3,gmb,1998
569.7,gmb,1999
583.1,gmb,2000
594.8,gmb,2001
550.6,gmb,2002
571.5,gmb,2003
595,gmb,2004
574.7,gmb,2005
574.9,gmb,2006
602.5,gmb,2007
630.8,gmb,2008
654.8,gmb,2009
680.6,gmb,2010
696.8,gmb,2011
718.5,geo,2000
11970,deu,1970
12300,deu,1971
12760,deu,1972
13320,deu,1973
13440,deu,1974
13390,deu,1975
14120,deu,1976
14600,deu,1977
15110,deu,1978
15680,deu,1979
15870,deu,1980
15910,deu,1981
15850,deu,1982
16190,deu,1983
16760,deu,1984
17190,deu,1985
17540,deu,1986
17730,deu,1987
18410,deu,1988
19000,deu,1989
19830,deu,1990
20540,deu,1991
20750,deu,1992
20370,deu,1993
20650,deu,1994
20880,deu,1995
21030,deu,1996
21330,deu,1997
21650,deu,1998
22020,deu,1999
22700,deu,2000
22990,deu,2001
22900,deu,2002
22920,deu,2003
23590,deu,2004
23830,deu,2005
24960,deu,2006
25730,deu,2007
25940,deu,2008
24890,deu,2009
25770,deu,2010
26580,deu,2011
252.1,gha,2000
3782,grc,1961
3819,grc,1962
4192,grc,1963
4522,grc,1964
4919,grc,1965
5181,grc,1966
5421,grc,1967
5747,grc,1968
6289,grc,1969
6781,grc,1970
7320,grc,1971
8007,grc,1972
8617,grc,1973
8104,grc,1974
8499,grc,1975
8967,grc,1976
9121,grc,1977
9613,grc,1978
9820,grc,1979
9824,grc,1980
9548,grc,1981
9395,grc,1982
9205,grc,1983
9250,grc,1984
9420,grc,1985
9387,grc,1986
9197,grc,1987
9535,grc,1988
9862,grc,1989
9918,grc,1990
10170,grc,1991
10160,grc,1992
9875,grc,1993
9995,grc,1994
10130,grc,1995
10260,grc,1996
10580,grc,1997
10870,grc,1998
11040,grc,1999
11440,grc,2000
11930,grc,2001
12250,grc,2002
12830,grc,2003
13330,grc,2004
13460,grc,2005
14050,grc,2006
14310,grc,2007
14170,grc,2008
13770,grc,2009
13210,grc,2010
12250,grc,2011
18560,grl,2000
4787,grd,2000
961.7,gtm,1961
970.1,gtm,1962
1033,gtm,1963
1050,gtm,1964
1072,gtm,1965
1098,gtm,1966
1110,gtm,1967
1168,gtm,1968
1190,gtm,1969
1225,gtm,1970
1258,gtm,1971
1314,gtm,1972
1371,gtm,1973
1424,gtm,1974
1411,gtm,1975
1489,gtm,1976
1574,gtm,1977
1617,gtm,1978
1659,gtm,1979
1670,gtm,1980
1633,gtm,1981
1533,gtm,1982
1458,gtm,1983
1416,gtm,1984
1381,gtm,1985
1334,gtm,1986
1356,gtm,1987
1381,gtm,1988
1405,gtm,1989
1417,gtm,1990
1447,gtm,1991
1483,gtm,1992
1508,gtm,1993
1530,gtm,1994
1570,gtm,1995
1575,gtm,1996
1608,gtm,1997
1659,gtm,1998
1678,gtm,1999
1697,gtm,2000
1709,gtm,2001
1715,gtm,2002
1714,gtm,2003
1719,gtm,2004
1730,gtm,2005
1771,gtm,2006
1833,gtm,2007
1849,gtm,2008
1802,gtm,2009
1808,gtm,2010
1824,gtm,2011
317,gin,1986
326.5,gin,1987
340.3,gin,1988
335.4,gin,1989
340.1,gin,1990
330.8,gin,1991
326.6,gin,1992
329.2,gin,1993
325.9,gin,1994
326.4,gin,1995
332.4,gin,1996
337.1,gin,1997
346.5,gin,1998
362.2,gin,1999
363.7,gin,2000
366.4,gin,2001
381.9,gin,2002
371.5,gin,2003
373.2,gin,2004
493,gin,2005
489.5,gin,2006
500.2,gin,2007
503.3,gin,2008
493.8,gin,2009
501,gin,2010
163.7,gnb,2000
901,guy,2000
738.5,hnd,1961
749.3,hnd,1962
747.6,hnd,1963
762.5,hnd,1964
799.1,hnd,1965
816.8,hnd,1966
835.8,hnd,1967
868.1,hnd,1968
857.8,hnd,1969
862.3,hnd,1970
874.8,hnd,1971
899.3,hnd,1972
939.5,hnd,1973
919.5,hnd,1974
901.7,hnd,1975
946.9,hnd,1976
1010,hnd,1977
1080,hnd,1978
1092,hnd,1979
1056,hnd,1980
1061,hnd,1981
1001,hnd,1982
979.6,hnd,1983
988.3,hnd,1984
1002,hnd,1985
973.5,hnd,1986
995.2,hnd,1987
1014,hnd,1988
1034,hnd,1989
971.3,hnd,1990
967.8,hnd,1991
986.7,hnd,1992
1062,hnd,1993
1022,hnd,1994
1022,hnd,1995
1041,hnd,1996
1091,hnd,1997
1104,hnd,1998
1070,hnd,1999
1118,hnd,2000
1095,hnd,2001
1113,hnd,2002
1146,hnd,2003
1187,hnd,2004
1239,hnd,2005
1292,hnd,2006
1368,hnd,2007
1392,hnd,2008
1336,hnd,2009
1344,hnd,2010
1337,hnd,2011
24200,hkg,1999
25540,hkg,2000
25900,hkg,2001
25780,hkg,2002
27130,hkg,2003
29030,hkg,2004
30420,hkg,2005
32900,hkg,2006
34970,hkg,2007
36260,hkg,2008
34400,hkg,2009
36260,hkg,2010
1808,hun,1965
1936,hun,1966
2074,hun,1967
2167,hun,1968
2307,hun,1969
2379,hun,1970
2521,hun,1971
2668,hun,1972
2843,hun,1973
2993,hun,1974
3149,hun,1975
3266,hun,1976
3486,hun,1977
3615,hun,1978
3690,hun,1979
3703,hun,1980
3736,hun,1981
3800,hun,1982
3879,hun,1983
3967,hun,1984
3965,hun,1985
4038,hun,1986
4217,hun,1987
4223,hun,1988
4257,hun,1989
4168,hun,1990
3616,hun,1991
3531,hun,1992
3658,hun,1993
3756,hun,1994
3755,hun,1995
3747,hun,1996
3808,hun,1997
3966,hun,1998
4098,hun,1999
4317,hun,2000
4482,hun,2001
4687,hun,2002
4911,hun,2003
5126,hun,2004
5333,hun,2005
5553,hun,2006
5475,hun,2007
5570,hun,2008
5307,hun,2009
5363,hun,2010
9876,isl,1961
10510,isl,1962
11400,isl,1963
12320,isl,1964
12980,isl,1965
13890,isl,1966
13470,isl,1967
12520,isl,1968
12670,isl,1969
13600,isl,1970
15290,isl,1971
15940,isl,1972
16780,isl,1973
17470,isl,1974
17190,isl,1975
17990,isl,1976
19510,isl,1977
20440,isl,1978
21220,isl,1979
22190,isl,1980
22710,isl,1981
22770,isl,1982
21800,isl,1983
22330,isl,1984
23020,isl,1985
24440,isl,1986
26520,isl,1987
26020,isl,1988
25500,isl,1989
25650,isl,1990
25480,isl,1991
24410,isl,1992
24440,isl,1993
24930,isl,1994
24890,isl,1995
26090,isl,1996
27150,isl,1997
28590,isl,1998
29460,isl,1999
30070,isl,2000
30710,isl,2001
31430,isl,2002
31530,isl,2003
32860,isl,2004
34830,isl,2005
34810,isl,2006
36290,isl,2007
29920,isl,2008
28510,isl,2009
27930,isl,2010
29710,isl,2011
183,ind,1961
184.6,ind,1962
191.8,ind,1963
201.7,ind,1964
192.2,ind,1965
187.8,ind,1966
198.2,ind,1967
200.6,ind,1968
209.1,ind,1969
215,ind,1970
213.6,ind,1971
207.7,ind,1972
209.7,ind,1973
207.5,ind,1974
221.4,ind,1975
219.9,ind,1976
230.4,ind,1977
238.1,ind,1978
220.9,ind,1979
230.6,ind,1980
238.3,ind,1981
240.2,ind,1982
251.7,ind,1983
255.1,ind,1984
262.7,ind,1985
269,ind,1986
273.2,ind,1987
292.2,ind,1988
302.7,ind,1989
312.4,ind,1990
308.6,ind,1991
319,ind,1992
328.1,ind,1993
343.5,ind,1994
363.2,ind,1995
384.2,ind,1996
392.8,ind,1997
409.8,ind,1998
437.2,ind,1999
445.7,ind,2000
461,ind,2001
472.4,ind,2002
501.6,ind,2003
533,ind,2004
573.7,ind,2005
617.2,ind,2006
670.3,ind,2007
685.3,ind,2008
731.4,ind,2009
786.6,ind,2010
829.8,ind,2011
203.7,idn,1961
203.3,idn,1962
193,idn,1963
194.1,idn,1964
192.3,idn,1965
191.7,idn,1966
189.5,idn,1967
206.6,idn,1968
216.6,idn,1969
228,idn,1970
237.3,idn,1971
247.6,idn,1972
264.3,idn,1973
276.5,idn,1974
286.8,idn,1975
299.8,idn,1976
317,idn,1977
337.3,idn,1978
345.2,idn,1979
366.3,idn,1980
388.4,idn,1981
377.4,idn,1982
404.6,idn,1983
416.7,idn,1984
424.6,idn,1985
443.3,idn,1986
457.4,idn,1987
481.9,idn,1988
516.7,idn,1989
552.2,idn,1990
539.9,idn,1991
576.2,idn,1992
664.5,idn,1993
711.4,idn,1994
757.6,idn,1995
806,idn,1996
829.6,idn,1997
690,idn,1998
673.4,idn,1999
704.4,idn,2000
743.4,idn,2001
773.1,idn,2002
793.1,idn,2003
816.6,idn,2004
851,idn,2005
892.7,idn,2006
940.9,idn,2007
993.4,idn,2008
1029,idn,2009
1089,idn,2010
1146,idn,2011
932.7,irn,1965
1009,irn,1966
1086,irn,1967
1181,irn,1968
1297,irn,1969
1386,irn,1970
1527,irn,1971
1761,irn,1972
1810,irn,1973
1952,irn,1974
2004,irn,1975
2294,irn,1976
2177,irn,1977
1889,irn,1978
1794,irn,1979
1492,irn,1980
1364,irn,1981
1477,irn,1982
1601,irn,1983
1517,irn,1984
1488,irn,1985
1303,irn,1986
1238,irn,1987
1122,irn,1988
1157,irn,1989
1280,irn,1990
1414,irn,1991
1449,irn,1992
1380,irn,1993
1350,irn,1994
1380,irn,1995
1453,irn,1996
1482,irn,1997
1499,irn,1998
1497,irn,1999
1551,irn,2000
1587,irn,2001
1649,irn,2002
1740,irn,2003
1809,irn,2004
1866,irn,2005
1958,irn,2006
2098,irn,2007
22120,irl,2000
22320,irl,2001
22770,irl,2002
24170,irl,2003
24890,irl,2004
25830,irl,2005
27030,irl,2006
27540,irl,2007
26380,irl,2008
23310,irl,2009
23060,irl,2010
21200,gbm,2000
15920,isr,1995
16740,isr,1996
16890,isr,1997
16990,isr,1998
16850,isr,1999
18120,isr,2000
18410,isr,2001
18130,isr,2002
18070,isr,2003
18960,isr,2004
19820,isr,2005
20670,isr,2006
21500,isr,2007
21570,isr,2008
21100,isr,2009
21660,isr,2010
22340,isr,2011
6299,ita,1961
6642,ita,1962
6962,ita,1963
7102,ita,1964
7286,ita,1965
7669,ita,1966
8152,ita,1967
8636,ita,1968
9117,ita,1969
9543,ita,1970
9673,ita,1971
9977,ita,1972
10590,ita,1973
11030,ita,1974
10760,ita,1975
11460,ita,1976
11710,ita,1977
12050,ita,1978
12770,ita,1979
13190,ita,1980
13180,ita,1981
13210,ita,1982
13380,ita,1983
13810,ita,1984
14170,ita,1985
14530,ita,1986
15030,ita,1987
15660,ita,1988
16140,ita,1989
16340,ita,1990
16560,ita,1991
16620,ita,1992
16510,ita,1993
16830,ita,1994
17380,ita,1995
17610,ita,1996
18040,ita,1997
18280,ita,1998
18620,ita,1999
19240,ita,2000
19600,ita,2001
19630,ita,2002
19460,ita,2003
19680,ita,2004
19790,ita,2005
20160,ita,2006
20280,ita,2007
19690,ita,2008
18610,ita,2009
18850,ita,2010
18810,ita,2011
3345,jam,2000
8439,jpn,1961
9101,jpn,1962
9768,jpn,1963
10790,jpn,1964
11300,jpn,1965
12390,jpn,1966
13640,jpn,1967
15330,jpn,1968
16900,jpn,1969
16620,jpn,1970
17200,jpn,1971
18410,jpn,1972
19730,jpn,1973
19080,jpn,1974
19370,jpn,1975
19990,jpn,1976
20680,jpn,1977
21590,jpn,1978
22610,jpn,1979
23030,jpn,1980
23780,jpn,1981
24460,jpn,1982
25060,jpn,1983
26040,jpn,1984
27570,jpn,1985
28170,jpn,1986
29240,jpn,1987
31210,jpn,1988
32780,jpn,1989
34470,jpn,1990
35520,jpn,1991
35780,jpn,1992
35770,jpn,1993
35920,jpn,1994
36540,jpn,1995
37500,jpn,1996
38050,jpn,1997
37210,jpn,1998
37040,jpn,1999
37840,jpn,2000
37960,jpn,2001
37970,jpn,2002
38540,jpn,2003
39510,jpn,2004
40200,jpn,2005
41080,jpn,2006
42180,jpn,2007
41710,jpn,2008
39250,jpn,2009
40960,jpn,2010
1395,jor,1976
1424,jor,1977
1624,jor,1978
1708,jor,1979
1958,jor,1980
1988,jor,1981
2048,jor,1982
1986,jor,1983
2032,jor,1984
2018,jor,1985
2067,jor,1986
2024,jor,1987
1878,jor,1988
1562,jor,1989
1525,jor,1990
1352,jor,1991
1557,jor,1992
1572,jor,1993
1592,jor,1994
1654,jor,1995
1635,jor,1996
1663,jor,1997
1680,jor,1998
1703,jor,1999
1785,jor,2000
1844,jor,2001
1886,jor,2002
1924,jor,2003
2059,jor,2004
2180,jor,2005
2311,jor,2006
2464,jor,2007
2574,jor,2008
2633,jor,2009
2572,jor,2010
2576,jor,2011
1232,kaz,1993
1089,kaz,1994
1015,kaz,1995
1033,kaz,1996
1063,kaz,1997
1061,kaz,1998
1080,kaz,1999
1145,kaz,2000
1325,kaz,2001
1472,kaz,2002
1589,kaz,2003
1709,kaz,2004
1797,kaz,2005
1909,kaz,2006
2034,kaz,2007
1985,kaz,2008
2091,kaz,2009
2158,kaz,2010
2216,kaz,2011
225.8,ken,1961
240.2,ken,1962
252.3,ken,1963
256.5,ken,1964
254.2,ken,1965
281.2,ken,1966
280.6,ken,1967
293.7,ken,1968
310.2,ken,1969
286.6,ken,1970
338.3,ken,1971
381.2,ken,1972
379.4,ken,1973
383.9,ken,1974
375.6,ken,1975
364.6,ken,1976
385.8,ken,1977
398.2,ken,1978
412.7,ken,1979
421.8,ken,1980
421.2,ken,1981
409,ken,1982
401.9,ken,1983
393.5,ken,1984
395.2,ken,1985
408.5,ken,1986
416.5,ken,1987
425.4,ken,1988
434.3,ken,1989
432.4,ken,1990
422.4,ken,1991
406.5,ken,1992
386.8,ken,1993
389.4,ken,1994
401.7,ken,1995
413.8,ken,1996
407,ken,1997
411.3,ken,1998
408.5,ken,1999
401.9,ken,2000
405.8,ken,2001
398.3,ken,2002
398.7,ken,2003
409.2,ken,2004
425.8,ken,2005
440,ken,2006
457.9,ken,2007
455,ken,2008
455.2,ken,2009
466.2,ken,2010
478.2,ken,2011
1310,kir,2000
1196,kor,1961
1186,kor,1962
1269,kor,1963
1330,kor,1964
1349,kor,1965
1463,kor,1966
1506,kor,1967
1646,kor,1968
1830,kor,1969
2019,kor,1970
2123,kor,1971
2164,kor,1972
2372,kor,1973
2496,kor,1974
2570,kor,1975
2804,kor,1976
3037,kor,1977
3282,kor,1978
3439,kor,1979
3303,kor,1980
3427,kor,1981
3624,kor,1982
3970,kor,1983
4227,kor,1984
4459,kor,1985
4897,kor,1986
5437,kor,1987
6000,kor,1988
6376,kor,1989
6892,kor,1990
7463,kor,1991
7829,kor,1992
8232,kor,1993
8849,kor,1994
9514,kor,1995
10080,kor,1996
10430,kor,1997
9527,kor,1998
10420,kor,1999
11290,kor,2000
11680,kor,2001
12490,kor,2002
12780,kor,2003
13350,kor,2004
13790,kor,2005
14470,kor,2006
15140,kor,2007
15460,kor,2008
15390,kor,2009
16230,kor,2010
23920,kwt,1995
23910,kwt,1996
24670,kwt,1997
24030,kwt,1998
21990,kwt,1999
22890,kwt,2000
21090,kwt,2001
19980,kwt,2002
22500,kwt,2003
24790,kwt,2004
360.3,kgz,1992
303.6,kgz,1993
240,kgz,1994
223.1,kgz,1995
235.8,kgz,1996
251.8,kgz,1997
251.5,kgz,1998
253.3,kgz,1999
262.9,kgz,2000
279.8,kgz,2001
278.2,kgz,2002
295.8,kgz,2003
308.7,kgz,2004
308.2,kgz,2005
320.1,kgz,2006
345.1,kgz,2007
364,kgz,2008
367.8,kgz,2009
349,kgz,2010
375.2,kgz,2011
289.2,lao,1998
308.6,lao,1999
312.3,lao,2000
325.3,lao,2001
339.9,lao,2002
347.9,lao,2003
370.3,lao,2004
397.5,lao,2005
411.7,lao,2006
445.6,lao,2007
467.4,lao,2008
504.7,lao,2009
519.4,lao,2010
547.2,lao,2011
3435,lva,1991
2367,lva,1992
2300,lva,1993
2387,lva,1994
2403,lva,1995
2530,lva,1996
2771,lva,1997
2927,lva,1998
3036,lva,1999
3293,lva,2000
3602,lva,2001
3864,lva,2002
4140,lva,2003
4440,lva,2004
4982,lva,2005
5527,lva,2006
6087,lva,2007
5995,lva,2008
5380,lva,2009
5118,lva,2010
4623,lbn,1994
4821,lbn,1995
4908,lbn,1996
4681,lbn,1997
4734,lbn,1998
4671,lbn,1999
4698,lbn,2000
4695,lbn,2001
4562,lbn,2002
3989,lbn,2003
4946,lbn,2004
5083,lbn,2005
5142,lbn,2006
5591,lbn,2007
5975,lbn,2008
6304,lbn,2009
6750,lbn,2010
6556,lbn,2011
216.2,lso,1966
231.7,lso,1967
229.3,lso,1968
228.7,lso,1969
234.4,lso,1970
242.6,lso,1971
244.6,lso,1972
305.3,lso,1973
379.5,lso,1974
343.7,lso,1975
405.6,lso,1976
468.2,lso,1977
501.2,lso,1978
498.3,lso,1979
453.5,lso,1980
455.9,lso,1981
496.9,lso,1982
479.4,lso,1983
510.5,lso,1984
496.4,lso,1985
484.3,lso,1986
462.2,lso,1987
468.3,lso,1988
470.5,lso,1989
484.3,lso,1990
474,lso,1991
480.4,lso,1992
471.9,lso,1993
482.7,lso,1994
472.7,lso,1995
483,lso,1996
486.3,lso,1997
489,lso,1998
479.2,lso,1999
495.7,lso,2000
496.1,lso,2001
497.5,lso,2002
533.1,lso,2003
528.9,lso,2004
590.8,lso,2005
585.5,lso,2006
589,lso,2007
649.6,lso,2008
652.9,lso,2009
645.9,lso,2010
657.5,lso,2011
180.5,lbr,2000
153.1,lbr,2001
192.5,lbr,2002
47.84,lbr,2003
132.7,lbr,2004
152.4,lbr,2005
172.3,lbr,2006
191.9,lbr,2007
206.8,lbr,2008
222.3,lbr,2009
232.7,lbr,2010
257.1,lbr,2011
74110,lie,2000
2532,ltu,1995
2660,ltu,1996
2854,ltu,1997
3085,ltu,1998
3070,ltu,1999
3212,ltu,2000
3454,ltu,2001
3713,ltu,2002
4053,ltu,2003
4364,ltu,2004
9450,lux,1961
9643,lux,1962
9931,lux,1963
10560,lux,1964
10380,lux,1965
10420,lux,1966
10380,lux,1967
10760,lux,1968
11620,lux,1969
11740,lux,1970
12400,lux,1971
13270,lux,1972
13760,lux,1973
13960,lux,1974
14680,lux,1975
15350,lux,1976
16120,lux,1977
16730,lux,1978
17080,lux,1979
17470,lux,1980
18020,lux,1981
19970,lux,1982
21100,lux,1983
22120,lux,1984
22860,lux,1985
24420,lux,1986
25520,lux,1987
26950,lux,1988
29000,lux,1989
30670,lux,1990
33130,lux,1991
33150,lux,1992
33420,lux,1993
32980,lux,1994
33990,lux,1995
34160,lux,1996
37000,lux,1997
37300,lux,1998
38890,lux,1999
40480,lux,2000
41900,lux,2001
40400,lux,2002
37620,lux,2003
43610,lux,2004
44410,lux,2005
40060,lux,2006
44440,lux,2007
40740,lux,2008
33640,lux,2009
35550,lux,2010
35620,lux,2011
14350,mac,2000
2035,mkd,1990
1907,mkd,1991
1728,mkd,1992
1607,mkd,1993
1583,mkd,1994
1564,mkd,1995
1571,mkd,1996
1581,mkd,1997
1626,mkd,1998
1681,mkd,1999
1750,mkd,2000
1685,mkd,2001
1687,mkd,2002
1728,mkd,2003
1815,mkd,2004
1866,mkd,2005
1983,mkd,2006
2010,mkd,2007
2185,mkd,2008
2166,mkd,2009
2190,mkd,2010
2251,mkd,2011
392.9,mdg,1961
392,mdg,1962
378.8,mdg,1963
384.4,mdg,1964
373.4,mdg,1965
385.5,mdg,1966
396.7,mdg,1967
413.2,mdg,1968
415.5,mdg,1969
427,mdg,1970
430.8,mdg,1971
415.8,mdg,1972
393.4,mdg,1973
388.7,mdg,1974
383.6,mdg,1975
361.6,mdg,1976
361.8,mdg,1977
342.6,mdg,1978
365.1,mdg,1979
358,mdg,1980
311.6,mdg,1981
297.2,mdg,1982
290.6,mdg,1983
282.3,mdg,1984
280,mdg,1985
276.6,mdg,1986
268.3,mdg,1987
267,mdg,1988
269.1,mdg,1989
278.4,mdg,1990
247.8,mdg,1991
247.7,mdg,1992
246.4,mdg,1993
236.6,mdg,1994
233.2,mdg,1995
233,mdg,1996
237.3,mdg,1997
240.2,mdg,1998
245.7,mdg,1999
247.8,mdg,2000
255.8,mdg,2001
216,mdg,2002
230.3,mdg,2003
234.6,mdg,2004
238.9,mdg,2005
243.8,mdg,2006
253.2,mdg,2007
263.9,mdg,2008
243.4,mdg,2009
152,mwi,2000
823.4,mys,1961
856.2,mys,1962
889.1,mys,1963
902.8,mys,1964
941.3,mys,1965
990.5,mys,1966
1016,mys,1967
1069,mys,1968
1080,mys,1969
1112,mys,1970
1149,mys,1971
1228,mys,1972
1326,mys,1973
1390,mys,1974
1386,mys,1975
1499,mys,1976
1577,mys,1977
1630,mys,1978
1739,mys,1979
1840,mys,1980
1926,mys,1981
1967,mys,1982
1999,mys,1983
2082,mys,1984
1998,mys,1985
1985,mys,1986
2036,mys,1987
2187,mys,1988
2315,mys,1989
2487,mys,1990
2631,mys,1991
2783,mys,1992
2995,mys,1993
3187,mys,1994
3416,mys,1995
3663,mys,1996
3807,mys,1997
3437,mys,1998
3498,mys,1999
3681,mys,2000
3654,mys,2001
3792,mys,2002
3967,mys,2003
4152,mys,2004
4308,mys,2005
4553,mys,2006
4809,mys,2007
4899,mys,2008
4798,mys,2009
4987,mys,2010
1606,mdv,1995
1717,mdv,1996
1849,mdv,1997
1994,mdv,1998
2101,mdv,1999
2175,mdv,2000
2231,mdv,2001
2336,mdv,2002
2689,mdv,2003
2938,mdv,2004
186.6,mli,1990
186.6,mli,1991
197.1,mli,1992
188.6,mli,1993
182.9,mli,1994
187.9,mli,1995
188.8,mli,1996
195.7,mli,1997
202.2,mli,1998
210.3,mli,1999
211.8,mli,2000
219.6,mli,2001
220.7,mli,2002
236.8,mli,2003
234,mli,2004
241,mli,2005
241.3,mli,2006
2211,mlt,1970
2269,mlt,1971
2417,mlt,1972
2487,mlt,1973
2794,mlt,1974
3401,mlt,1975
3879,mlt,1976
4288,mlt,1977
4632,mlt,1978
4964,mlt,1979
5425,mlt,1980
5650,mlt,1981
5766,mlt,1982
5496,mlt,1983
5617,mlt,1984
5586,mlt,1985
5575,mlt,1986
5770,mlt,1987
6166,mlt,1988
6643,mlt,1989
7126,mlt,1990
7410,mlt,1991
7577,mlt,1992
7771,mlt,1993
8006,mlt,1994
8397,mlt,1995
8600,mlt,1996
8988,mlt,1997
9210,mlt,1998
9864,mlt,1999
10120,mlt,2000
10010,mlt,2001
10180,mlt,2002
10010,mlt,2003
9818,mlt,2004
9776,mlt,2005
10020,mlt,2006
10340,mlt,2007
10750,mlt,2008
9903,mlt,2009
10160,mlt,2010
2823,mhl,2000
548.5,mrt,1968
523.6,mrt,1969
582.9,mrt,1970
572.3,mrt,1971
556.8,mrt,1972
531.4,mrt,1973
587.3,mrt,1974
509.6,mrt,1975
501,mrt,1976
501.6,mrt,1977
505.2,mrt,1978
516.2,mrt,1979
525,mrt,1980
511.5,mrt,1981
487.4,mrt,1982
483.4,mrt,1983
466.3,mrt,1984
456,mrt,1985
461.5,mrt,1986
459.2,mrt,1987
462.5,mrt,1988
477.2,mrt,1989
458,mrt,1990
462.4,mrt,1991
459.8,mrt,1992
469,mrt,1993
447.3,mrt,1994
478.6,mrt,1995
516.1,mrt,1996
480.1,mrt,1997
489.9,mrt,1998
513.5,mrt,1999
493.5,mrt,2000
474.1,mrt,2001
518.4,mrt,2002
506.7,mrt,2003
520.4,mrt,2004
548.6,mrt,2005
598.1,mrt,2006
608.5,mrt,2007
621.5,mrt,2008
605.7,mrt,2009
594.2,mrt,2010
569.8,mrt,2011
1644,mus,1976
1701,mus,1977
1729,mus,1978
1750,mus,1979
1541,mus,1980
1579,mus,1981
1643,mus,1982
1638,mus,1983
1691,mus,1984
1800,mus,1985
1961,mus,1986
2153,mus,1987
2286,mus,1988
2402,mus,1989
2552,mus,1990
2668,mus,1991
2809,mus,1992
2909,mus,1993
2962,mus,1994
3070,mus,1995
3189,mus,1996
3350,mus,1997
3507,mus,1998
3557,mus,1999
3836,mus,2000
3933,mus,2001
3982,mus,2002
4048,mus,2003
4259,mus,2004
4282,mus,2005
4458,mus,2006
4791,mus,2007
4915,mus,2008
4980,mus,2009
5244,mus,2010
5458,mus,2011
2427,mex,1961
2465,mex,1962
2583,mex,1963
2789,mex,1964
2892,mex,1965
2969,mex,1966
3112,mex,1967
3307,mex,1968
3320,mex,1969
3426,mex,1970
3448,mex,1971
3620,mex,1972
3799,mex,1973
3891,mex,1974
3980,mex,1975
4022,mex,1976
4037,mex,1977
4276,mex,1978
4565,mex,1979
4853,mex,1980
5121,mex,1981
4816,mex,1982
4567,mex,1983
4665,mex,1984
4741,mex,1985
4432,mex,1986
4464,mex,1987
4476,mex,1988
4582,mex,1989
4742,mex,1990
4877,mex,1991
4967,mex,1992
4964,mex,1993
5082,mex,1994
4608,mex,1995
4786,mex,1996
5078,mex,1997
5246,mex,1998
5390,mex,1999
5666,mex,2000
5601,mex,2001
5590,mex,2002
5608,mex,2003
5787,mex,2004
5871,mex,2005
6089,mex,2006
6213,mex,2007
6229,mex,2008
5767,mex,2009
6035,mex,2010
6180,mex,2011
2240,fsm,2000
580.7,mda,1992
574.4,mda,1993
394.3,mda,1994
388.1,mda,1995
386.9,mda,1996
391.5,mda,1997
365.4,mda,1998
353.3,mda,1999
359.9,mda,2000
401.9,mda,2001
434.8,mda,2002
489.9,mda,2003
530.8,mda,2004
567.1,mda,2005
596.2,mda,2006
603.5,mda,2007
653,mda,2008
588.4,mda,2009
649.8,mda,2010
688.9,mda,2011
75380,mco,2000
469.3,mng,2000
1634,mne,2000
617.8,mar,1961
675.1,mar,1962
693.2,mar,1963
684.9,mar,1964
662.4,mar,1965
631.5,mar,1966
676.8,mar,1967
720.9,mar,1968
761.7,mar,1969
783.6,mar,1970
803.9,mar,1971
803,mar,1972
810.7,mar,1973
838.3,mar,1974
879.7,mar,1975
948.7,mar,1976
980.2,mar,1977
972.4,mar,1978
990.3,mar,1979
995.9,mar,1980
936.4,mar,1981
1010,mar,1982
966,mar,1983
975.9,mar,1984
996.9,mar,1985
1064,mar,1986
1012,mar,1987
1094,mar,1988
1079,mar,1989
1128,mar,1990
1181,mar,1991
1117,mar,1992
1079,mar,1993
1180,mar,1994
1083,mar,1995
1203,mar,1996
1160,mar,1997
1245,mar,1998
1235,mar,1999
1239,mar,2000
1316,mar,2001
1347,mar,2002
1419,mar,2003
1476,mar,2004
1511,mar,2005
1609,mar,2006
1637,mar,2007
1706,mar,2008
1750,mar,2009
1800,mar,2010
1880,mar,2011
206.5,moz,1980
209.7,moz,1981
189.4,moz,1982
155.5,moz,1983
142.1,moz,1984
140.6,moz,1985
134.4,moz,1986
148.2,moz,1987
165,moz,1988
170.2,moz,1989
174.3,moz,1990
178.9,moz,1991
159.2,moz,1992
168.5,moz,1993
171.5,moz,1994
171.6,moz,1995
183.9,moz,1996
198.1,moz,1997
213.7,moz,1998
225.7,moz,1999
220.7,moz,2000
237.1,moz,2001
260.9,moz,2002
268.9,moz,2003
279.3,moz,2004
298,moz,2005
298.4,moz,2006
317.9,moz,2007
335.7,moz,2008
362.2,moz,2009
384,moz,2010
404.4,moz,2011
1862,nam,1980
2105,nam,1981
2008,nam,1982
1998,nam,1983
1889,nam,1984
1538,nam,1985
1666,nam,1986
1871,nam,1987
1668,nam,1988
1745,nam,1989
1858,nam,1990
1977,nam,1991
1996,nam,1992
1923,nam,1993
1999,nam,1994
2073,nam,1995
2034,nam,1996
2054,nam,1997
2077,nam,1998
2030,nam,1999
2079,nam,2000
2041,nam,2001
2122,nam,2002
2251,nam,2003
2403,nam,2004
2352,nam,2005
2496,nam,2006
2539,nam,2007
2561,nam,2008
2548,nam,2009
2586,nam,2010
2652,nam,2011
226,npl,2000
8475,nld,1961
8999,nld,1962
9152,nld,1963
9781,nld,1964
10680,nld,1965
10820,nld,1966
11270,nld,1967
11860,nld,1968
12480,nld,1969
13010,nld,1970
13340,nld,1971
13570,nld,1972
14280,nld,1973
14740,nld,1974
14440,nld,1975
15090,nld,1976
15270,nld,1977
15470,nld,1978
15810,nld,1979
16120,nld,1980
15760,nld,1981
15490,nld,1982
15840,nld,1983
16310,nld,1984
16440,nld,1985
16820,nld,1986
17240,nld,1987
17650,nld,1988
18360,nld,1989
18720,nld,1990
19110,nld,1991
19210,nld,1992
19460,nld,1993
20050,nld,1994
20730,nld,1995
21220,nld,1996
22110,nld,1997
22300,nld,1998
23690,nld,1999
24700,nld,2000
24650,nld,2001
24550,nld,2002
24570,nld,2003
25410,nld,2004
25320,nld,2005
26710,nld,2006
27420,nld,2007
26770,nld,2008
25600,nld,2009
26340,nld,2010
27000,nld,2011
12580,ncl,2000
9815,nzl,1977
9795,nzl,1978
10100,nzl,1979
10160,nzl,1980
10570,nzl,1981
10490,nzl,1982
10520,nzl,1983
10830,nzl,1984
10780,nzl,1985
11110,nzl,1986
11130,nzl,1987
11180,nzl,1988
11190,nzl,1989
11190,nzl,1990
10230,nzl,1991
10270,nzl,1992
10710,nzl,1993
11150,nzl,1994
11510,nzl,1995
11620,nzl,1996
11810,nzl,1997
11950,nzl,1998
12330,nzl,1999
12600,nzl,2000
13050,nzl,2001
13480,nzl,2002
13810,nzl,2003
13990,nzl,2004
14160,nzl,2005
14050,nzl,2006
14210,nzl,2007
13910,nzl,2008
14150,nzl,2009
14370,nzl,2010
923.7,nic,1961
999.9,nic,1962
1070,nic,1963
1148,nic,1964
1204,nic,1965
1191,nic,1966
1231,nic,1967
1192,nic,1968
1233,nic,1969
1196,nic,1970
1203,nic,1971
1181,nic,1972
1218,nic,1973
1362,nic,1974
1330,nic,1975
1342,nic,1976
1434,nic,1977
1242,nic,1978
883.4,nic,1979
937.7,nic,1980
949,nic,1981
922.1,nic,1982
938.9,nic,1983
906.3,nic,1984
840.5,nic,1985
851,nic,1986
842,nic,1987
639.7,nic,1988
577.4,nic,1989
669.9,nic,1990
537.6,nic,1991
504.2,nic,1992
501.8,nic,1993
537.8,nic,1994
585,nic,1995
624.2,nic,1996
650.5,nic,1997
680.5,nic,1998
717,nic,1999
736.1,nic,2000
741.6,nic,2001
743.5,nic,2002
753.9,nic,2003
788.6,nic,2004
822.1,nic,2005
850.5,nic,2006
871.2,nic,2007
883.3,nic,2008
845.2,nic,2009
871.7,nic,2010
906.6,nic,2011
163.1,ner,2000
325.5,nga,2000
11110,nor,1961
11320,nor,1962
11650,nor,1963
12140,nor,1964
12680,nor,1965
13050,nor,1966
13750,nor,1967
13950,nor,1968
14500,nor,1969
14680,nor,1970
15440,nor,1971
16120,nor,1972
16730,nor,1973
17250,nor,1974
18010,nor,1975
18890,nor,1976
19470,nor,1977
20010,nor,1978
20710,nor,1979
21650,nor,1980
21920,nor,1981
21830,nor,1982
22660,nor,1983
23990,nor,1984
25430,nor,1985
26440,nor,1986
26830,nor,1987
26400,nor,1988
26490,nor,1989
26870,nor,1990
27490,nor,1991
28580,nor,1992
29160,nor,1993
30630,nor,1994
31870,nor,1995
33340,nor,1996
34980,nor,1997
35690,nor,1998
36240,nor,1999
36970,nor,2000
38030,nor,2001
38470,nor,2002
38730,nor,2003
39870,nor,2004
40830,nor,2005
41250,nor,2006
41740,nor,2007
41160,nor,2008
40400,nor,2009
40440,nor,2010
40760,nor,2011
6639,omn,1990
6849,omn,1991
6993,omn,1992
7145,omn,1993
7180,omn,1994
7397,omn,1995
7492,omn,1996
7903,omn,1997
8087,omn,1998
8049,omn,1999
8442,omn,2000
9094,omn,2001
9071,omn,2002
9234,omn,2003
9480,omn,2004
250.1,pak,1967
261.4,pak,1968
268.4,pak,1969
291.2,pak,1970
284,pak,1971
279.6,pak,1972
292.6,pak,1973
294.4,pak,1974
298.5,pak,1975
308.3,pak,1976
315.2,pak,1977
340.7,pak,1978
344.6,pak,1979
368.2,pak,1980
383.1,pak,1981
392.8,pak,1982
416.4,pak,1983
417.9,pak,1984
429.5,pak,1985
416.3,pak,1986
443.8,pak,1987
453.5,pak,1988
458.7,pak,1989
468.1,pak,1990
469.7,pak,1991
486.8,pak,1992
481.6,pak,1993
484.8,pak,1994
498.4,pak,1995
503.5,pak,1996
493,pak,1997
491.9,pak,1998
497.7,pak,1999
505.3,pak,2000
504.6,pak,2001
520.3,pak,2002
549.1,pak,2003
574.3,pak,2004
606.5,pak,2005
631.7,pak,2006
654.7,pak,2007
654.4,pak,2008
670,pak,2009
692.2,pak,2010
700.3,pak,2011
6539,plw,2000
2864,pan,1980
2992,pan,1981
3248,pan,1982
3180,pan,1983
3073,pan,1984
3257,pan,1985
3154,pan,1986
3364,pan,1987
2731,pan,1988
2629,pan,1989
2802,pan,1990
2959,pan,1991
3149,pan,1992
3309,pan,1993
3370,pan,1994
3309,pan,1995
3370,pan,1996
3487,pan,1997
3640,pan,1998
3664,pan,1999
3723,pan,2000
3680,pan,2001
3813,pan,2002
3740,pan,2003
3890,pan,2004
4091,pan,2005
4366,pan,2006
4895,pan,2007
5320,pan,2008
5419,pan,2009
5686,pan,2010
6250,pan,2011
439.6,png,1961
461,png,1962
470.8,png,1963
500.1,png,1964
540.6,png,1965
562.1,png,1966
572.6,png,1967
581.2,png,1968
609.6,png,1969
642.8,png,1970
649.4,png,1971
665.9,png,1972
673.4,png,1973
662.8,png,1974
661.6,png,1975
634.9,png,1976
633.4,png,1977
675.9,png,1978
661.2,png,1979
629.3,png,1980
604.6,png,1981
580.7,png,1982
578.4,png,1983
577.1,png,1984
582.3,png,1985
601.2,png,1986
590.4,png,1987
596.9,png,1988
577,png,1989
546.7,png,1990
587.4,png,1991
615.4,png,1992
716.4,png,1993
751.9,png,1994
715.7,png,1995
724.5,png,1996
695.8,png,1997
647.4,png,1998
631.9,png,1999
614,png,2000
589.2,png,2001
576.3,png,2002
552.4,png,2003
565,png,2004
690.1,pry,1961
680.8,pry,1962
687.2,pry,1963
693.3,pry,1964
711.1,pry,1965
701.1,pry,1966
736.3,pry,1967
738.9,pry,1968
745.3,pry,1969
766.2,pry,1970
789.4,pry,1971
816,pry,1972
856.3,pry,1973
909.4,pry,1974
947.7,pry,1975
987.6,pry,1976
1069,pry,1977
1158,pry,1978
1262,pry,1979
1429,pry,1980
1512,pry,1981
1412,pry,1982
1331,pry,1983
1312,pry,1984
1316,pry,1985
1276,pry,1986
1274,pry,1987
1351,pry,1988
1423,pry,1989
1432,pry,1990
1377,pry,1991
1402,pry,1992
1443,pry,1993
1473,pry,1994
1514,pry,1995
1485,pry,1996
1483,pry,1997
1455,pry,1998
1406,pry,1999
1328,pry,2000
1331,pry,2001
1299,pry,2002
1323,pry,2003
1328,pry,2004
1355,pry,2005
1385,pry,2006
1448,pry,2007
1502,pry,2008
1404,pry,2009
1593,pry,2010
1630,pry,2011
1668,per,1961
1770,per,1962
1788,per,1963
1848,per,1964
1893,per,1965
1986,per,1966
2000,per,1967
1941,per,1968
1958,per,1969
2040,per,1970
2076,per,1971
2077,per,1972
2122,per,1973
2263,per,1974
2275,per,1975
2236,per,1976
2038,per,1977
2081,per,1978
2101,per,1979
2149,per,1980
2267,per,1981
2197,per,1982
1856,per,1983
1891,per,1984
1906,per,1985
2093,per,1986
2215,per,1987
1844,per,1988
1539,per,1989
1613,per,1990
1598,per,1991
1562,per,1992
1593,per,1993
1773,per,1994
1883,per,1995
1922,per,1996
2026,per,1997
2001,per,1998
1987,per,1999
2006,per,2000
1991,per,2001
2056,per,2002
2088,per,2003
2123,per,2004
2238,per,2005
2449,per,2006
2662,per,2007
2829,per,2008
2838,per,2009
3116,per,2010
3306,per,2011
701.5,phl,1961
713.8,phl,1962
739.6,phl,1963
740.3,phl,1964
754.5,phl,1965
765.6,phl,1966
782.6,phl,1967
790,phl,1968
806.1,phl,1969
804.2,phl,1970
829,phl,1971
847.7,phl,1972
901.2,phl,1973
914.1,phl,1974
934,phl,1975
982,phl,1976
1016,phl,1977
1040,phl,1978
1066,phl,1979
1084,phl,1980
1089,phl,1981
1083,phl,1982
1076,phl,1983
951.2,phl,1984
859.8,phl,1985
864.3,phl,1986
884,phl,1987
922.9,phl,1988
953,phl,1989
975.3,phl,1990
957.7,phl,1991
952.7,phl,1992
955.8,phl,1993
986.2,phl,1994
1012,phl,1995
1055,phl,1996
1101,phl,1997
1102,phl,1998
1013,phl,1999
1048,phl,2000
1055,phl,2001
1066,phl,2002
1098,phl,2003
1152,phl,2004
1182,phl,2005
1213,phl,2006
1276,phl,2007
1315,phl,2008
1306,phl,2009
1386,phl,2010
1419,phl,2011
2772,pol,1991
2802,pol,1992
2918,pol,1993
3164,pol,1994
3360,pol,1995
3595,pol,1996
3844,pol,1997
4037,pol,1998
4225,pol,1999
4438,pol,2000
4521,pol,2001
4584,pol,2002
4735,pol,2003
4901,pol,2004
5106,pol,2005
5395,pol,2006
5704,pol,2007
6087,pol,2008
6089,pol,2009
6335,pol,2010
2460,prt,1961
2601,prt,1962
2746,prt,1963
2938,prt,1964
3174,prt,1965
3315,prt,1966
3595,prt,1967
3929,prt,1968
4058,prt,1969
4623,prt,1970
4937,prt,1971
5343,prt,1972
5968,prt,1973
5964,prt,1974
5437,prt,1975
5609,prt,1976
5847,prt,1977
5905,prt,1978
6158,prt,1979
6353,prt,1980
6313,prt,1981
6312,prt,1982
6289,prt,1983
6087,prt,1984
6278,prt,1985
6658,prt,1986
7160,prt,1987
7763,prt,1988
8314,prt,1989
8717,prt,1990
9131,prt,1991
9270,prt,1992
9076,prt,1993
9106,prt,1994
9517,prt,1995
9821,prt,1996
10160,prt,1997
10620,prt,1998
10980,prt,1999
11230,prt,2000
11320,prt,2001
11440,prt,2002
11320,prt,2003
11420,prt,2004
11410,prt,2005
11360,prt,2006
11580,prt,2007
11520,prt,2008
11110,prt,2009
11360,prt,2010
11140,prt,2011
8874,pri,1992
9134,pri,1993
9255,pri,1994
9445,pri,1995
9544,pri,1996
9909,pri,1997
9816,pri,1998
10470,pri,1999
10870,pri,2000
10590,pri,2001
10410,pri,2002
10370,pri,2003
10680,pri,2004
10980,pri,2005
11170,pri,2006
11110,pri,2007
10670,pri,2008
10180,pri,2009
9865,pri,2010
1889,rou,1990
1667,rou,1991
1527,rou,1992
1549,rou,1993
1615,rou,1994
1730,rou,1995
1801,rou,1996
1696,rou,1997
1615,rou,1998
1596,rou,1999
1638,rou,2000
1757,rou,2001
1869,rou,2002
1968,rou,2003
2119,rou,2004
2240,rou,2005
2385,rou,2006
2592,rou,2007
2832,rou,2008
2659,rou,2009
2597,rus,1990
2459,rus,1991
2083,rus,1992
1906,rus,1993
1678,rus,1994
1605,rus,1995
1544,rus,1996
1559,rus,1997
1452,rus,1998
1556,rus,1999
1729,rus,2000
1845,rus,2001
1932,rus,2002
2060,rus,2003
2236,rus,2004
2379,rus,2005
2567,rus,2006
2811,rus,2007
2965,rus,2008
2711,rus,2009
2802,rus,2010
2827,rus,2011
212.3,rwa,2000
7919,kna,2000
4336,lca,2000
3506,vct,2000
1139,wsm,1994
1206,wsm,1995
1296,wsm,1996
1275,wsm,1997
1299,wsm,1998
1313,wsm,1999
1391,wsm,2000
1489,wsm,2001
1543,wsm,2002
25110,smr,2000
9412,sau,1997
9558,sau,1998
9342,sau,1999
9425,sau,2000
9130,sau,2001
8824,sau,2002
9076,sau,2003
9319,sau,2004
9699,sau,2005
9793,sau,2006
9612,sau,2007
573.7,sen,1968
520.8,sen,1969
545.2,sen,1970
526.5,sen,1971
541.5,sen,1972
490.3,sen,1973
494,sen,1974
514.3,sen,1975
550.1,sen,1976
523.9,sen,1977
488.4,sen,1978
512.7,sen,1979
481.7,sen,1980
490.5,sen,1981
513.7,sen,1982
473.3,sen,1983
471.5,sen,1984
473.4,sen,1985
475,sen,1986
489.2,sen,1987
469.5,sen,1988
475.5,sen,1989
461.2,sen,1990
458.9,sen,1991
457,sen,1992
443.9,sen,1993
431.4,sen,1994
444.4,sen,1995
449.1,sen,1996
451,sen,1997
467.9,sen,1998
481.8,sen,1999
484,sen,2000
494.8,sen,2001
483.4,sen,2002
503.7,sen,2003
521.3,sen,2004
532.6,sen,2005
535.9,sen,2006
547.5,sen,2007
555.3,sen,2008
546.4,sen,2009
556,sen,2010
555.1,sen,2011
766.1,srb,1999
809.1,srb,2000
846.2,srb,2001
884.9,srb,2002
909,srb,2003
993.8,srb,2004
1047,srb,2005
1088,srb,2006
1143,srb,2007
1183,srb,2008
1159,srb,2009
1168,srb,2010
1193,srb,2011
4318,syc,1985
4273,syc,1986
4356,syc,1987
4539,syc,1988
5099,syc,1989
5469,syc,1990
5600,syc,1991
5952,syc,1992
6215,syc,1993
6152,syc,1994
5801,syc,1995
6054,syc,1996
6760,syc,1997
7078,syc,1998
7044,syc,1999
7189,syc,2000
7197,syc,2001
6558,syc,2002
6481,syc,2003
6413,syc,2004
6892,syc,2005
7390,syc,2006
7885,syc,2007
7558,syc,2008
7696,syc,2009
148.7,sle,2000
6736,sgp,1975
7045,sgp,1976
7422,sgp,1977
8038,sgp,1978
8672,sgp,1979
9018,sgp,1980
9453,sgp,1981
9750,sgp,1982
10680,sgp,1983
11650,sgp,1984
11720,sgp,1985
11790,sgp,1986
12540,sgp,1987
13740,sgp,1988
14820,sgp,1989
15630,sgp,1990
16090,sgp,1991
16980,sgp,1992
18060,sgp,1993
19790,sgp,1994
20710,sgp,1995
21090,sgp,1996
22730,sgp,1997
21390,sgp,1998
22460,sgp,1999
23650,sgp,2000
22660,sgp,2001
23010,sgp,2002
24250,sgp,2003
25150,sgp,2004
26480,sgp,2005
28840,sgp,2006
30250,sgp,2007
30700,sgp,2008
29720,sgp,2009
32120,sgp,2010
32870,sgp,2011
4219,svk,1992
4025,svk,1993
4260,svk,1994
4553,svk,1995
4871,svk,1996
5049,svk,1997
5259,svk,1998
5222,svk,1999
5301,svk,2000
5525,svk,2001
5758,svk,2002
5753,svk,2003
6102,svk,2004
6584,svk,2005
7111,svk,2006
7848,svk,2007
8001,svk,2008
7679,svk,2009
7950,svk,2010
7157,svn,1992
7401,svn,1993
7929,svn,1994
8190,svn,1995
8480,svn,1996
8880,svn,1997
9205,svn,1998
9694,svn,1999
10050,svn,2000
10350,svn,2001
10650,svn,2002
10930,svn,2003
11360,svn,2004
11830,svn,2005
12440,svn,2006
13090,svn,2007
13450,svn,2008
12350,svn,2009
12550,svn,2010
1065,slb,2000
2115,zaf,1961
2204,zaf,1962
2319,zaf,1963
2439,zaf,1964
2595,zaf,1965
2655,zaf,1966
2792,zaf,1967
2840,zaf,1968
2907,zaf,1969
2994,zaf,1970
3062,zaf,1971
3037,zaf,1972
3105,zaf,1973
3211,zaf,1974
3175,zaf,1975
3178,zaf,1976
3100,zaf,1977
3128,zaf,1978
3177,zaf,1979
3308,zaf,1980
3405,zaf,1981
3317,zaf,1982
3177,zaf,1983
3251,zaf,1984
3109,zaf,1985
3030,zaf,1986
3045,zaf,1987
3106,zaf,1988
3110,zaf,1989
3029,zaf,1990
2973,zaf,1991
2861,zaf,1992
2843,zaf,1993
2880,zaf,1994
2903,zaf,1995
2953,zaf,1996
2963,zaf,1997
2904,zaf,1998
2900,zaf,1999
2948,zaf,2000
2944,zaf,2001
3029,zaf,2002
3071,zaf,2003
3198,zaf,2004
3328,zaf,2005
3475,zaf,2006
3574,zaf,2007
3669,zaf,2008
3610,zaf,2009
3673,zaf,2010
3732,zaf,2011
4093,esp,1961
4460,esp,1962
4845,esp,1963
5044,esp,1964
5310,esp,1965
5615,esp,1966
5786,esp,1967
6084,esp,1968
6550,esp,1969
6760,esp,1970
7007,esp,1971
7520,esp,1972
8053,esp,1973
8456,esp,1974
8379,esp,1975
8530,esp,1976
8654,esp,1977
8654,esp,1978
8604,esp,1979
8717,esp,1980
8594,esp,1981
8649,esp,1982
8741,esp,1983
8864,esp,1984
9098,esp,1985
9373,esp,1986
9871,esp,1987
10330,esp,1988
10850,esp,1989
11230,esp,1990
11500,esp,1991
11550,esp,1992
11440,esp,1993
11530,esp,1994
11980,esp,1995
12190,esp,1996
12640,esp,1997
13150,esp,1998
13710,esp,1999
14290,esp,2000
14540,esp,2001
14730,esp,2002
14990,esp,2003
15200,esp,2004
15470,esp,2005
15800,esp,2006
15970,esp,2007
15820,esp,2008
15170,esp,2009
15230,esp,2010
490.3,lka,1984
520.7,lka,1985
533.8,lka,1986
534.7,lka,1987
541.5,lka,1988
544.1,lka,1989
572.3,lka,1990
589.5,lka,1991
613.2,lka,1992
648.8,lka,1993
671.8,lka,1994
696.4,lka,1995
712,lka,1996
750.9,lka,1997
776.2,lka,1998
794.3,lka,1999
838.5,lka,2000
839.8,lka,2001
869.1,lka,2002
913.5,lka,2003
949.6,lka,2004
996,lka,2005
1059,lka,2006
1124,lka,2007
1166,lka,2008
1207,lka,2009
1290,lka,2010
1384,lka,2011
280.4,sdn,1961
291.8,sdn,1962
277.9,sdn,1963
267.9,sdn,1964
279.7,sdn,1965
263.3,sdn,1966
259.2,sdn,1967
257.5,sdn,1968
254.3,sdn,1969
262.5,sdn,1970
260.7,sdn,1971
240.2,sdn,1972
234.8,sdn,1973
253.1,sdn,1974
283.8,sdn,1975
321.7,sdn,1976
331.7,sdn,1977
302.4,sdn,1978
277.5,sdn,1979
273.5,sdn,1980
275.4,sdn,1981
287.8,sdn,1982
282.6,sdn,1983
255.4,sdn,1984
234.4,sdn,1985
241.1,sdn,1986
269.8,sdn,1987
260.5,sdn,1988
273.8,sdn,1989
244.1,sdn,1990
240.4,sdn,1991
256.4,sdn,1992
265.7,sdn,1993
269.3,sdn,1994
280.7,sdn,1995
297.8,sdn,1996
324.3,sdn,1997
328.6,sdn,1998
327.1,sdn,1999
330.6,sdn,2000
346.7,sdn,2001
353.1,sdn,2002
373.6,sdn,2003
370.8,sdn,2004
397.1,sdn,2005
424.4,sdn,2006
446.3,sdn,2007
464.8,sdn,2008
1910,sur,2000
1391,swz,1990
1387,swz,1991
1406,swz,1992
1382,swz,1993
1321,swz,1994
1445,swz,1995
1516,swz,1996
1529,swz,1997
1498,swz,1998
1570,swz,1999
1542,swz,2000
1647,swz,2001
1553,swz,2002
1545,swz,2003
1627,swz,2004
1780,swz,2005
1724,swz,2006
1797,swz,2007
1791,swz,2008
1716,swz,2009
1693,swz,2010
1774,swz,2011
12140,swe,1961
12590,swe,1962
13190,swe,1963
13990,swe,1964
14380,swe,1965
14540,swe,1966
14910,swe,1967
15360,swe,1968
16010,swe,1969
16830,swe,1970
16900,swe,1971
17250,swe,1972
17940,swe,1973
18440,swe,1974
18840,swe,1975
18940,swe,1976
18500,swe,1977
18740,swe,1978
19430,swe,1979
19620,swe,1980
19450,swe,1981
19420,swe,1982
19720,swe,1983
20550,swe,1984
20970,swe,1985
21640,swe,1986
22400,swe,1987
22860,swe,1988
23290,swe,1989
23190,swe,1990
22600,swe,1991
21910,swe,1992
21170,swe,1993
22210,swe,1994
22990,swe,1995
23350,swe,1996
23980,swe,1997
25170,swe,1998
26480,swe,1999
27640,swe,2000
27940,swe,2001
28640,swe,2002
29690,swe,2003
30440,swe,2004
31500,swe,2005
32860,swe,2006
34030,swe,2007
33960,swe,2008
31480,swe,2009
33170,swe,2010
34250,swe,2011
29710,che,1980
30280,che,1981
29480,che,1982
29660,che,1983
30640,che,1984
31540,che,1985
31650,che,1986
31800,che,1987
32830,che,1988
33760,che,1989
34320,che,1990
33610,che,1991
33170,che,1992
32980,che,1993
32830,che,1994
33020,che,1995
33200,che,1996
34390,che,1997
35350,che,1998
35970,che,1999
37340,che,2000
36580,che,2001
36010,che,2002
37190,che,2003
37710,che,2004
39260,che,2005
39740,che,2006
38330,che,2007
35720,che,2008
38430,che,2009
40610,che,2010
950.3,syr,1975
1015,syr,1976
976.5,syr,1977
1030,syr,1978
1031,syr,1979
1111,syr,1980
1171,syr,1981
1144,syr,1982
1122,syr,1983
1043,syr,1984
1072,syr,1985
980.3,syr,1986
939.1,syr,1987
1028,syr,1988
875.1,syr,1989
924.5,syr,1990
970,syr,1991
1074,syr,1992
1102,syr,1993
1199,syr,1994
1237,syr,1995
1239,syr,1996
1178,syr,1997
1244,syr,1998
1164,syr,1999
1154,syr,2000
1191,syr,2001
1216,syr,2002
1188,syr,2003
1246,syr,2004
1285,syr,2005
1330,syr,2006
1393,syr,2007
1419,syr,2008
1476,syr,2009
1473,syr,2010
426.1,tjk,1990
387.4,tjk,1991
270,tjk,1992
219.7,tjk,1993
168,tjk,1994
142.6,tjk,1995
114,tjk,1996
120.2,tjk,1997
124.4,tjk,1998
126.9,tjk,1999
133.6,tjk,2000
145.6,tjk,2001
157.4,tjk,2002
170.4,tjk,2003
190.6,tjk,2004
209.2,tjk,2005
175,tjk,2006
212.9,tjk,2007
257.3,tjk,2008
262.7,tjk,2009
276.3,tjk,2010
292.5,tjk,2011
292.8,tza,1990
290.7,tza,1991
282.3,tza,1992
277.2,tza,1993
273.5,tza,1994
277.2,tza,1995
285.3,tza,1996
286.4,tza,1997
290.9,tza,1998
298,tza,1999
305.8,tza,2000
314.6,tza,2001
330.8,tza,2002
344.1,tza,2003
361.9,tza,2004
371.3,tza,2005
389.3,tza,2006
406.8,tza,2007
423.9,tza,2008
437.6,tza,2009
455.8,tza,2010
470.4,tza,2011
326.9,tha,1961
341.1,tha,1962
357.4,tha,1963
370.4,tha,1964
389.2,tha,1965
419.6,tha,1966
443.1,tha,1967
464.9,tha,1968
480.8,tha,1969
520.4,tha,1970
529.1,tha,1971
534.5,tha,1972
572.5,tha,1973
584.6,tha,1974
598.3,tha,1975
636.5,tha,1976
682.7,tha,1977
732.9,tha,1978
752.6,tha,1979
777.7,tha,1980
800.9,tha,1981
828,tha,1982
864.3,tha,1983
892.8,tha,1984
912.6,tha,1985
941.7,tha,1986
1014,tha,1987
1130,tha,1988
1251,tha,1989
1372,tha,1990
1470,tha,1991
1562,tha,1992
1692,tha,1993
1828,tha,1994
1977,tha,1995
2060,tha,1996
2001,tha,1997
1755,tha,1998
1827,tha,1999
1913,tha,2000
1914,tha,2001
1976,tha,2002
2080,tha,2003
2182,tha,2004
2256,tha,2005
2367,tha,2006
2474,tha,2007
2524,tha,2008
2438,tha,2009
2604,tha,2010
2609,tha,2011
389.4,tls,2000
193.7,tgo,1961
201.9,tgo,1962
215.5,tgo,1963
240.7,tgo,1964
255,tgo,1965
276.5,tgo,1966
276.2,tgo,1967
274.3,tgo,1968
291.6,tgo,1969
288.3,tgo,1970
281.2,tgo,1971
292.9,tgo,1972
294.7,tgo,1973
311.6,tgo,1974
310,tgo,1975
297.1,tgo,1976
306.9,tgo,1977
330.8,tgo,1978
307,tgo,1979
339,tgo,1980
314.2,tgo,1981
291.5,tgo,1982
263.7,tgo,1983
268.8,tgo,1984
275.8,tgo,1985
273.5,tgo,1986
267,tgo,1987
277.3,tgo,1988
282.9,tgo,1989
278.4,tgo,1990
270.4,tgo,1991
255.4,tgo,1992
212.1,tgo,1993
231.5,tgo,1994
247.7,tgo,1995
265.5,tgo,1996
293.9,tgo,1997
278.5,tgo,1998
273.4,tgo,1999
264,tgo,2000
252.5,tgo,2001
245.9,tgo,2002
252.5,tgo,2003
251.5,tgo,2004
249.2,tgo,2005
253.6,tgo,2006
254.9,tgo,2007
257,tgo,2008
259.3,tgo,2009
262.9,tgo,2010
267.3,tgo,2011
1951,ton,2000
3377,tto,1961
3457,tto,1962
3643,tto,1963
3896,tto,1964
3962,tto,1965
3978,tto,1966
4003,tto,1967
4148,tto,1968
4203,tto,1969
4346,tto,1970
4349,tto,1971
4618,tto,1972
4621,tto,1973
4298,tto,1974
4896,tto,1975
5099,tto,1976
5387,tto,1977
6125,tto,1978
6008,tto,1979
6540,tto,1980
6908,tto,1981
7235,tto,1982
6403,tto,1983
5782,tto,1984
5422,tto,1985
5175,tto,1986
4883,tto,1987
4636,tto,1988
4468,tto,1989
4525,tto,1990
4623,tto,1991
4526,tto,1992
4470,tto,1993
4546,tto,1994
4683,tto,1995
4804,tto,1996
5029,tto,1997
5461,tto,1998
5648,tto,1999
5825,tto,2000
6160,tto,2001
6669,tto,2002
7524,tto,2003
8345,tto,2004
8807,tto,2005
689.3,tun,1961
704.3,tun,1962
770.1,tun,1963
789.4,tun,1964
782.1,tun,1965
790.7,tun,1966
766.9,tun,1967
824.3,tun,1968
844.9,tun,1969
874.3,tun,1970
960,tun,1971
1111,tun,1972
1072,tun,1973
1145,tun,1974
1208,tun,1975
1260,tun,1976
1275,tun,1977
1325,tun,1978
1371,tun,1979
1440,tun,1980
1475,tun,1981
1429,tun,1982
1464,tun,1983
1522,tun,1984
1542,tun,1985
1467,tun,1986
1521,tun,1987
1490,tun,1988
1499,tun,1989
1604,tun,1990
1618,tun,1991
1702,tun,1992
1677,tun,1993
1711,tun,1994
1740,tun,1995
1826,tun,1996
1919,tun,1997
1997,tun,1998
2090,tun,1999
2146,tun,2000
2231,tun,2001
2244,tun,2002
2360,tun,2003
2472,tun,2004
2518,tun,2005
2648,tun,2006
2771,tun,2007
2857,tun,2008
2926,tun,2009
2987,tun,2010
2835,tun,2011
3165,tur,1987
3169,tur,1988
3143,tur,1989
3392,tur,1990
3354,tur,1991
3468,tur,1992
3675,tur,1993
3412,tur,1994
3645,tur,1995
3863,tur,1996
4091,tur,1997
4137,tur,1998
3925,tur,1999
4127,tur,2000
3796,tur,2001
3998,tur,2002
4157,tur,2003
4503,tur,2004
4827,tur,2005
5089,tur,2006
5264,tur,2007
5227,tur,2008
4902,tur,2009
5302,tur,2010
5687,tur,2011
786.9,tkm,1993
651.8,tkm,1994
575.4,tkm,1995
526.6,tkm,1996
471.6,tkm,1997
486.2,tkm,1998
551.6,tkm,1999
605.9,tkm,2000
748.4,tkm,2001
858.6,tkm,2002
1011,tkm,2003
1170,tkm,2004
1233,tkm,2005
1369,tkm,2006
185.5,uga,1982
188.4,uga,1983
183.3,uga,1984
171,uga,1985
166.5,uga,1986
167.8,uga,1987
174.9,uga,1988
178.7,uga,1989
182.7,uga,1990
186.6,uga,1991
184.3,uga,1992
196.3,uga,1993
202.2,uga,1994
219.6,uga,1995
233,uga,1996
238.9,uga,1997
243.7,uga,1998
255.3,uga,1999
251.3,uga,2000
256.6,uga,2001
269.6,uga,2002
278.1,uga,2003
288.4,uga,2004
292.6,uga,2005
315.3,uga,2006
332.8,uga,2007
350.2,uga,2008
364.2,uga,2009
372.9,uga,2010
384.1,uga,2011
1430,ukr,1990
1302,ukr,1991
1143,ukr,1992
957,ukr,1993
754.4,ukr,1994
660.9,ukr,1995
602,ukr,1996
589.3,ukr,1997
578.5,ukr,1998
578.2,ukr,1999
616.6,ukr,2000
690.2,ukr,2001
735.9,ukr,2002
814.4,ukr,2003
919,ukr,2004
951.4,ukr,2005
1023,ukr,2006
1110,ukr,2007
1150,ukr,2008
971.7,ukr,2009
1022,ukr,2010
1069,ukr,2011
12690,gbr,1970
12870,gbr,1971
13260,gbr,1972
14250,gbr,1973
14040,gbr,1974
13850,gbr,1975
14240,gbr,1976
14410,gbr,1977
14920,gbr,1978
15240,gbr,1979
14820,gbr,1980
14650,gbr,1981
14930,gbr,1982
15580,gbr,1983
15990,gbr,1984
16370,gbr,1985
17070,gbr,1986
17820,gbr,1987
18720,gbr,1988
19030,gbr,1989
19030,gbr,1990
18740,gbr,1991
18850,gbr,1992
19180,gbr,1993
20110,gbr,1994
20560,gbr,1995
21130,gbr,1996
22460,gbr,1997
23550,gbr,1998
23990,gbr,1999
25040,gbr,2000
25930,gbr,2001
26760,gbr,2002
27560,gbr,2003
28250,gbr,2004
28730,gbr,2005
29000,gbr,2006
30040,gbr,2007
29740,gbr,2008
28030,gbr,2009
28160,gbr,2010
28380,gbr,2011
18220,usa,1970
18560,usa,1971
19430,usa,1972
20460,usa,1973
20180,usa,1974
19830,usa,1975
20670,usa,1976
21480,usa,1977
22420,usa,1978
22780,usa,1979
22540,usa,1980
22950,usa,1981
22530,usa,1982
23020,usa,1983
24580,usa,1984
25240,usa,1985
25670,usa,1986
26460,usa,1987
27560,usa,1988
27940,usa,1989
28070,usa,1990
27670,usa,1991
28170,usa,1992
28510,usa,1993
29450,usa,1994
30040,usa,1995
30980,usa,1996
32060,usa,1997
33230,usa,1998
34420,usa,1999
35690,usa,2000
35650,usa,2001
35670,usa,2002
36190,usa,2003
37290,usa,2004
38290,usa,2005
39250,usa,2006
39080,usa,2007
38660,usa,2008
36740,usa,2009
37810,usa,2010
4207,ury,1961
4113,ury,1962
4036,ury,1963
4085,ury,1964
4074,ury,1965
4148,ury,1966
3935,ury,1967
3985,ury,1968
4206,ury,1969
4840,ury,1970
4276,ury,1971
4169,ury,1972
3911,ury,1973
4308,ury,1974
4524,ury,1975
4701,ury,1976
4762,ury,1977
4989,ury,1978
5302,ury,1979
5410,ury,1980
5631,ury,1981
4979,ury,1982
4277,ury,1983
4113,ury,1984
4153,ury,1985
4603,ury,1986
4987,ury,1987
5033,ury,1988
5034,ury,1989
5060,ury,1990
5273,ury,1991
5682,ury,1992
5801,ury,1993
6163,ury,1994
6047,ury,1995
6372,ury,1996
6917,ury,1997
7188,ury,1998
7063,ury,1999
6894,ury,2000
6612,ury,2001
6156,ury,2002
5918,ury,2003
6205,ury,2004
6767,ury,2005
7074,ury,2006
7515,ury,2007
7965,ury,2008
8135,ury,2009
8780,ury,2010
9285,ury,2011
512.7,uzb,1994
498.8,uzb,1995
496.1,uzb,1996
508.7,uzb,1997
524.9,uzb,1998
540,uzb,1999
549.3,uzb,2000
564.1,uzb,2001
581.2,uzb,2002
600.4,uzb,2003
644.1,uzb,2004
682.9,uzb,2005
1400,vut,2000
6051,ven,1974
6163,ven,1975
6425,ven,1976
6568,ven,1977
6485,ven,1978
6315,ven,1979
5878,ven,1980
5672,ven,1981
5234,ven,1982
4859,ven,1983
4734,ven,1984
4612,ven,1985
4857,ven,1986
4863,ven,1987
5053,ven,1988
4365,ven,1989
4741,ven,1990
5121,ven,1991
5215,ven,1992
5120,ven,1993
4867,ven,1994
4994,ven,1995
4878,ven,1996
5071,ven,1997
5006,ven,1998
4670,ven,1999
4762,ven,2000
4812,ven,2001
4242,ven,2002
3848,ven,2003
4435,ven,2004
4905,ven,2005
5365,ven,2006
5872,ven,2007
6002,ven,2008
5642,ven,2009
5447,ven,2010
5548,ven,2011
1390,pse,1994
1434,pse,1995
1384,pse,1996
1505,pse,1997
1688,pse,1998
1773,pse,1999
1592,pse,2000
1254,pse,2001
1092,pse,2002
1130,pse,2003
1139,pse,2004
1159,pse,2005
221.9,vnm,1989
213.5,vnm,1990
224.8,vnm,1991
244.5,vnm,1992
258.5,vnm,1993
279.9,vnm,1994
306.1,vnm,1995
327.8,vnm,1996
348.1,vnm,1997
362.4,vnm,1998
376,vnm,1999
395.8,vnm,2000
418.2,vnm,2001
441.3,vnm,2002
468.4,vnm,2003
497.5,vnm,2004
532.4,vnm,2005
567.7,vnm,2006
604.5,vnm,2007
634.1,vnm,2008
649.7,vnm,2009
690.6,vnm,2010
714.8,vnm,2011
461.9,yem,1990
455.2,yem,1991
473.1,yem,1992
470.1,yem,1993
478.7,yem,1994
473.1,yem,1995
455.2,yem,1996
462.8,yem,1997
493.6,yem,1998
479.4,yem,1999
500.1,yem,2000
509.2,yem,2001
509.8,yem,2002
507,yem,2003
505.6,yem,2004
518.2,yem,2005
536.7,yem,2006
539.4,yem,2007
537.2,yem,2008
555.5,yem,2009
571.2,yem,2010
460.7,zmb,1961
427.8,zmb,1962
435.2,zmb,1963
455.3,zmb,1964
576.5,zmb,1965
506.8,zmb,1966
546.1,zmb,1967
542.2,zmb,1968
528.6,zmb,1969
556.2,zmb,1970
537.3,zmb,1971
549,zmb,1972
489.1,zmb,1973
518.5,zmb,1974
504.6,zmb,1975
505.1,zmb,1976
501.8,zmb,1977
480.2,zmb,1978
431.3,zmb,1979
439.9,zmb,1980
482.6,zmb,1981
441.3,zmb,1982
410.6,zmb,1983
383.9,zmb,1984
367.8,zmb,1985
326.2,zmb,1986
333.9,zmb,1987
363.9,zmb,1988
364.3,zmb,1989
357.5,zmb,1990
340.7,zmb,1991
334.6,zmb,1992
356,zmb,1993
317.9,zmb,1994
297.5,zmb,1995
311.3,zmb,1996
311.5,zmb,1997
294.6,zmb,1998
298.3,zmb,1999
302.1,zmb,2000
309.7,zmb,2001
315.6,zmb,2002
327.4,zmb,2003
316.8,zmb,2004
311.5,zmb,2005
297.2,zmb,2006
294.5,zmb,2007
525.8,zwe,1976
474.1,zwe,1977
448.2,zwe,1978
446.7,zwe,1979
490.7,zwe,1980
534.8,zwe,1981
522.9,zwe,1982
510.6,zwe,1983
484.1,zwe,1984
496.8,zwe,1985
485.7,zwe,1986
473.1,zwe,1987
491.8,zwe,1988
503.4,zwe,1989
520.5,zwe,1990
531.5,zwe,1991
469.4,zwe,1992
467.4,zwe,1993
497.6,zwe,1994
487.4,zwe,1995
532.2,zwe,1996
531.5,zwe,1997
531.7,zwe,1998
527.7,zwe,1999
505.9,zwe,2000
514.1,zwe,2001
469.5,zwe,2002
391.4,zwe,2003
365.8,zwe,2004
346.3,zwe,2005
332.5,zwe,2006
318,zwe,2007
267.2,zwe,2008
286,zwe,2009
311.8,zwe,2010
337.8,zwe,2011
