internet_users_total_number,geo,time
0,afg,1990
1118,afg,2001
1124,afg,2002
22570,afg,2003
28240,afg,2004
338000,afg,2005
598900,afg,2006
553800,afg,2007
549100,afg,2008
1086000,afg,2009
1256000,afg,2010
0,alb,1990
350.8,alb,1995
1002,alb,1996
1502,alb,1997
2002,alb,1998
2502,alb,1999
3505,alb,2000
10030,alb,2001
12050,alb,2002
30190,alb,2003
75630,alb,2004
189900,alb,2005
303300,alb,2006
476600,alb,2007
759100,alb,2008
1315000,alb,2009
1442000,alb,2010
0,dza,1990
100.1,dza,1994
500.5,dza,1995
500.5,dza,1996
3003,dza,1997
6006,dza,1998
60050,dza,1999
150100,dza,2000
200200,dza,2001
500400,dza,2002
700600,dza,2003
1501000,dza,2004
1922000,dza,2005
2463000,dza,2006
3205000,dza,2007
3505000,dza,2008
3925000,dza,2009
4434000,dza,2010
0,asm,1990
0,and,1990
995.8,and,1996
1980,and,1997
4424,and,1998
4886,and,1999
6812,and,2000
7775,and,2002
9781,and,2003
20210,and,2004
29290,and,2005
39090,and,2006
57680,and,2007
57840,and,2008
65710,and,2009
68740,and,2010
0,ago,1990
96.62,ago,1996
725.8,ago,1997
2424,ago,1998
9723,ago,1999
14630,ago,2000
19570,ago,2001
40260,ago,2002
57160,ago,2003
74170,ago,2004
188500,ago,2005
324500,ago,2006
560800,ago,2007
829700,ago,2008
1113000,ago,2009
1908000,ago,2010
0,atg,1990
1511,atg,1995
2014,atg,1996
2517,atg,1997
3021,atg,1998
4028,atg,1999
5034,atg,2000
7045,atg,2001
10060,atg,2002
14080,atg,2003
20100,atg,2004
29130,atg,2005
53210,atg,2006
60210,atg,2007
65190,atg,2008
65150,atg,2009
70970,atg,2010
0,arg,1990
1004,arg,1992
10030,arg,1993
15040,arg,1994
30070,arg,1995
50090,arg,1996
100100,arg,1997
300200,arg,1998
1200000,arg,1999
2599000,arg,2000
3648000,arg,2001
4098000,arg,2002
4527000,arg,2003
6149000,arg,2004
6855000,arg,2005
8167000,arg,2006
10210000,arg,2007
11160000,arg,2008
13620000,arg,2009
14550000,arg,2010
0,arm,1990
300,arm,1994
1700,arm,1995
3000,arm,1996
3500,arm,1997
4000,arm,1998
30000,arm,1999
40000,arm,2000
50010,arm,2001
60010,arm,2002
140000,arm,2003
150000,arm,2004
161100,arm,2005
172900,arm,2006
185100,arm,2007
191200,arm,2008
472000,arm,2009
1361000,arm,2010
0,abw,1990
2300,abw,1996
3985,abw,1999
13940,abw,2000
15790,abw,2001
17780,abw,2002
20150,abw,2003
22780,abw,2004
25650,abw,2005
28760,abw,2006
32210,abw,2007
36090,abw,2008
40190,abw,2009
45140,abw,2010
100000,aus,1990
190000,aus,1991
310100,aus,1992
350000,aus,1993
400000,aus,1994
500000,aus,1995
600000,aus,1996
3032000,aus,1997
5773000,aus,1998
7728000,aus,1999
8961000,aus,2000
10210000,aus,2001
12850000,aus,2005
13690000,aus,2006
14670000,aus,2007
15420000,aus,2008
16260000,aus,2009
16920000,aus,2010
10000,aut,1990
20000,aut,1991
50000,aut,1992
60000,aut,1993
110000,aut,1994
150000,aut,1995
550000,aut,1996
760000,aut,1997
1230000,aut,1998
1840000,aut,1999
2700000,aut,2000
3150000,aut,2001
2955000,aut,2002
3473000,aut,2003
4443000,aut,2004
4775000,aut,2005
5262000,aut,2006
5764000,aut,2007
6079000,aut,2008
6147000,aut,2009
6102000,aut,2010
0,aze,1990
109.8,aze,1994
159.6,aze,1995
498.5,aze,1996
1993,aze,1997
2990,aze,1998
7977,aze,1999
11980,aze,2000
25030,aze,2001
414000,aze,2002
689600,aze,2005
1044000,aze,2006
1283000,aze,2007
1528000,aze,2008
2484000,aze,2009
4226000,aze,2010
0,bhs,1990
2686,bhs,1995
4956,bhs,1996
3915,bhs,1997
6787,bhs,1998
11070,bhs,1999
23810,bhs,2000
35590,bhs,2001
55040,bhs,2002
62040,bhs,2003
69240,bhs,2004
79840,bhs,2005
84260,bhs,2006
88790,bhs,2007
105200,bhs,2008
114600,bhs,2009
147400,bhs,2010
0,bhr,1990
1936,bhr,1995
4848,bhr,1996
9762,bhr,1997
19670,bhr,1998
29590,bhr,1999
39270,bhr,2000
96620,bhr,2001
115900,bhr,2002
139500,bhr,2003
144200,bhr,2004
154400,bhr,2005
229200,bhr,2006
304700,bhr,2007
546700,bhr,2008
619900,bhr,2009
694000,bhr,2010
0,bgd,1990
919.1,bgd,1997
4599,bgd,1998
46010,bgd,1999
92060,bgd,2000
171300,bgd,2001
187900,bgd,2002
223700,bgd,2003
275900,bgd,2004
339700,bgd,2005
1424000,bgd,2006
2591000,bgd,2007
3637000,bgd,2008
4558000,bgd,2009
5502000,bgd,2010
0,brb,1990
20.42,brb,1995
1029,brb,1996
2077,brb,1997
5240,brb,1998
6339,brb,1999
10630,brb,2000
32010,brb,2001
74830,brb,2002
106900,brb,2003
134400,brb,2004
151700,brb,2005
170800,brb,2006
175700,brb,2007
181000,brb,2008
187400,brb,2009
191900,brb,2010
0,blr,1990
50.02,blr,1994
300.1,blr,1995
3001,blr,1996
5002,blr,1997
7503,blr,1998
50020,blr,1999
187100,blr,2000
430500,blr,2001
891800,blr,2002
1584000,blr,2006
1916000,blr,2007
2227000,blr,2008
2643000,blr,2009
3042000,blr,2010
100.2,bel,1990
2003,bel,1991
10010,bel,1992
20010,bel,1993
70000,bel,1994
99960,bel,1995
299800,bel,1996
499400,bel,1997
798800,bel,1998
1398000,bel,1999
2995000,bel,2000
3195000,bel,2001
4751000,bel,2002
5148000,bel,2003
5578000,bel,2004
6229000,bel,2005
6723000,bel,2006
7300000,bel,2007
6997000,bel,2008
7463000,bel,2009
8034000,bel,2010
0,blz,1990
100,blz,1995
1999,blz,1996
2995,blz,1997
4987,blz,1998
9966,blz,1999
14940,blz,2000
14930,blz,2002
15920,blz,2004
25880,blz,2005
29860,blz,2006
31830,blz,2007
33840,blz,2008
35820,blz,2009
43630,blz,2010
0,ben,1990
98.57,ben,1996
1476,ben,1997
2947,ben,1998
9805,ben,1999
14680,ben,2000
24430,ben,2001
48770,ben,2002
68160,ben,2003
87480,ben,2004
97030,ben,2005
121100,ben,2006
145200,ben,2007
154600,ben,2008
192700,ben,2009
277000,ben,2010
0,bmu,1990
4199,bmu,1995
9997,bmu,1996
14990,bmu,1997
19990,bmu,1998
24990,bmu,1999
26990,bmu,2000
29980,bmu,2001
32980,bmu,2002
35980,bmu,2003
38980,bmu,2004
41970,bmu,2005
44970,bmu,2006
47960,bmu,2007
53210,bmu,2008
53950,bmu,2009
54690,bmu,2010
0,btn,1990
764,btn,1999
2290,btn,2000
5084,btn,2001
10160,btn,2002
15220,btn,2003
20280,btn,2004
25360,btn,2005
30480,btn,2006
40760,btn,2007
45940,btn,2008
51170,btn,2009
98730,btn,2010
0,bol,1990
4991,bol,1995
14980,bol,1996
34950,bol,1997
49940,bol,1998
79910,bol,1999
119900,bol,2000
179700,bol,2001
269500,bol,2002
309300,bol,2003
398800,bol,2004
478100,bol,2005
577100,bol,2006
993600,bol,2007
1042000,bol,2008
1398000,bol,2009
1986000,bol,2010
0,bih,1990
500,bih,1996
2000,bih,1997
5000,bih,1998
7000,bih,1999
40000,bih,2000
45000,bih,2001
100000,bih,2002
150000,bih,2003
584900,bih,2004
806400,bih,2005
950000,bih,2006
1055000,bih,2007
1308000,bih,2008
1422000,bih,2009
1955000,bih,2010
0,bwa,1990
0,bwa,1991
1023,bwa,1995
2557,bwa,1996
5110,bwa,1997
10210,bwa,1998
19400,bwa,1999
51030,bwa,2000
61220,bwa,2001
61220,bwa,2002
61220,bwa,2003
61210,bwa,2004
61190,bwa,2005
81550,bwa,2006
101800,bwa,2007
122200,bwa,2008
121900,bwa,2009
120400,bwa,2010
0,bra,1990
5003,bra,1991
20010,bra,1992
40030,bra,1993
60050,bra,1994
170200,bra,1995
740800,bra,1996
1312000,bra,1997
2504000,bra,1998
3505000,bra,1999
5007000,bra,2000
8010000,bra,2001
16400000,bra,2002
23990000,bra,2003
35070000,bra,2004
39100000,bra,2005
52960000,bra,2006
58610000,bra,2007
64800000,bra,2008
75790000,bra,2009
79250000,bra,2010
0,brn,1990
2946,brn,1995
9817,brn,1996
14720,brn,1997
19620,brn,1998
24520,brn,1999
29420,brn,2000
43190,brn,2001
52360,brn,2002
68340,brn,2003
105800,brn,2004
132400,brn,2005
156200,brn,2006
168700,brn,2007
177000,brn,2008
192000,brn,2009
199500,brn,2010
0,bgr,1990
200,bgr,1993
1650,bgr,1994
10000,bgr,1995
60000,bgr,1996
100000,bgr,1997
150000,bgr,1998
234600,bgr,1999
430000,bgr,2000
605000,bgr,2001
716700,bgr,2002
944000,bgr,2003
1412000,bgr,2004
1546000,bgr,2005
2083000,bgr,2006
2570000,bgr,2007
3011000,bgr,2008
3394000,bgr,2009
3465000,bgr,2010
0,bfa,1990
105.6,bfa,1996
2112,bfa,1997
5279,bfa,1998
7384,bfa,1999
9476,bfa,2000
19950,bfa,2001
26160,bfa,2002
50020,bfa,2003
55200,bfa,2004
66720,bfa,2005
92520,bfa,2006
113000,bfa,2007
142700,bfa,2008
180600,bfa,2009
230600,bfa,2010
0,bdi,1990
0,bdi,1991
0,bdi,1992
0,bdi,1993
0,bdi,1994
0,bdi,1995
49.34,bdi,1996
493.2,bdi,1997
986,bdi,1998
2463,bdi,1999
4924,bdi,2000
6890,bdi,2001
7869,bdi,2002
13760,bdi,2003
24570,bdi,2004
39310,bdi,2005
49150,bdi,2006
53950,bdi,2007
64340,bdi,2008
155200,bdi,2009
176000,bdi,2010
0,khm,1990
685.7,khm,1997
1957,khm,1998
3908,khm,1999
5853,khm,2000
9738,khm,2001
29160,khm,2002
33940,khm,2003
39640,khm,2004
42390,khm,2005
63300,khm,2006
66980,khm,2007
70500,khm,2008
74080,khm,2009
178100,khm,2010
0,cmr,1990
990.4,cmr,1997
1979,cmr,1998
19780,cmr,1999
39530,cmr,2000
44440,cmr,2001
59210,cmr,2002
98620,cmr,2003
167500,cmr,2004
246200,cmr,2005
364100,cmr,2006
537700,cmr,2007
637800,cmr,2008
736300,cmr,2009
784000,cmr,2010
100000,can,1990
160000,can,1991
260000,can,1992
340000,can,1993
690000,can,1994
1220000,can,1995
2000000,can,1996
4499000,can,1997
7498000,can,1998
10990000,can,1999
15730000,can,2000
18640000,can,2001
19270000,can,2002
20290000,can,2003
21070000,can,2004
23130000,can,2005
23620000,can,2006
24140000,can,2007
25560000,can,2008
27040000,can,2009
27760000,can,2010
0,cpv,1990
994.9,cpv,1997
1991,cpv,1998
4980,cpv,1999
7968,cpv,2000
11950,cpv,2001
15930,cpv,2002
19900,cpv,2003
24830,cpv,2004
28720,cpv,2005
32560,cpv,2006
40010,cpv,2007
97470,cpv,2008
122900,cpv,2009
148800,cpv,2010
0,cym,1990
0,cym,1993
0,cym,1994
1295,cym,1995
19880,cym,2005
23900,cym,2006
28430,cym,2007
33730,cym,2008
35970,cym,2009
37110,cym,2010
0,caf,1990
199.3,caf,1996
497.2,caf,1997
992.4,caf,1998
1485,caf,1999
1976,caf,2000
2959,caf,2001
4922,caf,2002
5896,caf,2003
8829,caf,2004
10780,caf,2005
12720,caf,2006
15640,caf,2007
42380,caf,2008
77730,caf,2009
101200,caf,2010
0,tcd,1990
49.02,tcd,1997
328.2,tcd,1998
979.2,tcd,1999
2936,tcd,2000
3913,tcd,2001
14670,tcd,2002
29320,tcd,2003
34200,tcd,2004
39070,tcd,2005
58590,tcd,2006
87870,tcd,2007
126800,tcd,2008
164100,tcd,2009
190900,tcd,2010
0,chl,1990
4999,chl,1992
9999,chl,1993
20000,chl,1994
50000,chl,1995
100000,chl,1996
156900,chl,1997
250000,chl,1998
625000,chl,1999
2560000,chl,2000
2980000,chl,2001
3488000,chl,2002
4066000,chl,2003
4546000,chl,2004
5082000,chl,2005
5681000,chl,2006
5971000,chl,2007
6265000,chl,2008
6579000,chl,2009
7701000,chl,2010
0,chn,1990
2005,chn,1993
14040,chn,1994
60150,chn,1995
160400,chn,1996
401000,chn,1997
2105000,chn,1998
8919000,chn,1999
22540000,chn,2000
33730000,chn,2001
59100000,chn,2002
80190000,chn,2003
94940000,chn,2004
111400000,chn,2005
138300000,chn,2006
211400000,chn,2007
300200000,chn,2008
385800000,chn,2009
460100000,chn,2010
0,col,1990
38370,col,1994
68550,col,1995
122500,col,1996
208000,col,1997
432900,col,1998
663900,col,1999
877800,col,2000
1154000,col,2001
1890000,col,2002
3084000,col,2003
3865000,col,2004
4738000,col,2005
6704000,col,2006
9669000,col,2007
11520000,col,2008
13700000,col,2009
16900000,col,2010
0,com,1990
0,com,1997
202.1,com,1998
811.7,com,1999
1528,com,2000
2559,com,2001
3291,com,2002
5168,com,2003
8307,com,2004
20860,com,2005
21990,com,2006
23230,com,2007
24260,com,2008
25730,com,2009
37470,com,2010
0,cod,1990
49.01,cod,1996
97.94,cod,1997
195.7,cod,1998
488.7,cod,1999
2929,cod,2000
5851,cod,2001
48710,cod,2002
72990,cod,2003
109400,cod,2004
136700,cod,2005
174900,cod,2006
224900,cod,2007
274900,cod,2008
359500,cod,2009
475000,cod,2010
0,cog,1990
99.11,cog,1996
100.3,cog,1997
101.5,cog,1998
513,cog,1999
826.4,cog,2000
1035,cog,2001
5172,cog,2002
15480,cog,2003
37130,cog,2004
51710,cog,2005
72860,cog,2006
103000,cog,2007
164500,cog,2008
177400,cog,2009
202100,cog,2010
0,cri,1990
35.9,cri,1992
2693,cri,1993
9474,cri,1994
14460,cri,1995
29920,cri,1996
59840,cri,1997
99740,cri,1998
149600,cri,1999
227300,cri,2000
382700,cri,2001
812300,cri,2002
846000,cri,2003
880700,cri,2004
951100,cri,2005
1100000,cri,2006
1265000,cri,2007
1460000,cri,2008
1576000,cri,2009
1700000,cri,2010
0,civ,1990
29.39,civ,1995
1269,civ,1996
2917,civ,1997
9682,civ,1998
19280,civ,1999
38380,civ,2000
66850,civ,2001
85550,civ,2002
132400,civ,2003
150600,civ,2004
187300,civ,2005
279500,civ,2006
335600,civ,2007
379700,civ,2008
445100,civ,2009
513200,civ,2010
0,hrv,1990
4500,hrv,1993
12500,hrv,1994
24000,hrv,1995
40000,hrv,1996
80000,hrv,1997
150000,hrv,1998
200000,hrv,1999
299400,hrv,2000
518000,hrv,2001
793200,hrv,2002
1014000,hrv,2003
1375000,hrv,2004
1472000,hrv,2005
1684000,hrv,2006
1834000,hrv,2007
2236000,hrv,2008
2482000,hrv,2009
2656000,hrv,2010
0,cub,1990
9.991,cub,1995
3498,cub,1996
7499,cub,1997
25010,cub,1998
34830,cub,1999
60090,cub,2000
120300,cub,2001
421400,cub,2002
587400,cub,2003
944600,cub,2004
1096000,cub,2005
1257000,cub,2006
1317000,cub,2007
1458000,cub,2008
1614000,cub,2009
1790000,cub,2010
0,cyp,1990
400.8,cyp,1992
461.6,cyp,1993
929.6,cyp,1994
3508,cyp,1995
5880,cyp,1996
39000,cyp,1997
80730,cyp,1998
105000,cyp,1999
143900,cyp,2000
180900,cyp,2001
277500,cyp,2002
300300,cyp,2003
343600,cyp,2004
338800,cyp,2005
375600,cyp,2006
433400,cyp,2007
455700,cyp,2008
543200,cyp,2009
584900,cyp,2010
0,cze,1990
59990,cze,1993
130000,cze,1994
150000,cze,1995
200100,cze,1996
300200,cze,1997
400400,cze,1998
701100,cze,1999
1002000,cze,2000
1503000,cze,2001
2443000,cze,2002
3498000,cze,2003
3622000,cze,2004
3605000,cze,2005
4917000,cze,2006
5356000,cze,2007
6535000,cze,2008
6726000,cze,2009
7221000,cze,2010
5001,dnk,1990
10000,dnk,1991
20010,dnk,1992
30020,dnk,1993
70070,dnk,1994
200200,dnk,1995
300300,dnk,1996
600700,dnk,1997
1201000,dnk,1998
1628000,dnk,1999
2092000,dnk,2000
2301000,dnk,2001
3451000,dnk,2002
4106000,dnk,2003
4370000,dnk,2004
4484000,dnk,2005
4716000,dnk,2006
4650000,dnk,2007
4674000,dnk,2008
4798000,dnk,2009
4924000,dnk,2010
0,dji,1990
100.4,dji,1995
200.8,dji,1996
552.2,dji,1997
652.4,dji,1998
752.6,dji,1999
1424,dji,2000
2575,dji,2001
3727,dji,2002
4880,dji,2003
6202,dji,2004
7709,dji,2005
10460,dji,2006
13600,dji,2007
19340,dji,2008
34880,dji,2009
57770,dji,2010
0,dma,1990
391.6,dma,1995
829.7,dma,1996
2060,dma,1998
2053,dma,1999
6141,dma,2000
9198,dma,2001
12770,dma,2002
16350,dma,2003
20950,dma,2004
26570,dma,2005
27070,dma,2006
27560,dma,2007
28050,dma,2008
28540,dma,2009
32150,dma,2010
0,dom,1990
1364,dom,1995
6040,dom,1996
11690,dom,1997
19470,dom,1998
93440,dom,1999
318300,dom,2000
386500,dom,2001
604600,dom,2002
710500,dom,2003
809400,dom,2004
1064000,dom,2005
1395000,dom,2006
1683000,dom,2007
2012000,dom,2008
2716000,dom,2009
3924000,dom,2010
0,ecu,1990
548.9,ecu,1992
1796,ecu,1993
3892,ecu,1994
4990,ecu,1995
9981,ecu,1996
12980,ecu,1997
14980,ecu,1998
100000,ecu,1999
180500,ecu,2000
335200,ecu,2001
544000,ecu,2002
579300,ecu,2003
638600,ecu,2004
804800,ecu,2005
982100,ecu,2006
1496000,ecu,2007
2643000,ecu,2008
3508000,ecu,2009
4195000,ecu,2010
0,egy,1990
585.7,egy,1993
3896,egy,1994
19440,egy,1995
38800,egy,1996
58090,egy,1997
96650,egy,1998
193000,egy,1999
433800,egy,2000
577900,egy,2001
1909000,egy,2002
2887000,egy,2003
3752000,egy,2004
8681000,egy,2005
9486000,egy,2006
12350000,egy,2007
14110000,egy,2008
19360000,egy,2009
21690000,egy,2010
0,slv,1990
5003,slv,1996
15000,slv,1997
25000,slv,1998
49970,slv,1999
69940,slv,2000
89490,slv,2001
113800,slv,2002
150200,slv,2003
192900,slv,2004
254100,slv,2005
334100,slv,2006
372800,slv,2007
617900,slv,2008
746000,slv,2009
984700,slv,2010
0,gnq,1990
195.9,gnq,1997
460.8,gnq,1998
491,gnq,1999
688.7,gnq,2000
887.8,gnq,2001
1781,gnq,2002
2977,gnq,2003
4977,gnq,2004
6988,gnq,2005
8005,gnq,2006
10030,gnq,2007
12050,gnq,2008
14510,gnq,2009
42020,gnq,2010
0,eri,1990
0,eri,1993
0,eri,1994
0,eri,1995
0,eri,1996
300.8,eri,1997
300.8,eri,1998
902.5,eri,1999
5014,eri,2000
6017,eri,2001
9025,eri,2002
30080,eri,2003
50140,eri,2004
80230,eri,2005
100300,eri,2006
120400,eri,2007
200900,eri,2008
283700,eri,2010
0,est,1990
1000,est,1992
4503,est,1993
17010,est,1994
40040,est,1995
50050,est,1996
80070,est,1997
150100,est,1998
200100,est,1999
391700,est,2000
429700,est,2001
563300,est,2002
612700,est,2003
717400,est,2004
827000,est,2005
853600,est,2006
888800,est,2007
947300,est,2008
972700,est,2009
993800,est,2010
0,eth,1990
10.01,eth,1995
1001,eth,1996
3004,eth,1997
6008,eth,1998
8010,eth,1999
10010,eth,2000
25010,eth,2001
49990,eth,2002
74900,eth,2003
112700,eth,2004
163100,eth,2005
236000,eth,2006
287600,eth,2007
357500,eth,2008
438400,eth,2009
622100,eth,2010
0,fro,1990
0,fro,1995
1007,fro,1996
2013,fro,1997
5029,fro,1998
10050,fro,1999
15060,fro,2000
20050,fro,2001
25020,fro,2002
27970,fro,2003
31880,fro,2004
32770,fro,2005
33620,fro,2006
36910,fro,2007
36720,fro,2008
36560,fro,2009
36630,fro,2010
0,fji,1990
50.42,fji,1993
60.55,fji,1994
70.7,fji,1995
505.6,fji,1996
1772,fji,1997
5070,fji,1998
7605,fji,1999
12150,fji,2000
15140,fji,2001
50230,fji,2002
54970,fji,2003
60720,fji,2004
69540,fji,2005
79490,fji,2006
91030,fji,2007
102900,fji,2008
114600,fji,2009
127500,fji,2010
20000,fin,1990
70000,fin,1991
95000,fin,1992
130000,fin,1993
250000,fin,1994
710000,fin,1995
860000,fin,1996
1000000,fin,1997
1311000,fin,1998
1667000,fin,1999
1927000,fin,2000
2235000,fin,2001
3245000,fin,2002
3607000,fin,2003
3783000,fin,2004
3906000,fin,2005
4195000,fin,2006
4274000,fin,2007
4448000,fin,2008
4406000,fin,2009
4661000,fin,2010
29930,fra,1990
79800,fra,1991
159600,fra,1992
339100,fra,1993
518600,fra,1994
947500,fra,1995
1500000,fra,1996
2479000,fra,1997
3697000,fra,1998
5361000,fra,1999
8449000,fra,2000
15640000,fra,2001
18040000,fra,2002
21750000,fra,2003
23720000,fra,2004
26150000,fra,2005
28770000,fra,2006
40810000,fra,2007
43890000,fra,2008
44700000,fra,2009
50290000,fra,2010
0,pyf,1990
200.3,pyf,1996
481.7,pyf,1997
3016,pyf,1998
8054,pyf,1999
15110,pyf,2000
15090,pyf,2001
20090,pyf,2002
35080,pyf,2003
45000,pyf,2004
54900,pyf,2005
64810,pyf,2006
74720,pyf,2007
89600,pyf,2008
119400,pyf,2009
132700,pyf,2010
0,gab,1990
0,gab,1996
551.2,gab,1997
2004,gab,1998
3005,gab,1999
15020,gab,2000
17020,gab,2001
25030,gab,2002
35040,gab,2003
40040,gab,2004
67070,gab,2005
76690,gab,2006
82100,gab,2007
90060,gab,2008
98990,gab,2009
108800,gab,2010
0,gmb,1990
103.8,gmb,1995
411.3,gmb,1996
611.2,gmb,1997
2525,gmb,1998
9021,gmb,1999
11960,gmb,2000
17860,gmb,2001
24720,gmb,2002
34550,gmb,2003
48310,gmb,2004
57120,gmb,2005
81040,gmb,2006
98740,gmb,2007
112600,gmb,2008
128300,gmb,2009
159000,gmb,2010
0,geo,1990
600,geo,1995
2000,geo,1996
3001,geo,1997
5001,geo,1998
20010,geo,1999
23000,geo,2000
46490,geo,2001
73460,geo,2002
116900,geo,2003
175600,geo,2004
272200,geo,2005
334400,geo,2006
364800,geo,2007
439800,geo,2008
877800,geo,2009
1171000,geo,2010
99580,deu,1990
199300,deu,1991
349500,deu,1992
375200,deu,1993
751800,deu,1994
1506000,deu,1995
2511000,deu,1996
5525000,deu,1997
8134000,deu,1998
17160000,deu,1999
24880000,deu,2000
26080000,deu,2001
40240000,deu,2002
46110000,deu,2003
53420000,deu,2004
56710000,deu,2005
59560000,deu,2006
62020000,deu,2007
64330000,deu,2008
65100000,deu,2009
67490000,deu,2010
0,gha,1990
59.14,gha,1995
984.5,gha,1996
4917,gha,1997
5894,gha,1998
19630,gha,1999
29440,gha,2000
39270,gha,2001
167000,gha,2002
245900,gha,2003
362600,gha,2004
396300,gha,2005
603700,gha,2006
874400,gha,2007
993400,gha,2008
1296000,gha,2009
2329000,gha,2010
0,gib,1990
725.1,gib,1997
1137,gib,1998
1616,gib,1999
5232,gib,2000
5846,gib,2001
6625,gib,2002
8047,gib,2003
9469,gib,2004
11360,gib,2005
13240,gib,2006
15120,gib,2007
16990,gib,2008
19040,gib,2009
19010,gib,2010
0,grc,1990
4999,grc,1991
4999,grc,1992
19990,grc,1993
39990,grc,1994
80000,grc,1995
150100,grc,1996
200200,grc,1997
350700,grc,1998
752200,grc,1999
1004000,grc,2000
1206000,grc,2001
1624000,grc,2002
1978000,grc,2003
2388000,grc,2004
2684000,grc,2005
3618000,grc,2006
4039000,grc,2007
4313000,grc,2008
4802000,grc,2009
5044000,grc,2010
0,grl,1990
36,grl,1994
30,grl,1995
1000,grl,1996
4434,grl,1997
8187,grl,1998
12100,grl,1999
17840,grl,2000
20000,grl,2001
25000,grl,2002
31000,grl,2003
32000,grl,2004
33000,grl,2005
34000,grl,2006
35000,grl,2007
36010,grl,2008
36000,grl,2009
36100,grl,2010
0,grd,1990
0,grd,1991
0,grd,1992
0,grd,1993
0,grd,1994
0,grd,1995
300.1,grd,1996
1001,grd,1997
1503,grd,1998
2507,grd,1999
4126,grd,2000
5217,grd,2001
15050,grd,2002
19050,grd,2003
20050,grd,2004
21050,grd,2005
22050,grd,2006
23040,grd,2007
24040,grd,2008
25040,grd,2009
34960,grd,2010
0,gum,1990
500,gum,1994
960,gum,1995
2000,gum,1996
3500,gum,1997
6800,gum,1998
13000,gum,1999
25000,gum,2000
40000,gum,2001
50000,gum,2002
55000,gum,2003
60000,gum,2004
65000,gum,2005
75000,gum,2006
79990,gum,2007
84990,gum,2008
89990,gum,2009
0,gtm,1990
300.3,gtm,1995
2002,gtm,1996
10010,gtm,1997
50030,gtm,1998
65040,gtm,1999
80050,gtm,2000
200100,gtm,2001
400200,gtm,2002
550300,gtm,2003
632600,gtm,2004
724900,gtm,2005
847300,gtm,2006
975200,gtm,2007
1136000,gtm,2008
1305000,gtm,2009
1511000,gtm,2010
0,gin,1990
10.03,gin,1994
50.58,gin,1995
152.1,gin,1996
303.6,gin,1997
503.3,gin,1998
5002,gin,1999
7963,gin,2000
14870,gin,2001
34590,gin,2002
39430,gin,2003
45230,gin,2004
49030,gin,2005
58660,gin,2006
73120,gin,2007
87940,gin,2008
91760,gin,2009
99820,gin,2010
0,gnb,1990
191.9,gnb,1997
287.2,gnb,1998
1432,gnb,1999
2855,gnb,2000
3789,gnb,2001
13190,gnb,2002
17800,gnb,2003
24240,gnb,2004
26000,gnb,2005
28710,gnb,2006
31420,gnb,2007
34230,gnb,2008
34180,gnb,2009
37120,gnb,2010
0,guy,1990
480.1,guy,1996
962,guy,1997
1929,guy,1998
29010,guy,1999
48470,guy,2000
97110,guy,2001
136800,guy,2008
180000,guy,2009
225600,guy,2010
0,hti,1990
601.1,hti,1996
2002,hti,1998
6003,hti,1999
19990,hti,2000
29970,hti,2001
79830,hti,2002
149500,hti,2003
497600,hti,2004
596000,hti,2005
644200,hti,2006
691800,hti,2007
740000,hti,2008
799000,hti,2009
836400,hti,2010
0,hnd,1990
2050,hnd,1995
2494,hnd,1996
9979,hnd,1997
17960,hnd,1998
34930,hnd,1999
74860,hnd,2000
89830,hnd,2001
168200,hnd,2002
317200,hnd,2003
377600,hnd,2004
447200,hnd,2005
547400,hnd,2006
672900,hnd,2007
701100,hnd,2008
730100,hnd,2009
842900,hnd,2010
0,hkg,1990
7084,hkg,1991
50240,hkg,1992
79720,hkg,1993
168400,hkg,1994
197800,hkg,1995
297700,hkg,1996
674700,hkg,1997
954800,hkg,1998
1421000,hkg,1999
1888000,hkg,2000
2641000,hkg,2001
2945000,hkg,2002
3561000,hkg,2003
3840000,hkg,2004
3875000,hkg,2005
4154000,hkg,2006
4454000,hkg,2007
4620000,hkg,2008
4850000,hkg,2009
5078000,hkg,2010
0,hun,1990
350.5,hun,1991
5006,hun,1992
20020,hun,1993
50010,hun,1994
69990,hun,1995
99970,hun,1996
199900,hun,1997
399800,hun,1998
599700,hun,1999
714700,hun,2000
1480000,hun,2001
1694000,hun,2002
2192000,hun,2003
2805000,hun,2004
3931000,hun,2005
4736000,hun,2006
5353000,hun,2007
5612000,hun,2008
6182000,hun,2009
6516000,hun,2010
0,isl,1990
1300,isl,1991
4000,isl,1992
7000,isl,1993
18000,isl,1994
30000,isl,1995
40000,isl,1996
74970,isl,1997
99950,isl,1998
115000,isl,1999
125100,isl,2000
140300,isl,2001
226900,isl,2002
240900,isl,2003
245800,isl,2004
258200,isl,2005
269400,isl,2006
277000,isl,2007
282700,isl,2008
293500,isl,2009
304100,isl,2010
0,ind,1990
1013,ind,1992
2025,ind,1993
10120,ind,1994
253000,ind,1995
455300,ind,1996
708100,ind,1997
1416000,ind,1998
2831000,ind,1999
5560000,ind,2000
7073000,ind,2001
16740000,ind,2002
18650000,ind,2003
22190000,ind,2004
27230000,ind,2005
32460000,ind,2006
46370000,ind,2007
52160000,ind,2008
61840000,ind,2009
91850000,ind,2010
0,idn,1990
2082,idn,1994
52060,idn,1995
114500,idn,1996
399700,idn,1997
530600,idn,1998
936000,idn,1999
1975000,idn,2000
4364000,idn,2001
4674000,idn,2002
5295000,idn,2003
5840000,idn,2004
8188000,idn,2005
10960000,idn,2006
13450000,idn,2007
18600000,idn,2008
20650000,idn,2009
23750000,idn,2010
0,irn,1990
240.1,irn,1994
2498,irn,1995
9625,irn,1996
28970,irn,1997
63020,irn,1998
243300,irn,1999
610400,irn,2000
984200,irn,2001
3109000,irn,2002
4719000,irn,2003
5160000,irn,2004
5648000,irn,2005
6183000,irn,2006
6765000,irn,2007
7402000,irn,2008
8096000,irn,2009
9617000,irn,2010
0,irq,1990
24550,irq,2001
126200,irq,2002
155500,irq,2003
239600,irq,2004
246200,irq,2005
268000,irq,2006
269300,irq,2007
298200,irq,2008
325700,irq,2009
791800,irq,2010
0,irl,1990
2009,irl,1991
6023,irl,1992
10030,irl,1993
20030,irl,1994
40020,irl,1995
80020,irl,1996
150000,irl,1997
300100,irl,1998
410100,irl,1999
679000,irl,2000
894500,irl,2001
1017000,irl,2002
1376000,irl,2003
1511000,irl,2004
1730000,irl,2005
2317000,irl,2006
2598000,irl,2007
2844000,irl,2008
2973000,irl,2009
3122000,irl,2010
4985,isr,1990
9964,isr,1991
14930,isr,1992
19890,isr,1993
29800,isr,1994
49610,isr,1995
119000,isr,1996
247700,isr,1997
594200,isr,1998
791700,isr,1999
1256000,isr,2000
1066000,isr,2001
1109000,isr,2002
1245000,isr,2003
1474000,isr,2004
1664000,isr,2005
1883000,isr,2006
3331000,isr,2007
4212000,isr,2008
4583000,isr,2009
4985000,isr,2010
9971,ita,1990
19940,ita,1991
39860,ita,1992
69730,ita,1993
109500,ita,1994
298700,ita,1995
582600,ita,1996
1295000,ita,1997
2592000,ita,1998
8178000,ita,1999
13170000,ita,2000
15570000,ita,2001
16120000,ita,2002
16800000,ita,2003
19370000,ita,2004
20530000,ita,2005
22450000,ita,2006
24270000,ita,2007
26670000,ita,2008
29420000,ita,2009
32500000,ita,2010
0,jam,1990
898.1,jam,1994
2695,jam,1995
14690,jam,1996
20020,jam,1997
50130,jam,1998
60260,jam,1999
80440,jam,2000
100600,jam,2001
160200,jam,2002
206400,jam,2003
266500,jam,2004
343300,jam,2005
442200,jam,2006
571600,jam,2007
642000,jam,2008
663600,jam,2009
715400,jam,2010
24810,jpn,1990
49620,jpn,1991
119100,jpn,1992
496200,jpn,1993
992400,jpn,1994
1985000,jpn,1995
5458000,jpn,1996
11460000,jpn,1997
16810000,jpn,1998
26850000,jpn,1999
37700000,jpn,2000
48510000,jpn,2001
58730000,jpn,2002
61120000,jpn,2003
78800000,jpn,2004
84580000,jpn,2005
86860000,jpn,2006
94000000,jpn,2007
95410000,jpn,2008
98710000,jpn,2009
98950000,jpn,2010
0,jor,1990
1018,jor,1995
2027,jor,1996
27610,jor,1997
61140,jor,1998
120100,jor,1999
126600,jor,2000
231100,jor,2001
301200,jor,2002
431500,jor,2003
607500,jor,2004
690900,jor,2005
762000,jor,2006
1133000,jor,2007
1345000,jor,2008
1567000,jor,2009
2351000,jor,2010
0,kaz,1990
84,kaz,1994
1800,kaz,1995
5000,kaz,1996
10000,kaz,1997
20010,kaz,1998
70020,kaz,1999
100000,kaz,2000
149900,kaz,2001
249600,kaz,2002
299200,kaz,2003
399000,kaz,2004
449300,kaz,2005
500500,kaz,2006
622100,kaz,2007
1722000,kaz,2008
2883000,kaz,2009
5449000,kaz,2010
0,ken,1990
199.5,ken,1995
2492,ken,1996
9959,ken,1997
14930,ken,1998
34800,ken,1999
99410,ken,2000
198800,ken,2001
397700,ken,2002
994500,ken,2003
1049000,ken,2004
1105000,ken,2005
2753000,ken,2006
2980000,ken,2007
3334000,ken,2008
3962000,ken,2009
10490000,ken,2010
0,kir,1990
499.9,kir,1998
999.8,kir,1999
1500,kir,2000
2000,kir,2001
2179,kir,2002
2663,kir,2003
3164,kir,2004
3680,kir,2005
4209,kir,2006
5703,kir,2007
6757,kir,2008
7842,kir,2009
8959,kir,2010
0,prk,1990
0,prk,1997
0,prk,1998
0,prk,1999
0,prk,2000
0,prk,2001
0,prk,2002
0,prk,2003
0,prk,2004
0,prk,2005
0,prk,2006
0,prk,2007
0,prk,2008
0,prk,2009
9999,kor,1990
20010,kor,1991
43030,kor,1992
110100,kor,1993
138100,kor,1994
366100,kor,1995
730100,kor,1996
1629000,kor,1997
3085000,kor,1998
10770000,kor,1999
20560000,kor,2000
26160000,kor,2001
27570000,kor,2002
30540000,kor,2003
34050000,kor,2004
34580000,kor,2005
36920000,kor,2006
37430000,kor,2007
38660000,kor,2008
39140000,kor,2009
40330000,kor,2010
0,kwt,1990
1636,kwt,1993
2483,kwt,1994
3303,kwt,1995
13930,kwt,1996
36510,kwt,1997
53830,kwt,1998
88330,kwt,1999
130600,kwt,2000
171900,kwt,2001
212100,kwt,2002
476500,kwt,2003
502000,kwt,2004
587000,kwt,2005
677000,kwt,2006
772700,kwt,2007
873000,kwt,2008
975200,kwt,2009
1047000,kwt,2010
0,kgz,1990
3512,kgz,1998
10030,kgz,1999
51600,kgz,2000
149800,kgz,2001
150000,kgz,2002
195800,kgz,2003
255500,kgz,2004
531200,kgz,2005
625600,kgz,2006
721000,kgz,2007
817000,kgz,2008
1067000,kgz,2010
0,lao,1990
494.6,lao,1998
1973,lao,1999
5904,lao,2000
9826,lao,2001
14730,lao,2002
18640,lao,2003
20480,lao,2004
48920,lao,2005
68340,lao,2006
97270,lao,2007
213800,lao,2008
366700,lao,2009
434100,lao,2010
0,lva,1990
20010,lva,1996
50080,lva,1997
80220,lva,1998
105400,lva,1999
150700,lva,2000
170900,lva,2001
515700,lva,2002
629800,lva,2003
894800,lva,2004
1061000,lva,2005
1230000,lva,2006
1350000,lva,2007
1508000,lva,2008
1549000,lva,2009
1601000,lva,2010
0,lbn,1990
2480,lbn,1995
4961,lbn,1996
44650,lbn,1997
99210,lbn,1998
198400,lbn,1999
297600,lbn,2000
258000,lbn,2001
270800,lbn,2002
314800,lbn,2003
359800,lbn,2004
410900,lbn,2005
614600,lbn,2006
774900,lbn,2007
938800,lbn,2008
993800,lbn,2009
1311000,lbn,2010
0,lso,1990
52.06,lso,1996
104.2,lso,1997
208.3,lso,1998
1041,lso,1999
4160,lso,2000
5194,lso,2001
21790,lso,2002
31090,lso,2003
44530,lso,2004
53300,lso,2005
62140,lso,2006
72570,lso,2007
76160,lso,2008
79950,lso,2009
83810,lso,2010
0,lbr,1990
106,lbr,1997
104.2,lbr,1998
307.1,lbr,1999
504,lbr,2000
993.8,lbr,2001
980.1,lbr,2002
968,lbr,2003
959.1,lbr,2004
19170,lbr,2007
19390,lbr,2008
19560,lbr,2009
279600,lbr,2010
0,lby,1990
6860,lby,1999
9785,lby,2000
19540,lby,2001
122000,lby,2002
156000,lby,2003
199700,lby,2004
226000,lby,2005
253500,lby,2006
284400,lby,2007
553500,lby,2008
676400,lby,2009
889700,lby,2010
0,lie,1990
12000,lie,2000
15000,lie,2001
20000,lie,2002
20000,lie,2003
22000,lie,2004
21990,lie,2005
22470,lie,2006
22950,lie,2007
24860,lie,2008
26830,lie,2009
28830,lie,2010
0,ltu,1990
9998,ltu,1996
35000,ltu,1997
70000,ltu,1998
103000,ltu,1999
224900,ltu,2000
249800,ltu,2001
612500,ltu,2002
893200,ltu,2003
1072000,ltu,2004
1237000,ltu,2005
1492000,ltu,2006
1686000,ltu,2007
1855000,ltu,2008
1997000,ltu,2009
2065000,ltu,2010
0,lux,1990
598.7,lux,1992
1197,lux,1993
1995,lux,1994
6483,lux,1995
22950,lux,1996
29950,lux,1997
49940,lux,1998
74880,lux,1999
99670,lux,2000
158900,lux,2001
176400,lux,2002
243500,lux,2003
297000,lux,2004
320000,lux,2005
337600,lux,2006
375400,lux,2007
400300,lux,2008
434500,lux,2009
456700,lux,2010
0,mac,1990
145,mac,1994
1116,mac,1995
2944,mac,1996
9718,mac,1997
29230,mac,1998
39090,mac,1999
58770,mac,2000
99150,mac,2001
113100,mac,2002
118300,mac,2003
148000,mac,2004
167800,mac,2005
228900,mac,2006
239300,mac,2007
255300,mac,2008
286800,mac,2009
308800,mac,2010
0,mkd,1990
800,mkd,1995
1500,mkd,1996
9994,mkd,1997
19980,mkd,1998
29960,mkd,1999
49940,mkd,2000
69920,mkd,2001
350500,mkd,2002
386700,mkd,2003
496900,mkd,2004
539100,mkd,2005
584700,mkd,2006
743400,mkd,2007
945000,mkd,2008
1065000,mkd,2009
1069000,mkd,2010
0,mdg,1990
500.6,mdg,1996
2004,mdg,1997
9028,mdg,1998
25110,mdg,1999
30170,mdg,2000
35260,mdg,2001
55510,mdg,2002
71290,mdg,2003
91190,mdg,2004
101500,mdg,2005
112000,mdg,2006
123400,mdg,2007
322500,mdg,2008
328000,mdg,2009
352100,mdg,2010
0,mwi,1990
481.8,mwi,1997
1916,mwi,1998
9533,mwi,1999
14240,mwi,2000
18910,mwi,2001
25450,mwi,2002
33860,mwi,2003
43340,mwi,2004
49300,mwi,2005
56100,mwi,2006
131300,mwi,2007
98040,mwi,2008
154500,mwi,2009
336800,mwi,2010
0,mys,1990
201.2,mys,1992
5031,mys,1993
20130,mys,1994
30180,mys,1995
181000,mys,1996
502600,mys,1997
1507000,mys,1998
2814000,mys,1999
5007000,mys,2000
6398000,mys,2001
7928000,mys,2002
8764000,mys,2003
10810000,mys,2004
12690000,mys,2005
13730000,mys,2006
15070000,mys,2007
15350000,mys,2008
15620000,mys,2009
15990000,mys,2010
0,mdv,1990
0,mdv,1991
0,mdv,1992
0,mdv,1993
0,mdv,1994
0,mdv,1995
576.3,mdv,1996
801.5,mdv,1997
1503,mdv,1998
3008,mdv,1999
6022,mdv,2000
10050,mdv,2001
15090,mdv,2002
17130,mdv,2003
19170,mdv,2004
20280,mdv,2005
33040,mdv,2006
49480,mdv,2007
71370,mdv,2008
77310,mdv,2009
89400,mdv,2010
0,mli,1990
207.4,mli,1996
1046,mli,1997
2111,mli,1998
6682,mli,1999
16100,mli,2000
21640,mli,2001
27250,mli,2002
38420,mli,2003
55280,mli,2004
66810,mli,2005
99180,mli,2006
113600,mli,2007
227000,mli,2008
286300,mli,2009
415000,mli,2010
0,mlt,1990
869.8,mlt,1995
4093,mlt,1996
15350,mlt,1997
25580,mlt,1998
30680,mlt,1999
52120,mlt,2000
71470,mlt,2001
116300,mlt,2002
128100,mlt,2003
141000,mlt,2004
168800,mlt,2005
166100,mlt,2006
193500,mlt,2007
207300,mlt,2008
244400,mlt,2009
262400,mlt,2010
0,mhl,1990
0,mhl,1991
0,mhl,1992
0,mhl,1993
0,mhl,1994
0,mhl,1995
19.04,mhl,1996
503.1,mhl,1999
800,mhl,2000
889.7,mhl,2001
1216,mhl,2002
1336,mhl,2003
1871,mhl,2004
2018,mhl,2005
1982,mhl,2006
1948,mhl,2007
1918,mhl,2008
1893,mhl,2009
0,mrt,1990
101.2,mrt,1997
1013,mrt,1998
3042,mrt,1999
5075,mrt,2000
7112,mrt,2001
10170,mrt,2002
12220,mrt,2003
14270,mrt,2004
20420,mrt,2005
30660,mrt,2006
46060,mrt,2007
61620,mrt,2008
77010,mrt,2009
103800,mrt,2010
0,mus,1990
2114,mus,1996
5529,mus,1997
30100,mus,1998
55100,mus,1999
87090,mus,2000
106100,mus,2001
125200,mus,2002
150300,mus,2003
170500,mus,2004
190700,mus,2005
211500,mus,2006
257900,mus,2007
280000,mus,2008
290700,mus,2009
368100,mus,2010
0,mex,1990
5053,mex,1991
15150,mex,1992
25220,mex,1993
39300,mex,1994
94640,mex,1995
188100,mex,1996
598700,mex,1997
1228000,mex,1998
1830000,mex,1999
5079000,mex,2000
7132000,mex,2001
12210000,mex,2002
13400000,mex,2003
14830000,mex,2004
18330000,mex,2005
21050000,mex,2006
22730000,mex,2007
24020000,mex,2008
29510000,mex,2009
35220000,mex,2010
0,fsm,1990
300,fsm,1996
616,fsm,1997
2000,fsm,1998
3000,fsm,1999
4000,fsm,2000
5000,fsm,2001
6001,fsm,2002
10000,fsm,2003
12000,fsm,2004
13000,fsm,2005
14000,fsm,2006
15000,fsm,2007
15990,fsm,2008
16990,fsm,2009
22210,fsm,2010
0,mda,1990
36,mda,1994
150,mda,1995
200,mda,1996
1201,mda,1997
11010,mda,1998
25030,mda,1999
52680,mda,2000
60110,mda,2001
150300,mda,2002
288600,mda,2003
406900,mda,2004
551100,mda,2005
728900,mda,2006
750800,mda,2007
850200,mda,2008
1333000,mda,2009
1429000,mda,2010
0,mng,1990
203.2,mng,1995
422.3,mng,1996
2645,mng,1997
3451,mng,1998
12150,mng,1999
30280,mng,2000
40250,mng,2001
50150,mng,2002
333200,mng,2008
341700,mng,2009
355500,mng,2010
158900,mne,2004
180600,mne,2005
201800,mne,2006
232600,mne,2007
257800,mne,2008
282800,mne,2009
328400,mne,2010
0,mar,1990
999.2,mar,1995
1551,mar,1996
5995,mar,1997
39960,mar,1998
49950,mar,1999
199800,mar,2000
399500,mar,2001
699000,mar,2002
998300,mar,2003
3492000,mar,2004
4585000,mar,2005
6070000,mar,2006
6667000,mar,2007
10370000,mar,2008
13070000,mar,2009
15660000,mar,2010
0,moz,1990
499.4,moz,1996
1997,moz,1997
3493,moz,1998
9977,moz,1999
19950,moz,2000
29910,moz,2001
49850,moz,2002
82740,moz,2003
137600,moz,2004
177500,moz,2005
179500,moz,2006
198500,moz,2007
348400,moz,2008
612600,moz,2009
975400,moz,2010
0,mmr,1990
67.51,mmr,1999
131.1,mmr,2001
194.5,mmr,2002
11030,mmr,2003
11210,mmr,2004
30220,mmr,2005
84840,mmr,2006
101900,mmr,2007
104000,mmr,2008
104700,mmr,2009
0,nam,1990
101.9,nam,1995
153.6,nam,1996
1029,nam,1997
5169,nam,1998
6224,nam,1999
31180,nam,2000
46800,nam,2001
51970,nam,2002
67480,nam,2003
77740,nam,2004
83410,nam,2005
93200,nam,2006
104400,nam,2007
117300,nam,2008
131700,nam,2009
148400,nam,2010
0,npl,1990
0,npl,1991
0,npl,1992
0,npl,1993
0,npl,1994
199.7,npl,1995
998.5,npl,1996
4992,npl,1997
14970,npl,1998
34940,npl,1999
49940,npl,2000
59960,npl,2001
80000,npl,2002
100100,npl,2003
120200,npl,2004
225500,npl,2005
317700,npl,2006
400100,npl,2007
500100,npl,2008
579800,npl,2009
2376000,npl,2010
49800,nld,1990
79700,nld,1991
199400,nld,1992
299200,nld,1993
499000,nld,1994
998300,nld,1995
1497000,nld,1996
2195000,nld,1997
3490000,nld,1998
6180000,nld,1999
6977000,nld,2000
7877000,nld,2001
9835000,nld,2002
10380000,nld,2003
11120000,nld,2004
13210000,nld,2005
13710000,nld,2006
14110000,nld,2007
14430000,nld,2008
14840000,nld,2009
15070000,nld,2010
0,ncl,1990
9.879,ncl,1995
493.6,ncl,1996
1973,ncl,1997
3944,ncl,1998
11820,ncl,1999
29550,ncl,2000
39380,ncl,2001
49200,ncl,2002
59020,ncl,2003
68850,ncl,2004
74780,ncl,2005
78750,ncl,2006
83740,ncl,2007
83830,ncl,2008
83920,ncl,2009
0,nzl,1990
10020,nzl,1992
22500,nzl,1993
114800,nzl,1994
179500,nzl,1995
298900,nzl,1996
547900,nzl,1997
1197000,nzl,1998
1584000,nzl,1999
1828000,nzl,2000
2080000,nzl,2001
2341000,nzl,2002
2451000,nzl,2003
2523000,nzl,2004
2593000,nzl,2005
2888000,nzl,2006
2953000,nzl,2007
3081000,nzl,2008
3445000,nzl,2009
3626000,nzl,2010
0,nic,1990
597.2,nic,1994
1393,nic,1995
3980,nic,1996
9950,nic,1997
14920,nic,1998
24870,nic,1999
49730,nic,2000
74590,nic,2001
89500,nic,2002
99440,nic,2003
124300,nic,2004
139200,nic,2005
154100,nic,2006
217000,nic,2007
298700,nic,2008
416800,nic,2009
578800,nic,2010
0,ner,1990
98.73,ner,1996
197.6,ner,1997
296.6,ner,1998
2968,ner,1999
3961,ner,2000
11890,ner,2001
14880,ner,2002
18870,ner,2003
23830,ner,2004
28760,ner,2005
39580,ner,2006
54440,ner,2007
101200,ner,2008
113800,ner,2009
128700,ner,2010
0,nga,1990
9948,nga,1996
19870,nga,1997
29770,nga,1998
49570,nga,1999
79260,nga,2000
113900,nga,2001
416100,nga,2002
743300,nga,2003
1754000,nga,2004
4963000,nga,2005
7948000,nga,2006
9949000,nga,2007
23900000,nga,2008
43920000,nga,2009
45040000,nga,2010
0,mnp,1990
30000,nor,1990
60000,nor,1991
94990,nor,1992
120000,nor,1993
180000,nor,1994
280000,nor,1995
800300,nor,1996
900900,nor,1997
1001000,nor,1998
1102000,nor,1999
1202000,nor,2000
1320000,nor,2001
3304000,nor,2002
3562000,nor,2003
3564000,nor,2004
3791000,nor,2005
3854000,nor,2006
4105000,nor,2007
4328000,nor,2008
4451000,nor,2009
4560000,nor,2010
0,omn,1990
0,omn,1996
9968,omn,1997
19520,omn,1998
56840,omn,1999
79710,omn,2000
134300,omn,2001
158300,omn,2002
169500,omn,2003
160700,omn,2004
162400,omn,2005
206700,omn,2006
427200,omn,2007
527400,omn,2008
1397000,omn,2009
1725000,omn,2010
0,pak,1990
156.3,pak,1995
3911,pak,1996
36990,pak,1997
60560,pak,1998
78200,pak,1999
1946000,pak,2001
3877000,pak,2002
7720000,pak,2003
9608000,pak,2004
10050000,pak,2005
11440000,pak,2006
16620000,pak,2007
26410000,pak,2008
28290000,pak,2009
29130000,pak,2010
0,plw,1990
3962,plw,2002
4255,plw,2003
5341,plw,2004
0,pan,1990
200.3,pan,1994
1502,pan,1995
6010,pan,1996
15020,pan,1997
78210,pan,1998
111300,pan,1999
193800,pan,2000
219000,pan,2001
261400,pan,2002
312200,pan,2003
354500,pan,2004
371900,pan,2005
571600,pan,2006
746900,pan,2007
1152000,pan,2008
1353000,pan,2009
1503000,pan,2010
0,png,1990
100.1,png,1996
5000,png,1997
11990,png,1998
34960,png,1999
44930,png,2000
49890,png,2001
74810,png,2002
79760,png,2003
89690,png,2004
104600,png,2005
109600,png,2006
114500,png,2007
75320,png,2008
107900,png,2009
87790,png,2010
0,pry,1990
998.7,pry,1996
4993,pry,1997
9987,pry,1998
19970,pry,1999
39950,pry,2000
59930,pry,2001
99880,pry,2002
119900,pry,2003
199800,pry,2004
466300,pry,2005
478400,pry,2006
686000,pry,2007
889100,pry,2008
1199000,pry,2009
1278000,pry,2010
0,per,1990
1990,per,1994
7961,per,1995
59710,per,1996
99520,per,1997
298500,per,1998
497500,per,1999
795600,per,2000
1988000,per,2001
2383000,per,2002
3122000,per,2003
3841000,per,2004
4713000,per,2005
5768000,per,2006
7098000,per,2007
8701000,per,2008
9032000,per,2009
9973000,per,2010
0,phl,1990
3957,phl,1994
19800,phl,1995
39630,phl,1996
99160,phl,1997
817000,phl,1998
1083000,phl,1999
1532000,phl,2000
1993000,phl,2001
3493000,phl,2002
3998000,phl,2003
4401000,phl,2004
4617000,phl,2005
5001000,phl,2006
5293000,phl,2007
5609000,phl,2008
8253000,phl,2009
23320000,phl,2010
0,pol,1990
1996,pol,1991
19940,pol,1992
49800,pol,1993
149300,pol,1994
248700,pol,1995
497300,pol,1996
796000,pol,1997
1574000,pol,1998
2092000,pol,1999
2790000,pol,2000
3789000,pol,2001
8086000,pol,2002
9500000,pol,2003
12420000,pol,2004
14810000,pol,2005
17020000,pol,2006
18560000,pol,2007
20310000,pol,2008
22560000,pol,2009
23850000,pol,2010
0,prt,1990
9969,prt,1991
25000,prt,1992
45140,prt,1993
72450,prt,1994
151300,prt,1995
303100,prt,1996
505800,prt,1997
1012000,prt,1998
1518000,prt,1999
1698000,prt,2000
1877000,prt,2001
2019000,prt,2002
3105000,prt,2003
3339000,prt,2004
3689000,prt,2005
4021000,prt,2006
4465000,prt,2007
4456000,prt,2008
4956000,prt,2009
5455000,prt,2010
0,pri,1990
999.9,pri,1994
5001,pri,1995
10010,pri,1996
50090,pri,1997
100200,pri,1998
200300,pri,1999
399500,pri,2000
596600,pri,2001
669100,pri,2002
749600,pri,2003
839300,pri,2004
885000,pri,2005
960000,pri,2006
1049000,pri,2007
1428000,pri,2008
1558000,pri,2009
1698000,pri,2010
0,qat,1990
953.7,qat,1995
4766,qat,1996
16310,qat,1997
19320,qat,1998
23200,qat,1999
28740,qat,2000
37520,qat,2001
63830,qat,2002
125700,qat,2003
148000,qat,2004
203100,qat,2005
283500,qat,2006
435900,qat,2007
942300,qat,2008
1435000,qat,2010
0,rou,1990
849.9,rou,1993
5999,rou,1994
17000,rou,1995
50010,rou,1996
100100,rou,1997
500600,rou,1998
601100,rou,1999
801900,rou,2000
1003000,rou,2001
1448000,rou,2002
1951000,rou,2003
3277000,rou,2004
4681000,rou,2005
5352000,rou,2006
6126000,rou,2007
6999000,rou,2008
7883000,rou,2009
8580000,rou,2010
0,rus,1990
1001,rus,1992
20030,rus,1993
80120,rus,1994
220300,rus,1995
400500,rus,1996
700600,rus,1997
1201000,rus,1998
1501000,rus,1999
2902000,rus,2000
4304000,rus,2001
6007000,rus,2002
12020000,rus,2003
18560000,rus,2004
21900000,rus,2005
25870000,rus,2006
35340000,rus,2007
38410000,rus,2008
41490000,rus,2009
61470000,rus,2010
0,rwa,1990
51.27,rwa,1996
102.4,rwa,1997
816.9,rwa,1998
5094,rwa,1999
5088,rwa,2000
20350,rwa,2001
25460,rwa,2002
31620,rwa,2003
38820,rwa,2004
51170,rwa,2005
205400,rwa,2007
450200,rwa,2008
794000,rwa,2009
1381000,rwa,2010
0,kna,1990
850.5,kna,1996
1001,kna,1997
1501,kna,1998
2001,kna,1999
2702,kna,2000
3602,kna,2001
10010,kna,2002
11010,kna,2003
12010,kna,2004
16720,kna,2005
24410,kna,2006
26240,kna,2007
30660,kna,2008
35710,kna,2009
39830,kna,2010
0,lca,1990
449.5,lca,1995
999.1,lca,1996
1499,lca,1997
1999,lca,1998
2999,lca,1999
7998,lca,2000
13000,lca,2001
23500,lca,2002
34000,lca,2003
35010,lca,2004
35650,lca,2005
40920,lca,2006
47090,lca,2007
54600,lca,2008
62080,lca,2009
69710,lca,2010
0,vct,1990
139,vct,1995
522.1,vct,1996
1000,vct,1997
2001,vct,1998
3001,vct,1999
3501,vct,2000
5502,vct,2001
6002,vct,2002
7002,vct,2003
8003,vct,2004
10000,vct,2005
35010,vct,2006
57030,vct,2007
66040,vct,2008
76040,vct,2009
0,wsm,1990
299.9,wsm,1997
399.8,wsm,1998
499.8,wsm,1999
1000,wsm,2000
3002,wsm,2001
4007,wsm,2002
5015,wsm,2003
5527,wsm,2004
6043,wsm,2005
8079,wsm,2006
8611,wsm,2007
9148,wsm,2008
10940,wsm,2009
12820,wsm,2010
0,smr,1990
349.8,smr,1995
369.8,smr,1996
369.9,smr,1997
370,smr,1998
11360,smr,1999
13160,smr,2000
13870,smr,2001
14360,smr,2002
14510,smr,2003
15030,smr,2004
15230,smr,2005
15420,smr,2006
15620,smr,2007
17010,smr,2008
17000,smr,2009
0,stp,1990
401.9,stp,1998
502.9,stp,1999
6541,stp,2000
9052,stp,2001
11050,stp,2002
15040,stp,2003
20030,stp,2004
21000,stp,2005
21980,stp,2006
22960,stp,2007
24750,stp,2008
26670,stp,2009
31010,stp,2010
0,sau,1990
2026,sau,1995
5022,sau,1996
9910,sau,1997
19530,sau,1998
96640,sau,1999
443100,sau,2000
968100,sau,2001
1370000,sau,2002
1787000,sau,2003
2376000,sau,2004
3054000,sau,2005
4826000,sau,2006
7651000,sau,2007
9420000,sau,2008
10190000,sau,2009
11250000,sau,2010
0,sen,1990
57.99,sen,1995
965.6,sen,1996
2410,sen,1997
7217,sen,1998
28820,sen,1999
38400,sen,2000
96010,sen,2001
100900,sen,2002
216400,sen,2003
464100,sen,2004
520400,sen,2005
626800,sen,2006
883500,sen,2007
1249000,sen,2008
1755000,sen,2009
1989000,sen,2010
2325000,srb,2004
2019000,srb,2005
2082000,srb,2006
2536000,srb,2007
2727000,srb,2008
2922000,srb,2009
3139000,srb,2010
0,syc,1990
491.8,syc,1996
978.1,syc,1997
1945,syc,1998
4847,syc,1999
5819,syc,2000
8772,syc,2001
11530,syc,2002
11920,syc,2003
20060,syc,2004
21220,syc,2005
29460,syc,2006
32610,syc,2007
34600,syc,2008
35470,syc,2010
0,sle,1990
0,sle,1993
0,sle,1994
0,sle,1995
97.69,sle,1996
195.2,sle,1997
585.3,sle,1998
1953,sle,1999
4899,sle,2000
6898,sle,2001
7939,sle,2002
8995,sle,2003
10050,sle,2004
11100,sle,2005
12130,sle,2006
13140,sle,2007
14030,sle,2008
14920,sle,2009
0,sgp,1990
5006,sgp,1991
15040,sgp,1992
25090,sgp,1993
40120,sgp,1994
100000,sgp,1995
298600,sgp,1996
494500,sgp,1997
736900,sgp,1998
928700,sgp,1999
1411000,sgp,2000
1659000,sgp,2001
1895000,sgp,2002
2200000,sgp,2003
2579000,sgp,2004
2602000,sgp,2005
2602000,sgp,2006
3118000,sgp,2007
3293000,sgp,2008
3412000,sgp,2009
3611000,sgp,2010
0,svk,1990
6820,svk,1993
17050,svk,1994
28090,svk,1995
42150,svk,1996
63240,svk,1997
145200,svk,1998
293700,svk,1999
509500,svk,2000
677400,svk,2001
2171000,svk,2002
2328000,svk,2003
2862000,svk,2004
2989000,svk,2005
3041000,svk,2006
3356000,svk,2007
3880000,svk,2008
4098000,svk,2009
4338000,svk,2010
0,svn,1990
8000,svn,1993
21000,svn,1994
57000,svn,1995
100000,svn,1996
150000,svn,1997
200000,svn,1998
250000,svn,1999
300000,svn,2000
600000,svn,2001
554400,svn,2002
635300,svn,2003
815400,svn,2004
937200,svn,2005
1084000,svn,2006
1142000,svn,2007
1171000,svn,2008
1295000,svn,2009
1421000,svn,2010
0,slb,1990
88.64,slb,1995
984.4,slb,1996
1476,slb,1997
1967,slb,1998
1966,slb,1999
1967,slb,2000
1969,slb,2001
2169,slb,2002
2469,slb,2003
2968,slb,2004
3967,slb,2005
7952,slb,2006
9930,slb,2007
15310,slb,2008
20960,slb,2009
26910,slb,2010
0,som,1990
0,som,1995
100.1,som,1996
200.1,som,1997
500.3,som,1998
1001,som,1999
1480,som,2000
6005,som,2001
9008,som,2002
30030,som,2003
86080,som,2004
90060,som,2005
94040,som,2006
98010,som,2007
102000,som,2008
105800,som,2009
0,zaf,1990
5007,zaf,1991
15020,zaf,1992
45050,zaf,1993
100100,zaf,1994
280200,zaf,1995
355100,zaf,1996
699700,zaf,1997
1265000,zaf,1998
1817000,zaf,1999
2394000,zaf,2000
2881000,zaf,2001
3088000,zaf,2002
3268000,zaf,2003
3979000,zaf,2004
3579000,zaf,2005
3677000,zaf,2006
3939000,zaf,2007
4158000,zaf,2008
4975000,zaf,2009
6166000,zaf,2010
5006,esp,1990
10010,esp,1991
30040,esp,1992
50060,esp,1993
110100,esp,1994
150100,esp,1995
526300,esp,1996
1110000,esp,1997
1733000,esp,1998
2830000,esp,1999
5489000,esp,2000
7399000,esp,2001
8434000,esp,2002
16790000,esp,2003
18810000,esp,2004
20780000,esp,2005
22170000,esp,2006
24580000,esp,2007
26910000,esp,2008
28480000,esp,2009
30320000,esp,2010
0,lka,1990
500.3,lka,1994
999.8,lka,1995
9989,lka,1996
29940,lka,1997
54850,lka,1998
64840,lka,1999
121400,lka,2000
150200,lka,2001
201000,lka,2002
282500,lka,2003
283600,lka,2004
355600,lka,2005
509100,lka,2006
786600,lka,2007
1187000,lka,2008
1815000,lka,2009
2503000,lka,2010
0,sdn,1990
0,sdn,1994
0,sdn,1995
0,sdn,1996
390.9,sdn,1997
1564,sdn,1998
2935,sdn,1999
8815,sdn,2000
49070,sdn,2001
157400,sdn,2002
197300,sdn,2003
296900,sdn,2004
496300,sdn,2005
3186000,sdn,2006
3496000,sdn,2007
4208000,sdn,2008
0,sur,1990
500.1,sur,1995
1000,sur,1996
4493,sur,1997
7585,sur,1998
8711,sur,1999
11700,sur,2000
14510,sur,2001
19980,sur,2002
22980,sur,2003
29970,sur,2004
31970,sur,2005
47960,sur,2006
71980,sur,2007
108500,sur,2008
163000,sur,2009
165700,sur,2010
0,swz,1990
9.942,swz,1995
496.2,swz,1996
891.5,swz,1997
988.6,swz,1998
4934,swz,1999
9853,swz,2000
13780,swz,2001
19670,swz,2002
26530,swz,2003
35370,swz,2004
40850,swz,2005
41310,swz,2006
46450,swz,2007
78800,swz,2008
88790,swz,2009
95120,swz,2010
50000,swe,1990
100000,swe,1991
130000,swe,1992
150000,swe,1993
300000,swe,1994
450000,swe,1995
800100,swe,1996
2101000,swe,1997
2963000,swe,1998
3668000,swe,1999
4048000,swe,2000
4595000,swe,2001
6282000,swe,2002
7071000,swe,2003
7532000,swe,2004
7660000,swe,2005
7978000,swe,2006
7513000,swe,2007
8313000,swe,2008
8473000,swe,2009
8442000,swe,2010
39760,che,1990
79530,che,1991
119400,che,1992
149400,che,1993
189300,che,1994
249300,che,1995
321200,che,1996
1071000,che,1997
1764000,che,1998
2426000,che,1999
3376000,che,2000
3972000,che,2001
4455000,che,2002
4757000,che,2003
4991000,che,2004
5198000,che,2005
5654000,che,2006
5807000,che,2007
5998000,che,2008
6196000,che,2009
6430000,che,2010
0,syr,1990
0,syr,1991
0,syr,1992
0,syr,1993
0,syr,1994
0,syr,1995
0,syr,1996
4844,syr,1997
9681,syr,1998
19360,syr,1999
29050,syr,2000
58210,syr,2001
355100,syr,2002
594300,syr,2003
778100,syr,2004
1044000,syr,2005
1482000,syr,2006
2757000,syr,2008
3469000,syr,2009
4225000,syr,2010
0,tjk,1990
2002,tjk,1999
3000,tjk,2000
3195,tjk,2001
3486,tjk,2002
4092,tjk,2003
4952,tjk,2004
19280,tjk,2005
246100,tjk,2006
475400,tjk,2007
587500,tjk,2008
683100,tjk,2009
794500,tjk,2010
0,tza,1990
499.4,tza,1996
2496,tza,1997
2994,tza,1998
24940,tza,1999
39890,tza,2000
59810,tza,2001
79720,tza,2002
249000,tza,2003
331600,tza,2004
1670000,tza,2005
2316000,tza,2006
2957000,tza,2007
3804000,tza,2008
4352000,tza,2009
4933000,tza,2010
0,tha,1990
30.14,tha,1991
200.1,tha,1992
7968,tha,1993
22830,tha,1994
44630,tha,1995
69580,tha,1996
219700,tha,1997
672800,tha,1998
1514000,tha,1999
2330000,tha,2000
3550000,tha,2001
4868000,tha,2002
6079000,tha,2003
7053000,tha,2004
10020000,tha,2005
11550000,tha,2006
13580000,tha,2007
12420000,tha,2008
13810000,tha,2009
14650000,tha,2010
0,tls,1990
0,tls,2002
1001,tls,2005
1211,tls,2006
1495,tls,2007
1769,tls,2008
2038,tls,2009
2361,tls,2010
0,tgo,1990
0,tgo,1991
0,tgo,1992
0,tgo,1993
0,tgo,1994
0,tgo,1995
460,tgo,1996
9183,tgo,1997
13750,tgo,1998
27460,tgo,1999
91350,tgo,2000
136700,tgo,2001
181900,tgo,2002
190500,tgo,2003
200000,tgo,2004
216300,tgo,2005
237800,tgo,2006
254400,tgo,2007
277300,tgo,2008
301000,tgo,2009
324300,tgo,2010
0,ton,1990
118.2,ton,1995
157.6,ton,1996
493.2,ton,1997
741.9,ton,1998
991.8,ton,1999
2384,ton,2000
2782,ton,2001
2880,ton,2002
2976,ton,2003
3964,ton,2004
4953,ton,2005
5947,ton,2006
7342,ton,2007
8347,ton,2008
10350,ton,2009
12490,ton,2010
0,tto,1990
1995,tto,1995
4988,tto,1996
14960,tto,1997
34920,tto,1998
74820,tto,1999
99770,tto,2000
199500,tto,2001
286300,tto,2002
339200,tto,2003
354200,tto,2004
381200,tto,2005
396200,tto,2006
428200,tto,2007
463200,tto,2008
592000,tto,2009
650600,tto,2010
0,tun,1990
650,tun,1994
1000,tun,1995
2500,tun,1996
4000,tun,1997
10000,tun,1998
150000,tun,1999
260100,tun,2000
410300,tun,2001
506100,tun,2002
631100,tun,2003
837000,tun,2004
957000,tun,2005
1301000,tun,2006
1732000,tun,2007
2821000,tun,2008
3531000,tun,2009
3857000,tun,2010
0,tur,1990
4818,tur,1993
28880,tur,1994
48090,tur,1995
115300,tur,1996
287900,tur,1997
431500,tur,1998
1437000,tur,1999
2393000,tur,2000
3350000,tur,2001
7448000,tur,2002
8180000,tur,2003
9803000,tur,2004
10530000,tur,2005
12600000,tur,2006
20040000,tur,2007
24380000,tur,2008
26150000,tur,2009
28970000,tur,2010
0,tkm,1990
2003,tkm,1999
6000,tkm,2000
7975,tkm,2001
13900,tkm,2002
19760,tkm,2003
35420,tkm,2004
47350,tkm,2005
63360,tkm,2006
68330,tkm,2007
86070,tkm,2008
97100,tkm,2009
110900,tkm,2010
0,tuv,1990
493.7,tuv,2000
976.2,tuv,2007
1468,tuv,2008
1961,tuv,2009
2457,tuv,2010
0,uga,1990
596.5,uga,1995
993.4,uga,1996
2283,uga,1997
14880,uga,1998
24780,uga,1999
39640,uga,2000
59450,uga,2001
99070,uga,2002
123800,uga,2003
198100,uga,2004
495300,uga,2005
742900,uga,2006
1114000,uga,2007
2476000,uga,2008
3166000,uga,2009
4178000,uga,2010
0,ukr,1990
400.5,ukr,1993
7009,ukr,1994
22030,ukr,1995
50050,ukr,1996
100100,ukr,1997
150100,ukr,1998
200100,ukr,1999
350200,ukr,2000
600200,ukr,2001
900100,ukr,2002
1500000,ukr,2003
1650000,ukr,2004
1760000,ukr,2005
2099000,ukr,2006
3031000,ukr,2007
10320000,ukr,2008
15150000,ukr,2009
20450000,ukr,2010
0,are,1990
2418,are,1995
9287,are,1996
86070,are,1997
190400,are,1998
432900,are,1999
716700,are,2000
827400,are,2001
921600,are,2002
1003000,are,2003
1102000,are,2004
1628000,are,2005
2425000,are,2006
3297000,are,2007
4469000,are,2008
5204000,are,2009
5859000,are,2010
49980,gbr,1990
99960,gbr,1991
149900,gbr,1992
299800,gbr,1993
599600,gbr,1994
1099000,gbr,1995
2398000,gbr,1996
4307000,gbr,1997
7995000,gbr,1998
12490000,gbr,1999
15790000,gbr,2000
19790000,gbr,2001
33520000,gbr,2002
38640000,gbr,2003
39300000,gbr,2004
42140000,gbr,2005
41660000,gbr,2006
45730000,gbr,2007
48030000,gbr,2008
51520000,gbr,2009
52730000,gbr,2010
1988000,usa,1990
2976000,usa,1991
4453000,usa,1992
5925000,usa,1993
12810000,usa,1994
24600000,usa,1995
44230000,usa,1996
58940000,usa,1997
83050000,usa,1998
100100000,usa,1999
121700000,usa,2000
140100000,usa,2001
169600000,usa,2002
179700000,usa,2003
190400000,usa,2004
201700000,usa,2005
206500000,usa,2006
226700000,usa,2007
225700000,usa,2008
218500000,usa,2009
229700000,usa,2010
0,ury,1990
1999,ury,1994
9997,ury,1995
59980,ury,1996
110000,ury,1997
229900,ury,1998
329800,ury,1999
349800,ury,2000
369800,ury,2001
379700,ury,2002
529600,ury,2003
566700,ury,2004
667400,ury,2005
978300,ury,2006
1134000,ury,2007
1315000,ury,2008
1403000,ury,2009
1607000,ury,2010
0,uzb,1990
350,uzb,1995
1000,uzb,1996
2503,uzb,1997
5008,uzb,1998
7509,uzb,1999
120000,uzb,2000
149600,uzb,2001
273500,uzb,2002
487500,uzb,2003
666800,uzb,2004
867600,uzb,2005
1675000,uzb,2006
1985000,uzb,2007
2435000,uzb,2008
4628000,uzb,2009
5489000,uzb,2010
0,vut,1990
97.65,vut,1996
244,vut,1997
487.9,vut,1998
975.6,vut,1999
3902,vut,2000
5365,vut,2001
6829,vut,2002
7805,vut,2003
9757,vut,2004
10730,vut,2005
12680,vut,2006
15120,vut,2007
16580,vut,2008
17530,vut,2009
19170,vut,2010
0,ven,1990
2493,ven,1992
8776,ven,1993
11970,ven,1994
26930,ven,1995
55860,ven,1996
89770,ven,1997
324200,ven,1998
678300,ven,1999
818000,ven,2000
1150000,ven,2001
1241000,ven,2002
1930000,ven,2003
2202000,ven,2004
3347000,ven,2005
4130000,ven,2006
5748000,ven,2007
7261000,ven,2008
8898000,ven,2009
10340000,ven,2010
0,vnm,1990
101.3,vnm,1996
3031,vnm,1997
10070,vnm,1998
100400,vnm,1999
200200,vnm,2000
1008000,vnm,2001
1493000,vnm,2002
3076000,vnm,2003
6287000,vnm,2004
10590000,vnm,2005
14510000,vnm,2006
17640000,vnm,2007
20560000,vnm,2008
23070000,vnm,2009
24210000,vnm,2010
0,vir,1990
999.5,vir,1994
2999,vir,1995
4998,vir,1996
7497,vir,1997
9997,vir,1998
12000,vir,1999
14990,vir,2000
19980,vir,2001
29950,vir,2002
29930,vir,2003
29910,vir,2004
29900,vir,2005
29900,vir,2006
29910,vir,2007
29910,vir,2008
29920,vir,2009
0,pse,1990
35550,pse,2000
60340,pse,2001
104100,pse,2002
141200,pse,2003
153300,pse,2004
569100,pse,2005
669700,pse,2006
789500,pse,2007
932100,pse,2008
1267000,pse,2009
1512000,pse,2010
0,yem,1990
97.57,yem,1996
2438,yem,1997
3899,yem,1998
9745,yem,1999
14620,yem,2000
16590,yem,2001
97700,yem,2002
117400,yem,2003
176500,yem,2004
216500,yem,2005
265600,yem,2006
1100000,yem,2007
1559000,yem,2008
2323000,yem,2009
2970000,yem,2010
0,zmb,1990
589,zmb,1994
783.5,zmb,1995
830.9,zmb,1996
878.7,zmb,1997
2927,zmb,1998
14620,zmb,1999
19490,zmb,2000
24360,zmb,2001
51090,zmb,2002
107200,zmb,2003
225400,zmb,2004
326900,zmb,2005
488800,zmb,2006
587100,zmb,2007
687100,zmb,2008
802900,zmb,2009
1309000,zmb,2010
0,zwe,1990
199.5,zwe,1994
897.8,zwe,1995
1997,zwe,1996
3998,zwe,1997
10010,zwe,1998
20060,zwe,1999
50220,zwe,2000
100600,zwe,2001
503600,zwe,2002
806600,zwe,2003
826900,zwe,2004
1008000,zwe,2005
1227000,zwe,2006
1354000,zwe,2007
1419000,zwe,2008
1417000,zwe,2009
1446000,zwe,2010
