energy_production_total,geo,time
2418,alb,1971
2961,alb,1972
3001,alb,1973
2707,alb,1974
2909,alb,1975
3078,alb,1976
3170,alb,1977
3476,alb,1978
3386,alb,1979
3428,alb,1980
2687,alb,1981
2650,alb,1982
2808,alb,1983
3011,alb,1984
2809,alb,1985
2998,alb,1986
2903,alb,1987
2891,alb,1988
2901,alb,1989
2449,alb,1990
1915,alb,1991
1398,alb,1992
1326,alb,1993
1278,alb,1994
1236,alb,1995
1325,alb,1996
1102,alb,1997
1085,alb,1998
1070,alb,1999
986,alb,2000
882.9,alb,2001
959.3,alb,2002
1046,alb,2003
1153,alb,2004
1166,alb,2005
1192,alb,2006
1055,alb,2007
1153,alb,2008
1254,alb,2009
41510,dza,1971
54740,dza,1972
56490,dza,1973
53270,dza,1974
53040,dza,1975
58790,dza,1976
62080,dza,1977
69510,dza,1978
75780,dza,1979
65740,dza,1980
67190,dza,1981
67340,dza,1982
74110,dza,1983
77040,dza,1984
80760,dza,1985
84110,dza,1986
88810,dza,1987
90970,dza,1988
94780,dza,1989
100100,dza,1990
102600,dza,1991
104200,dza,1992
104900,dza,1993
100600,dza,1994
106700,dza,1995
112700,dza,1996
121700,dza,1997
127100,dza,1998
137000,dza,1999
142200,dza,2000
136800,dza,2001
143100,dza,2002
155300,dza,2003
157900,dza,2004
166700,dza,2005
164900,dza,2006
164300,dza,2007
162000,dza,2008
152300,dza,2009
9118,ago,1971
10520,ago,1972
11680,ago,1973
12110,ago,1974
11400,ago,1975
11160,ago,1976
10710,ago,1977
10180,ago,1978
11000,ago,1979
11300,ago,1980
10300,ago,1981
10400,ago,1982
12910,ago,1983
14290,ago,1984
15740,ago,1985
18340,ago,1986
22320,ago,1987
27060,ago,1988
27190,ago,1989
28650,ago,1990
29960,ago,1991
32750,ago,1992
30540,ago,1993
32950,ago,1994
36410,ago,1995
39790,ago,1996
41560,ago,1997
42970,ago,1998
43550,ago,1999
43680,ago,2000
43460,ago,2001
51430,ago,2002
51350,ago,2003
57610,ago,2004
70910,ago,2005
79990,ago,2006
95050,ago,2007
105800,ago,2008
101000,ago,2009
30560,arg,1971
30960,arg,1972
30530,arg,1973
30880,arg,1974
30640,arg,1975
31040,arg,1976
32700,arg,1977
33920,arg,1978
36350,arg,1979
38810,arg,1980
39450,arg,1981
39980,arg,1982
41990,arg,1983
42930,arg,1984
42560,arg,1985
42870,arg,1986
43320,arg,1987
46260,arg,1988
47240,arg,1989
48420,arg,1990
50220,arg,1991
54320,arg,1992
56950,arg,1993
62400,arg,1994
66880,arg,1995
72040,arg,1996
77470,arg,1997
79680,arg,1998
80060,arg,1999
82260,arg,2000
84490,arg,2001
81340,arg,2002
84270,arg,2003
87130,arg,2004
84690,arg,2005
86190,arg,2006
82870,arg,2007
82860,arg,2008
80820,arg,2009
137.3,arm,1990
135.2,arm,1991
262.7,arm,1992
370.1,arm,1993
303.1,arm,1994
245.2,arm,1995
741.8,arm,1996
539.3,arm,1997
547.3,arm,1998
645.7,arm,1999
632,arm,2000
602.1,arm,2001
738.3,arm,2002
692.1,arm,2003
746.4,arm,2004
861.3,arm,2005
846,arm,2006
825.9,arm,2007
797.1,arm,2008
824.9,arm,2009
21310,aus,1960
22540,aus,1961
22890,aus,1962
23570,aus,1963
25360,aus,1964
28290,aus,1965
29580,aus,1966
31220,aus,1967
35270,aus,1968
38710,aus,1969
47700,aus,1970
53850,aus,1971
62430,aus,1972
67990,aus,1973
67500,aus,1974
74960,aus,1975
75250,aus,1976
82250,aus,1977
81620,aus,1978
86520,aus,1979
85410,aus,1980
97200,aus,1981
98610,aus,1982
107400,aus,1983
118400,aus,1984
128100,aus,1985
136500,aus,1986
148900,aus,1987
136700,aus,1988
144700,aus,1989
157500,aus,1990
167000,aus,1991
172100,aus,1992
174900,aus,1993
173500,aus,1994
186900,aus,1995
189800,aus,1996
201000,aus,1997
216500,aus,1998
213500,aus,1999
233600,aus,2000
253800,aus,2001
263500,aus,2002
263600,aus,2003
269300,aus,2004
280100,aus,2005
281500,aus,2006
298600,aus,2007
301000,aus,2008
310700,aus,2009
324000,aus,2010
7358,aut,1960
7122,aut,1961
7285,aut,1962
7749,aut,1963
7698,aut,1964
7995,aut,1965
8153,aut,1966
7793,aut,1967
7558,aut,1968
7362,aut,1969
7953,aut,1970
7366,aut,1971
7333,aut,1972
7919,aut,1973
7816,aut,1974
7805,aut,1975
7236,aut,1976
7668,aut,1977
7828,aut,1978
8007,aut,1979
7632,aut,1980
7414,aut,1981
7491,aut,1982
7302,aut,1983
7352,aut,1984
7562,aut,1985
7663,aut,1986
8058,aut,1987
9190,aut,1988
8619,aut,1989
8107,aut,1990
8349,aut,1991
8555,aut,1992
8765,aut,1993
8397,aut,1994
8738,aut,1995
8634,aut,1996
8706,aut,1997
8881,aut,1998
9721,aut,1999
9780,aut,2000
9775,aut,2001
9819,aut,2002
9601,aut,2003
9898,aut,2004
10060,aut,2005
10140,aut,2006
10880,aut,2007
11220,aut,2008
11400,aut,2009
11170,aut,2010
20640,aze,1990
18970,aze,1991
18150,aze,1992
16390,aze,1993
14940,aze,1994
14730,aze,1995
14390,aze,1996
14100,aze,1997
16330,aze,1998
19040,aze,1999
18960,aze,2000
19580,aze,2001
19750,aze,2002
19830,aze,2003
20050,aze,2004
27230,aze,2005
38130,aze,2006
52120,aze,2007
58630,aze,2008
64560,aze,2009
10670,bhr,1971
10080,bhr,1972
10830,bhr,1973
11460,bhr,1974
9960,bhr,1975
10330,bhr,1976
11990,bhr,1977
11710,bhr,1978
12090,bhr,1979
11990,bhr,1980
12950,bhr,1981
10610,bhr,1982
9913,bhr,1983
11130,bhr,1984
11090,bhr,1985
12610,bhr,1986
12890,bhr,1987
13160,bhr,1988
13360,bhr,1989
13440,bhr,1990
12980,bhr,1991
13480,bhr,1992
13860,bhr,1993
13590,bhr,1994
13650,bhr,1995
13920,bhr,1996
14290,bhr,1997
14730,bhr,1998
14530,bhr,1999
14860,bhr,2000
14870,bhr,2001
15270,bhr,2002
15630,bhr,2003
15830,bhr,2004
16130,bhr,2005
16500,bhr,2006
17020,bhr,2007
17490,bhr,2008
17550,bhr,2009
4848,bgd,1971
5035,bgd,1972
5343,bgd,1973
5475,bgd,1974
5455,bgd,1975
5783,bgd,1976
6023,bgd,1977
6175,bgd,1978
6403,bgd,1979
6745,bgd,1980
6878,bgd,1981
7330,bgd,1982
7780,bgd,1983
7973,bgd,1984
8417,bgd,1985
8950,bgd,1986
8780,bgd,1987
9824,bgd,1988
10230,bgd,1989
10760,bgd,1990
10850,bgd,1991
11370,bgd,1992
11960,bgd,1993
12450,bgd,1994
12780,bgd,1995
12960,bgd,1996
13100,bgd,1997
13700,bgd,1998
14440,bgd,1999
15160,bgd,2000
16180,bgd,2001
16740,bgd,2002
17550,bgd,2003
18430,bgd,2004
19340,bgd,2005
21230,bgd,2006
22130,bgd,2007
23390,bgd,2008
24840,bgd,2009
3340,blr,1990
3475,blr,1991
3501,blr,1992
3222,blr,1993
3445,blr,1994
3319,blr,1995
3326,blr,1996
3317,blr,1997
3194,blr,1998
3506,blr,1999
3518,blr,2000
3599,blr,2001
3679,blr,2002
3578,blr,2003
3627,blr,2004
3813,blr,2005
3917,blr,2006
4010,blr,2007
4032,blr,2008
4045,blr,2009
14000,bel,1960
13420,bel,1961
13230,bel,1962
13360,bel,1963
13290,bel,1964
12350,bel,1965
10930,bel,1966
10280,bel,1967
9266,bel,1968
8261,bel,1969
7121,bel,1970
6845,bel,1971
6568,bel,1972
6509,bel,1973
6158,bel,1974
7965,bel,1975
8680,bel,1976
9058,bel,1977
8275,bel,1978
7618,bel,1979
8093,bel,1980
8175,bel,1981
9067,bel,1982
10950,bel,1983
12110,bel,1984
13960,bel,1985
14690,bel,1986
14480,bel,1987
13440,bel,1988
12960,bel,1989
13100,bel,1990
12970,bel,1991
12730,bel,1992
12100,bel,1993
11620,bel,1994
11930,bel,1995
12360,bel,1996
13400,bel,1997
13110,bel,1998
13910,bel,1999
13730,bel,2000
13320,bel,2001
13500,bel,2002
13700,bel,2003
13750,bel,2004
13910,bel,2005
13770,bel,2006
14370,bel,2007
14540,bel,2008
15320,bel,2009
15350,bel,2010
1002,ben,1971
1022,ben,1972
1043,ben,1973
1064,ben,1974
1086,ben,1975
1108,ben,1976
1131,ben,1977
1156,ben,1978
1183,ben,1979
1212,ben,1980
1459,ben,1981
1504,ben,1982
1327,ben,1983
1343,ben,1984
1704,ben,1985
1781,ben,1986
1764,ben,1987
1727,ben,1988
1719,ben,1989
1774,ben,1990
1804,ben,1991
1780,ben,1992
1838,ben,1993
1851,ben,1994
1852,ben,1995
1923,ben,1996
1888,ben,1997
1850,ben,1998
1786,ben,1999
1445,ben,2000
1490,ben,2001
1545,ben,2002
1576,ben,2003
1623,ben,2004
1672,ben,2005
1827,ben,2006
1885,ben,2007
1940,ben,2008
1996,ben,2009
2295,bol,1971
3788,bol,1972
4567,bol,1973
4457,bol,1974
4265,bol,1975
4369,bol,1976
4169,bol,1977
4036,bol,1978
3961,bol,1979
4365,bol,1980
4513,bol,1981
4719,bol,1982
4809,bol,1983
4747,bol,1984
4725,bol,1985
4653,bol,1986
4427,bol,1987
4632,bol,1988
4753,bol,1989
4923,bol,1990
5052,bol,1991
5058,bol,1992
5148,bol,1993
5571,bol,1994
5773,bol,1995
5944,bol,1996
5796,bol,1997
5989,bol,1998
5190,bol,1999
5543,bol,2000
6225,bol,2001
7051,bol,2002
8048,bol,2003
10760,bol,2004
13920,bol,2005
14650,bol,2006
15510,bol,2007
16170,bol,2008
14190,bol,2009
4604,bih,1990
4322,bih,1991
3642,bih,1992
3128,bih,1993
758.1,bih,1994
816.9,bih,1995
1109,bih,1996
2146,bih,1997
2576,bih,1998
2614,bih,1999
3076,bih,2000
3096,bih,2001
3311,bih,2002
3485,bih,2003
3589,bih,2004
3646,bih,2005
3964,bih,2006
3947,bih,2007
4349,bih,2008
4474,bih,2009
603.9,bwa,1981
637.5,bwa,1982
638.3,bwa,1983
650.5,bwa,1984
691.9,bwa,1985
739,bwa,1986
725.8,bwa,1987
868.3,bwa,1988
914.5,bwa,1989
910.5,bwa,1990
935.7,bwa,1991
1039,bwa,1992
1051,bwa,1993
1067,bwa,1994
1059,bwa,1995
973.1,bwa,1996
991.7,bwa,1997
1115,bwa,1998
1125,bwa,1999
1127,bwa,2000
1116,bwa,2001
1119,bwa,2002
1028,bwa,2003
1018,bwa,2004
1063,bwa,2005
1055,bwa,2006
979.2,bwa,2007
1037,bwa,2008
938.1,bwa,2009
49120,bra,1971
50380,bra,1972
51240,bra,1973
53580,bra,1974
53910,bra,1975
54170,bra,1976
55850,bra,1977
57180,bra,1978
60570,bra,1979
64350,bra,1980
66540,bra,1981
71070,bra,1982
80090,bra,1983
94050,bra,1984
102400,bra,1985
102000,bra,1986
105500,bra,1987
104700,bra,1988
107700,bra,1989
104200,bra,1990
104800,bra,1991
104700,bra,1992
105700,bra,1993
110700,bra,1994
112100,bra,1995
118600,bra,1996
126300,bra,1997
133500,bra,1998
141500,bra,1999
148300,bra,2000
152200,bra,2001
167400,bra,2002
178300,bra,2003
182600,bra,2004
194800,bra,2005
206500,bra,2006
216400,bra,2007
228200,bra,2008
230300,bra,2009
6651,brn,1971
9348,brn,1972
13160,brn,1973
13600,brn,1974
14270,brn,1975
17660,brn,1976
18880,brn,1977
18920,brn,1978
20330,brn,1979
21140,brn,1980
16720,brn,1981
16980,brn,1982
17210,brn,1983
16410,brn,1984
16060,brn,1985
15640,brn,1986
15530,brn,1987
15150,brn,1988
15280,brn,1989
15640,brn,1990
16360,brn,1991
17520,brn,1992
17170,brn,1993
17620,brn,1994
18240,brn,1995
17670,brn,1996
17550,brn,1997
16960,brn,1998
18580,brn,1999
19680,brn,2000
19850,brn,2001
20270,brn,2002
21200,brn,2003
20750,brn,2004
21060,brn,2005
22320,brn,2006
20750,brn,2007
21130,brn,2008
18940,brn,2009
5712,bgr,1971
5597,bgr,1972
5474,bgr,1973
5154,bgr,1974
6138,bgr,1975
6358,bgr,1976
6564,bgr,1977
6730,bgr,1978
7324,bgr,1979
7737,bgr,1980
8530,bgr,1981
9355,bgr,1982
9647,bgr,1983
9943,bgr,1984
9530,bgr,1985
9875,bgr,1986
10040,bgr,1987
10500,bgr,1988
10140,bgr,1989
9613,bgr,1990
8503,bgr,1991
8833,bgr,1992
9284,bgr,1993
9423,bgr,1994
10300,bgr,1995
10680,bgr,1996
10220,bgr,1997
10160,bgr,1998
9160,bgr,1999
9917,bgr,2000
10410,bgr,2001
10650,bgr,2002
10220,bgr,2003
10270,bgr,2004
10650,bgr,2005
11040,bgr,2006
9972,bgr,2007
10240,bgr,2008
9826,bgr,2009
2901,khm,1995
2959,khm,1996
3018,khm,1997
3078,khm,1998
3140,khm,1999
3203,khm,2000
3256,khm,2001
3315,khm,2002
3370,khm,2003
3422,khm,2004
3479,khm,2005
3536,khm,2006
3594,khm,2007
3608,khm,2008
3668,khm,2009
2452,cmr,1971
2501,cmr,1972
2552,cmr,1973
2619,cmr,1974
2690,cmr,1975
2758,cmr,1976
2871,cmr,1977
3429,cmr,1978
5034,cmr,1979
6707,cmr,1980
8068,cmr,1981
9047,cmr,1982
9371,cmr,1983
12390,cmr,1984
12480,cmr,1985
12420,cmr,1986
12580,cmr,1987
12020,cmr,1988
11580,cmr,1989
10980,cmr,1990
10730,cmr,1991
10840,cmr,1992
10450,cmr,1993
10450,cmr,1994
9796,cmr,1995
10270,cmr,1996
10910,cmr,1997
11250,cmr,1998
10990,cmr,1999
11140,cmr,2000
10700,cmr,2001
11030,cmr,2002
10900,cmr,2003
10810,cmr,2004
10510,cmr,2005
10260,cmr,2006
9246,cmr,2007
9302,cmr,2008
8849,cmr,2009
57090,can,1960
64250,can,1961
74150,can,1962
78850,can,1963
85280,can,1964
89720,can,1965
96840,can,1966
104100,can,1967
113200,can,1968
125500,can,1969
144800,can,1970
155800,can,1971
176800,can,1972
198200,can,1973
191900,can,1974
187600,can,1975
182100,can,1976
189900,can,1977
191100,can,1978
210100,can,1979
207400,can,1980
200700,can,1981
202700,can,1982
207200,can,1983
228700,can,1984
241200,can,1985
239700,can,1986
252700,can,1987
272800,can,1988
274000,can,1989
273700,can,1990
285200,can,1991
294200,can,1992
315900,can,1993
338500,can,1994
348900,can,1995
358300,can,1996
365100,can,1997
365400,can,1998
364400,can,1999
372700,can,2000
377000,can,2001
384100,can,2002
386200,can,2003
397900,can,2004
401100,can,2005
410800,can,2006
416400,can,2007
406100,can,2008
389800,can,2009
395800,can,2010
5344,chl,1971
5407,chl,1972
5081,chl,1973
5097,chl,1974
4984,chl,1975
5183,chl,1976
5272,chl,1977
5313,chl,1978
5015,chl,1979
5801,chl,1980
6213,chl,1981
6354,chl,1982
6487,chl,1983
6751,chl,1984
6807,chl,1985
7014,chl,1986
7074,chl,1987
7249,chl,1988
7443,chl,1989
7470,chl,1990
7891,chl,1991
8178,chl,1992
7776,chl,1993
7857,chl,1994
7846,chl,1995
7874,chl,1996
7909,chl,1997
7650,chl,1998
7497,chl,1999
8116,chl,2000
8608,chl,2001
8604,chl,2002
8096,chl,2003
8083,chl,2004
8873,chl,2005
9157,chl,2006
8499,chl,2007
9056,chl,2008
9299,chl,2009
9556,chl,2010
394100,chn,1971
414700,chn,1972
431400,chn,1973
446100,chn,1974
497100,chn,1975
511800,chn,1976
556100,chn,1977
604200,chn,1978
618500,chn,1979
615500,chn,1980
612300,chn,1981
637800,chn,1982
669300,chn,1983
717200,chn,1984
743500,chn,1985
763000,chn,1986
785600,chn,1987
817100,chn,1988
858600,chn,1989
886300,chn,1990
895000,chn,1991
912100,chn,1992
940500,chn,1993
992400,chn,1994
1066000,chn,1995
1096000,chn,1996
1095000,chn,1997
1085000,chn,1998
1062000,chn,1999
1064000,chn,2000
1094000,chn,2001
1171000,chn,2002
1317000,chn,2003
1493000,chn,2004
1623000,chn,2005
1728000,chn,2006
1824000,chn,2007
1990000,chn,2008
2085000,chn,2009
19370,col,1971
18160,col,1972
17190,col,1973
16880,col,1974
17070,col,1975
16700,col,1976
16700,col,1977
17490,col,1978
17620,col,1979
17710,col,1980
18450,col,1981
19610,col,1982
20600,col,1983
22740,col,1984
24930,col,1985
32870,col,1986
39550,col,1987
40170,col,1988
44060,col,1989
48180,col,1990
46550,col,1991
48440,col,1992
49350,col,1993
51260,col,1994
60100,col,1995
65700,col,1996
67590,col,1997
73580,col,1998
76500,col,1999
73290,col,2000
72970,col,2001
69060,col,2002
74270,col,2003
76180,col,2004
79480,col,2005
84590,col,2006
87600,col,2007
93600,col,2008
99150,col,2009
5932,cod,1971
6094,cod,1972
6282,cod,1973
6407,cod,1974
6637,cod,1975
8055,cod,1976
8155,cod,1977
8106,cod,1978
8448,cod,1979
8582,cod,1980
8941,cod,1981
9264,cod,1982
9658,cod,1983
10280,cod,1984
10660,cod,1985
10910,cod,1986
11140,cod,1987
11360,cod,1988
11690,cod,1989
12020,cod,1990
12230,cod,1991
12460,cod,1992
12680,cod,1993
13110,cod,1994
13700,cod,1995
14150,cod,1996
14370,cod,1997
14650,cod,1998
15050,cod,1999
17510,cod,2000
18190,cod,2001
18700,cod,2002
19420,cod,2003
20220,cod,2004
20760,cod,2005
21410,cod,2006
22070,cod,2007
22660,cod,2008
23350,cod,2009
334.5,cog,1971
671.9,cog,1972
2439,cog,1973
2859,cog,1974
2217,cog,1975
2510,cog,1976
2248,cog,1977
2875,cog,1978
3230,cog,1979
3819,cog,1980
4597,cog,1981
5136,cog,1982
5869,cog,1983
6540,cog,1984
6414,cog,1985
6552,cog,1986
6939,cog,1987
7690,cog,1988
8665,cog,1989
8746,cog,1990
8783,cog,1991
9389,cog,1992
10320,cog,1993
9807,cog,1994
10050,cog,1995
11200,cog,1996
12460,cog,1997
13660,cog,1998
14600,cog,1999
14580,cog,2000
13600,cog,2001
13130,cog,2002
12070,cog,2003
12540,cog,2004
13640,cog,2005
15360,cog,2006
12510,cog,2007
13250,cog,2008
15280,cog,2009
663.1,cri,1971
681.1,cri,1972
685.1,cri,1973
692,cri,1974
699.6,cri,1975
718.5,cri,1976
693.7,cri,1977
717.5,cri,1978
736.4,cri,1979
767,cri,1980
784.1,cri,1981
789.8,cri,1982
831.7,cri,1983
993.5,cri,1984
1003,cri,1985
987.3,cri,1986
1011,cri,1987
1009,cri,1988
994.2,cri,1989
1032,cri,1990
1056,cri,1991
1277,cri,1992
974,cri,1993
974.7,cri,1994
961.5,cri,1995
994.3,cri,1996
1029,cri,1997
952.5,cri,1998
1108,cri,1999
1279,cri,2000
1267,cri,2001
1414,cri,2002
1444,cri,2003
2089,cri,2004
2311,cri,2005
2516,cri,2006
2756,cri,2007
2670,cri,2008
2708,cri,2009
1639,civ,1971
1704,civ,1972
1758,civ,1973
1828,civ,1974
1899,civ,1975
1963,civ,1976
2022,civ,1977
2090,civ,1978
2213,civ,1979
2419,civ,1980
2847,civ,1981
3300,civ,1982
3599,civ,1983
3618,civ,1984
3801,civ,1985
3818,civ,1986
3749,civ,1987
3590,civ,1988
3305,civ,1989
3382,civ,1990
3457,civ,1991
3786,civ,1992
3929,civ,1993
4050,civ,1994
4248,civ,1995
5159,civ,1996
5441,civ,1997
5413,civ,1998
6025,civ,1999
6012,civ,2000
5973,civ,2001
6528,civ,2002
6781,civ,2003
9547,civ,2004
10630,civ,2005
11940,civ,2006
11500,civ,2007
11420,civ,2008
11890,civ,2009
5134,hrv,1990
4803,hrv,1991
4336,hrv,1992
4546,hrv,1993
4076,hrv,1994
4181,hrv,1995
4244,hrv,1996
4118,hrv,1997
4018,hrv,1998
3598,hrv,1999
3584,hrv,2000
3752,hrv,2001
3710,hrv,2002
3747,hrv,2003
3876,hrv,2004
3805,hrv,2005
4152,hrv,2006
4061,hrv,2007
3955,hrv,2008
4066,hrv,2009
5346,cub,1971
5029,cub,1972
5296,cub,1973
5494,cub,1974
5569,cub,1975
5600,cub,1976
6055,cub,1977
6594,cub,1978
6837,cub,1979
6522,cub,1980
6561,cub,1981
7140,cub,1982
7287,cub,1983
7474,cub,1984
7424,cub,1985
7767,cub,1986
7893,cub,1987
8087,cub,1988
8666,cub,1989
9435,cub,1990
8351,cub,1991
8375,cub,1992
6549,cub,1993
6710,cub,1994
6186,cub,1995
6673,cub,1996
6531,cub,1997
6065,cub,1998
6907,cub,1999
7912,cub,2000
8163,cub,2001
8212,cub,2002
8021,cub,2003
7481,cub,2004
6286,cub,2005
5978,cub,2006
5809,cub,2007
5699,cub,2008
5565,cub,2009
9.122,cyp,1971
9.122,cyp,1972
9.122,cyp,1973
4.107,cyp,1974
6.257,cyp,1975
7.928,cyp,1976
7.928,cyp,1977
8.167,cyp,1978
8.406,cyp,1979
6.257,cyp,1980
6.018,cyp,1981
6.018,cyp,1982
5.779,cyp,1983
6.615,cyp,1984
6.734,cyp,1985
6.734,cyp,1986
6.495,cyp,1987
6.018,cyp,1988
6.018,cyp,1989
6.137,cyp,1990
5.54,cyp,1991
5.492,cyp,1992
5.469,cyp,1993
11.7,cyp,1994
42.44,cyp,1995
43.15,cyp,1996
41.62,cyp,1997
42.96,cyp,1998
43.65,cyp,1999
44.25,cyp,2000
44.46,cyp,2001
44.73,cyp,2002
48.09,cyp,2003
50.08,cyp,2004
51.02,cyp,2005
51.55,cyp,2006
73.12,cyp,2007
82.87,cyp,2008
84.62,cyp,2009
39950,cze,1971
39670,cze,1972
38510,cze,1973
39090,cze,1974
40490,cze,1975
41540,cze,1976
43280,cze,1977
41980,cze,1978
43240,cze,1979
41210,cze,1980
41340,cze,1981
41860,cze,1982
42470,cze,1983
43120,cze,1984
42670,cze,1985
43600,cze,1986
44690,cze,1987
44070,cze,1988
42430,cze,1989
40910,cze,1990
38580,cze,1991
36250,cze,1992
35750,cze,1993
33280,cze,1994
32410,cze,1995
33080,cze,1996
33460,cze,1997
31490,cze,1998
28760,cze,1999
30650,cze,2000
31360,cze,2001
31450,cze,2002
33500,cze,2003
34540,cze,2004
32920,cze,2005
33560,cze,2006
33750,cze,2007
32820,cze,2008
31200,cze,2009
31440,cze,2010
995,dnk,1960
932.3,dnk,1961
919,dnk,1962
903.8,dnk,1963
805.4,dnk,1964
784.7,dnk,1965
739.7,dnk,1966
538.4,dnk,1967
328.6,dnk,1968
186.8,dnk,1969
377.7,dnk,1970
329.2,dnk,1971
434.1,dnk,1972
426.2,dnk,1973
447.4,dnk,1974
526.4,dnk,1975
596.2,dnk,1976
912.5,dnk,1977
877,dnk,1978
972,dnk,1979
952.4,dnk,1980
1563,dnk,1981
2577,dnk,1982
3099,dnk,1983
3534,dnk,1984
4979,dnk,1985
6508,dnk,1986
8156,dnk,1987
8308,dnk,1988
9532,dnk,1989
10080,dnk,1990
11920,dnk,1991
12920,dnk,1992
13890,dnk,1993
15090,dnk,1994
15590,dnk,1995
17670,dnk,1996
20240,dnk,1997
20390,dnk,1998
23780,dnk,1999
27730,dnk,2000
27140,dnk,2001
28590,dnk,2002
28470,dnk,2003
31110,dnk,2004
31300,dnk,2005
29550,dnk,2006
27080,dnk,2007
26620,dnk,2008
23910,dnk,2009
23210,dnk,2010
1212,dom,1971
1246,dom,1972
1208,dom,1973
1245,dom,1974
1256,dom,1975
1333,dom,1976
1308,dom,1977
1356,dom,1978
1398,dom,1979
1327,dom,1980
1556,dom,1981
1731,dom,1982
1757,dom,1983
1921,dom,1984
1352,dom,1985
1381,dom,1986
1412,dom,1987
1176,dom,1988
1011,dom,1989
1031,dom,1990
1044,dom,1991
1343,dom,1992
1447,dom,1993
1454,dom,1994
1439,dom,1995
1454,dom,1996
1464,dom,1997
1380,dom,1998
1491,dom,1999
1421,dom,2000
1497,dom,2001
1513,dom,2002
1540,dom,2003
1612,dom,2004
1877,dom,2005
1888,dom,2006
1902,dom,2007
1882,dom,2008
1892,dom,2009
1384,ecu,1971
5300,ecu,1972
11900,ecu,1973
10250,ecu,1974
9469,ecu,1975
10840,ecu,1976
10720,ecu,1977
11600,ecu,1978
11920,ecu,1979
11750,ecu,1980
12050,ecu,1981
11940,ecu,1982
13650,ecu,1983
14940,ecu,1984
15980,ecu,1985
16430,ecu,1986
10560,ecu,1987
17110,ecu,1988
16030,ecu,1989
16470,ecu,1990
17280,ecu,1991
18360,ecu,1992
19690,ecu,1993
21490,ecu,1994
22130,ecu,1995
21890,ecu,1996
21970,ecu,1997
21440,ecu,1998
21440,ecu,1999
22650,ecu,2000
22990,ecu,2001
22200,ecu,2002
23710,ecu,2003
29310,ecu,2004
29420,ecu,2005
29890,ecu,2006
28910,ecu,2007
28550,ecu,2008
27320,ecu,2009
16360,egy,1971
12070,egy,1972
9836,egy,1973
8831,egy,1974
13250,egy,1975
18370,egy,1976
23110,egy,1977
27700,egy,1978
29010,egy,1979
33480,egy,1980
36160,egy,1981
37580,egy,1982
40810,egy,1983
46960,egy,1984
51210,egy,1985
47870,egy,1986
53280,egy,1987
51690,egy,1988
53590,egy,1989
54870,egy,1990
55530,egy,1991
56560,egy,1992
59780,egy,1993
59200,egy,1994
59810,egy,1995
58670,egy,1996
57690,egy,1997
57200,egy,1998
59320,egy,1999
56450,egy,2000
57000,egy,2001
60880,egy,2002
64430,egy,2003
64660,egy,2004
76910,egy,2005
79740,egy,2006
82280,egy,2007
87490,egy,2008
88190,egy,2009
1255,slv,1971
1294,slv,1972
1331,slv,1973
1392,slv,1974
1560,slv,1975
1900,slv,1976
1964,slv,1977
2094,slv,1978
2055,slv,1979
1912,slv,1980
2148,slv,1981
2250,slv,1982
2140,slv,1983
2183,slv,1984
2008,slv,1985
1651,slv,1986
1799,slv,1987
1642,slv,1988
1655,slv,1989
1692,slv,1990
1718,slv,1991
1748,slv,1992
1734,slv,1993
1753,slv,1994
1791,slv,1995
1822,slv,1996
1851,slv,1997
1850,slv,1998
2003,slv,1999
2119,slv,2000
2285,slv,2001
2321,slv,2002
2395,slv,2003
2392,slv,2004
2489,slv,2005
2631,slv,2006
2900,slv,2007
3110,slv,2008
3164,slv,2009
707.5,eri,1992
707.5,eri,1993
707.5,eri,1994
730.4,eri,1995
755.4,eri,1996
779.2,eri,1997
481.7,eri,1998
496.1,eri,1999
507.8,eri,2000
531.3,eri,2001
547.5,eri,2002
563.7,eri,2003
481.7,eri,2004
499.8,eri,2005
514.6,eri,2006
529.9,eri,2007
545.6,eri,2008
561.5,eri,2009
5415,est,1990
4739,est,1991
4454,est,1992
3237,est,1993
3412,est,1994
3216,est,1995
3751,est,1996
3681,est,1997
3243,est,1998
2992,est,1999
3181,est,2000
3170,est,2001
3375,est,2002
3906,est,2003
3710,est,2004
3868,est,2005
3746,est,2006
4408,est,2007
4225,est,2008
4157,est,2009
4897,est,2010
8128,eth,1971
8341,eth,1972
8560,eth,1973
8786,eth,1974
9019,eth,1975
9262,eth,1976
9514,eth,1977
9776,eth,1978
10050,eth,1979
10330,eth,1980
10620,eth,1981
10920,eth,1982
11240,eth,1983
11560,eth,1984
11880,eth,1985
12240,eth,1986
12630,eth,1987
13060,eth,1988
13520,eth,1989
14050,eth,1990
14540,eth,1991
15040,eth,1992
14650,eth,1993
15090,eth,1994
15500,eth,1995
15890,eth,1996
16260,eth,1997
16770,eth,1998
17170,eth,1999
17570,eth,2000
18010,eth,2001
18440,eth,2002
18900,eth,2003
19370,eth,2004
19850,eth,2005
20360,eth,2006
28760,eth,2007
29580,eth,2008
30370,eth,2009
5292,fin,1960
5499,fin,1961
5559,fin,1962
5389,fin,1963
5386,fin,1964
5444,fin,1965
5462,fin,1966
5419,fin,1967
5201,fin,1968
5031,fin,1969
4995,fin,1970
4983,fin,1971
4877,fin,1972
4884,fin,1973
4986,fin,1974
4369,fin,1975
4160,fin,1976
5056,fin,1977
5341,fin,1978
6432,fin,1979
6912,fin,1980
8963,fin,1981
10100,fin,1982
10180,fin,1983
10530,fin,1984
10380,fin,1985
11320,fin,1986
10690,fin,1987
11210,fin,1988
11650,fin,1989
12080,fin,1990
11170,fin,1991
12120,fin,1992
11810,fin,1993
13000,fin,1994
13160,fin,1995
13610,fin,1996
15040,fin,1997
13590,fin,1998
15400,fin,1999
15070,fin,2000
15090,fin,2001
16080,fin,2002
16010,fin,2003
15800,fin,2004
16660,fin,2005
18190,fin,2006
16140,fin,2007
16510,fin,2008
16550,fin,2009
17150,fin,2010
45300,fra,1960
44090,fra,1961
44680,fra,1962
42570,fra,1963
45790,fra,1964
45990,fra,1965
45900,fra,1966
44350,fra,1967
41150,fra,1968
41390,fra,1969
50090,fra,1970
47610,fra,1971
46850,fra,1972
44170,fra,1973
42310,fra,1974
43570,fra,1975
41110,fra,1976
44500,fra,1977
45710,fra,1978
47850,fra,1979
52600,fra,1980
63970,fra,1981
63560,fra,1982
73000,fra,1983
85060,fra,1984
93320,fra,1985
99850,fra,1986
103800,fra,1987
104500,fra,1988
109300,fra,1989
111900,fra,1990
118500,fra,1991
120200,fra,1992
126400,fra,1993
123800,fra,1994
127800,fra,1995
131800,fra,1996
128700,fra,1997
125400,fra,1998
127100,fra,1999
130800,fra,2000
132100,fra,2001
134200,fra,2002
135800,fra,2003
137000,fra,2004
137000,fra,2005
137200,fra,2006
135300,fra,2007
137300,fra,2008
129500,fra,2009
135800,fra,2010
6453,gab,1971
7006,gab,1972
8640,gab,1973
11170,gab,1974
11940,gab,1975
11850,gab,1976
11840,gab,1977
11170,gab,1978
10910,gab,1979
9441,gab,1980
8346,gab,1981
8591,gab,1982
8606,gab,1983
8681,gab,1984
9433,gab,1985
9126,gab,1986
8645,gab,1987
8836,gab,1988
11160,gab,1989
14630,gab,1990
15930,gab,1991
15860,gab,1992
16830,gab,1993
18490,gab,1994
19770,gab,1995
19910,gab,1996
20140,gab,1997
19160,gab,1998
17230,gab,1999
15140,gab,2000
14430,gab,2001
14120,gab,2002
15120,gab,2003
15110,gab,2004
14940,gab,2005
13540,gab,2006
13790,gab,2007
13510,gab,2008
13590,gab,2009
2110,geo,1990
1663,geo,1991
1492,geo,1992
1780,geo,1993
1031,geo,1994
1200,geo,1995
1613,geo,1996
1441,geo,1997
1379,geo,1998
1329,geo,1999
1326,geo,2000
1265,geo,2001
1329,geo,2002
1377,geo,2003
1288,geo,2004
980.7,geo,2005
929.1,geo,2006
1075,geo,2007
1079,geo,2008
1258,geo,2009
125300,deu,1960
126500,deu,1961
127200,deu,1962
129900,deu,1963
131700,deu,1964
126100,deu,1965
119500,deu,1966
110300,deu,1967
113300,deu,1968
116600,deu,1969
174700,deu,1970
175200,deu,1971
171900,deu,1972
171700,deu,1973
173100,deu,1974
172200,deu,1975
174100,deu,1976
173300,deu,1977
174900,deu,1978
182200,deu,1979
185600,deu,1980
192300,deu,1981
193100,deu,1982
189700,deu,1983
197700,deu,1984
209300,deu,1985
200100,deu,1986
199500,deu,1987
202300,deu,1988
200500,deu,1989
186200,deu,1990
168300,deu,1991
163200,deu,1992
152000,deu,1993
145100,deu,1994
145000,deu,1995
143300,deu,1996
143600,deu,1997
136000,deu,1998
137200,deu,1999
135300,deu,2000
134700,deu,2001
134500,deu,2002
135900,deu,2003
138000,deu,2004
135400,deu,2005
136400,deu,2006
137500,deu,2007
133500,deu,2008
127100,deu,2009
129200,deu,2010
2337,gha,1971
2473,gha,1972
2625,gha,1973
2763,gha,1974
2823,gha,1975
2917,gha,1976
3013,gha,1977
3026,gha,1978
3207,gha,1979
3305,gha,1980
3377,gha,1981
3417,gha,1982
3290,gha,1983
3333,gha,1984
3552,gha,1985
3793,gha,1986
3948,gha,1987
4091,gha,1988
4266,gha,1989
4392,gha,1990
4638,gha,1991
4835,gha,1992
4973,gha,1993
5127,gha,1994
5253,gha,1995
5411,gha,1996
5542,gha,1997
5413,gha,1998
5640,gha,1999
5884,gha,2000
5995,gha,2001
5988,gha,2002
6017,gha,2003
6266,gha,2004
6425,gha,2005
6552,gha,2006
6517,gha,2007
6858,gha,2008
7047,gha,2009
0,gib,1971
0,gib,1972
0,gib,1973
0,gib,1974
0,gib,1975
0,gib,1976
0,gib,1977
0,gib,1978
0,gib,1979
0,gib,1980
0,gib,1981
0,gib,1982
0,gib,1983
0,gib,1984
0,gib,1985
0,gib,1986
0,gib,1987
0,gib,1988
0,gib,1989
0,gib,1990
0,gib,1991
0,gib,1992
0,gib,1993
0,gib,1994
0,gib,1995
0,gib,1996
0,gib,1997
0,gib,1998
0,gib,1999
0,gib,2000
0,gib,2001
0,gib,2002
0,gib,2003
0,gib,2004
0,gib,2005
0,gib,2006
0,gib,2007
0,gib,2008
0,gib,2009
322.4,grc,1960
341.4,grc,1961
385,grc,1962
495.1,grc,1963
520,grc,1964
641.1,grc,1965
764.4,grc,1966
800,grc,1967
867.2,grc,1968
1039,grc,1969
1688,grc,1970
2085,grc,1971
2168,grc,1972
2334,grc,1973
2446,grc,1974
2927,grc,1975
3456,grc,1976
3616,grc,1977
3484,grc,1978
3764,grc,1979
3696,grc,1980
4417,grc,1981
5511,grc,1982
5948,grc,1983
6424,grc,1984
6932,grc,1985
7225,grc,1986
8050,grc,1987
8251,grc,1988
8858,grc,1989
9198,grc,1990
9035,grc,1991
8956,grc,1992
8978,grc,1993
9150,grc,1994
9298,grc,1995
9120,grc,1996
9559,grc,1997
9832,grc,1998
9534,grc,1999
9986,grc,2000
9965,grc,2001
10230,grc,2002
9905,grc,2003
10300,grc,2004
10310,grc,2005
10070,grc,2006
10170,grc,2007
9862,grc,2008
10080,grc,2009
9188,grc,2010
1934,gtm,1971
1983,gtm,1972
2041,gtm,1973
2098,gtm,1974
2445,gtm,1975
2604,gtm,1976
2644,gtm,1977
2660,gtm,1978
2775,gtm,1979
2583,gtm,1980
2669,gtm,1981
2882,gtm,1982
2893,gtm,1983
2819,gtm,1984
2784,gtm,1985
3047,gtm,1986
3082,gtm,1987
3150,gtm,1988
3254,gtm,1989
3391,gtm,1990
3504,gtm,1991
3623,gtm,1992
3617,gtm,1993
3610,gtm,1994
3830,gtm,1995
4239,gtm,1996
4673,gtm,1997
4966,gtm,1998
5367,gtm,1999
5238,gtm,2000
5229,gtm,2001
5408,gtm,2002
5475,gtm,2003
5438,gtm,2004
5497,gtm,2005
5432,gtm,2006
5443,gtm,2007
5385,gtm,2008
6052,gtm,2009
1378,hti,1971
1431,hti,1972
1467,hti,1973
1520,hti,1974
1576,hti,1975
1623,hti,1976
1673,hti,1977
1735,hti,1978
1807,hti,1979
1877,hti,1980
1569,hti,1981
1588,hti,1982
1610,hti,1983
1618,hti,1984
1632,hti,1985
1223,hti,1986
1243,hti,1987
1273,hti,1988
1282,hti,1989
1253,hti,1990
1268,hti,1991
1347,hti,1992
1339,hti,1993
1373,hti,1994
1392,hti,1995
1596,hti,1996
1588,hti,1997
1626,hti,1998
1619,hti,1999
1542,hti,2000
1543,hti,2001
1733,hti,2002
1673,hti,2003
1654,hti,2004
1921,hti,2005
1968,hti,2006
2006,hti,2007
1989,hti,2008
1867,hti,2009
1012,hnd,1971
1039,hnd,1972
1059,hnd,1973
1090,hnd,1974
1112,hnd,1975
1136,hnd,1976
1170,hnd,1977
1211,hnd,1978
1246,hnd,1979
1315,hnd,1980
1333,hnd,1981
1368,hnd,1982
1389,hnd,1983
1405,hnd,1984
1468,hnd,1985
1478,hnd,1986
1561,hnd,1987
1599,hnd,1988
1631,hnd,1989
1694,hnd,1990
1702,hnd,1991
1695,hnd,1992
1704,hnd,1993
1670,hnd,1994
1661,hnd,1995
1698,hnd,1996
1904,hnd,1997
1896,hnd,1998
1477,hnd,1999
1522,hnd,2000
1494,hnd,2001
1546,hnd,2002
1622,hnd,2003
1666,hnd,2004
1773,hnd,2005
1976,hnd,2006
2119,hnd,2007
2078,hnd,2008
2195,hnd,2009
31.02,hkg,1971
32.67,hkg,1972
32.67,hkg,1973
34.05,hkg,1974
34.29,hkg,1975
35.7,hkg,1976
34.29,hkg,1977
35.7,hkg,1978
37.32,hkg,1979
38.71,hkg,1980
38.95,hkg,1981
40.36,hkg,1982
40.36,hkg,1983
40.36,hkg,1984
41.98,hkg,1985
41.98,hkg,1986
41.98,hkg,1987
43.39,hkg,1988
43.39,hkg,1989
43.39,hkg,1990
43.39,hkg,1991
43.63,hkg,1992
45.01,hkg,1993
45.01,hkg,1994
46.66,hkg,1995
48.05,hkg,1996
48.45,hkg,1997
48.86,hkg,1998
49.31,hkg,1999
49.77,hkg,2000
50.12,hkg,2001
50.34,hkg,2002
50.24,hkg,2003
50.65,hkg,2004
50.86,hkg,2005
51.28,hkg,2006
51.79,hkg,2007
52.17,hkg,2008
52.38,hkg,2009
10400,hun,1965
10360,hun,1966
10140,hun,1967
10710,hun,1968
11040,hun,1969
11770,hun,1970
11850,hun,1971
11790,hun,1972
12700,hun,1973
12730,hun,1974
12540,hun,1975
13480,hun,1976
14050,hun,1977
15350,hun,1978
14660,hun,1979
14490,hun,1980
14420,hun,1981
14920,hun,1982
15060,hun,1983
15610,hun,1984
16410,hun,1985
16080,hun,1986
16800,hun,1987
16380,hun,1988
16050,hun,1989
14590,hun,1990
14310,hun,1991
13920,hun,1992
13700,hun,1993
13280,hun,1994
13890,hun,1995
13640,hun,1996
13330,hun,1997
12460,hun,1998
11920,hun,1999
11620,hun,2000
11300,hun,2001
11200,hun,2002
10410,hun,2003
10240,hun,2004
10370,hun,2005
10340,hun,2006
10220,hun,2007
10500,hun,2008
11000,hun,2009
10980,hun,2010
150.9,isl,1960
157.9,isl,1961
170,isl,1962
184.4,isl,1963
198.9,isl,1964
201.4,isl,1965
222.4,isl,1966
241.2,isl,1967
272.7,isl,1968
310.4,isl,1969
395,isl,1970
422.9,isl,1971
458.9,isl,1972
541.3,isl,1973
530.8,isl,1974
578.6,isl,1975
614.9,isl,1976
676.6,isl,1977
709.2,isl,1978
844.9,isl,1979
904.1,isl,1980
1096,isl,1981
1162,isl,1982
1230,isl,1983
1251,isl,1984
1252,isl,1985
1276,isl,1986
1316,isl,1987
1372,isl,1988
1410,isl,1989
1400,isl,1990
1437,isl,1991
1390,isl,1992
1491,isl,1993
1481,isl,1994
1565,isl,1995
1616,isl,1996
1682,isl,1997
1814,isl,1998
2191,isl,1999
2306,isl,2000
2451,isl,2001
2462,isl,2002
2457,isl,2003
2519,isl,2004
2636,isl,2005
3259,isl,2006
3952,isl,2007
4355,isl,2008
4402,isl,2009
4568,isl,2010
141600,ind,1971
145900,ind,1972
149000,ind,1973
156500,ind,1974
165700,ind,1975
169800,ind,1976
174100,ind,1977
177500,ind,1978
180800,ind,1979
186900,ind,1980
200000,ind,1981
210700,ind,1982
221500,ind,1983
233200,ind,1984
239400,ind,1985
251200,ind,1986
259200,ind,1987
273000,ind,1988
281500,ind,1989
291800,ind,1990
301600,ind,1991
306200,ind,1992
309900,ind,1993
321100,ind,1994
335800,ind,1995
342300,ind,1996
353100,ind,1997
351900,ind,1998
359400,ind,1999
366400,ind,2000
374500,ind,2001
383600,ind,2002
396400,ind,2003
409500,ind,2004
422400,ind,2005
437900,ind,2006
452700,ind,2007
468300,ind,2008
502500,ind,2009
71740,idn,1971
81690,idn,1972
94890,idn,1973
97030,idn,1974
94310,idn,1975
105700,idn,1976
118400,idn,1977
120200,idn,1978
121900,idn,1979
125600,idn,1980
127900,idn,1981
114600,idn,1982
117600,idn,1983
134800,idn,1984
128800,idn,1985
136900,idn,1986
136900,idn,1987
139600,idn,1988
149100,idn,1989
169100,idn,1990
183400,idn,1991
187500,idn,1992
194500,idn,1993
208000,idn,1994
216000,idn,1995
224500,idn,1996
229200,idn,1997
230500,idn,1998
244200,idn,1999
236300,idn,2000
241600,idn,2001
248000,idn,2002
254900,idn,2003
264800,idn,2004
280000,idn,2005
313700,idn,2006
318300,idn,2007
323800,idn,2008
351800,idn,2009
238600,irn,1971
266800,irn,1972
309700,irn,1973
318600,irn,1974
284900,irn,1975
313400,irn,1976
300600,irn,1977
277000,irn,1978
171800,irn,1979
80760,irn,1980
79430,irn,1981
129600,irn,1982
133000,irn,1983
119800,irn,1984
122500,irn,1985
101700,irn,1986
128700,irn,1987
125100,irn,1988
160200,irn,1989
179300,irn,1990
196100,irn,1991
202100,irn,1992
214700,irn,1993
218100,irn,1994
223700,irn,1995
224900,irn,1996
225500,irn,1997
229500,irn,1998
256500,irn,1999
267100,irn,2000
259500,irn,2001
265400,irn,2002
294500,irn,2003
306800,irn,2004
317900,irn,2005
328600,irn,2006
344900,irn,2007
344800,irn,2008
349800,irn,2009
85980,irq,1971
74610,irq,1972
102900,irq,1973
100400,irq,1974
115400,irq,1975
123700,irq,1976
119500,irq,1977
131500,irq,1978
177600,irq,1979
135500,irq,1980
45230,irq,1981
50880,irq,1982
49620,irq,1983
61160,irq,1984
73050,irq,1985
87250,irq,1986
109400,irq,1987
137100,irq,1988
148100,irq,1989
104900,irq,1990
16650,irq,1991
23970,irq,1992
27300,irq,1993
30220,irq,1994
31330,irq,1995
32740,irq,1996
65460,irq,1997
109900,irq,1998
130700,irq,1999
135300,irq,2000
134200,irq,2001
115700,irq,2002
80390,irq,2003
104400,irq,2004
97450,irq,2005
101300,irq,2006
105300,irq,2007
118000,irq,2008
119600,irq,2009
1382,irl,1960
1352,irl,1961
1345,irl,1962
1346,irl,1963
1372,irl,1964
1116,irl,1965
1260,irl,1966
1361,irl,1967
1710,irl,1968
1624,irl,1969
1416,irl,1970
1423,irl,1971
1371,irl,1972
1120,irl,1973
1308,irl,1974
1660,irl,1975
1409,irl,1976
1332,irl,1977
1124,irl,1978
1467,irl,1979
1894,irl,1980
2488,irl,1981
3033,irl,1982
3208,irl,1983
3629,irl,1984
2845,irl,1985
2636,irl,1986
3009,irl,1987
2873,irl,1988
3760,irl,1989
3467,irl,1990
3287,irl,1991
3082,irl,1992
3451,irl,1993
3560,irl,1994
4101,irl,1995
3539,irl,1996
2853,irl,1997
2460,irl,1998
2460,irl,1999
2158,irl,2000
1775,irl,2001
1544,irl,2002
1834,irl,2003
1859,irl,2004
1634,irl,2005
1596,irl,2006
1406,irl,2007
1516,irl,2008
1529,irl,2009
1945,irl,2010
5938,isr,1971
6242,isr,1972
6149,isr,1973
4271,isr,1974
6577,isr,1975
88.09,isr,1976
77.93,isr,1977
74.43,isr,1978
85.78,isr,1979
153.5,isr,1980
150.1,isr,1981
78.87,isr,1982
68.08,isr,1983
55.95,isr,1984
282.2,isr,1985
341.1,isr,1986
362.3,isr,1987
379.5,isr,1988
390.6,isr,1989
424.1,isr,1990
438.1,isr,1991
458,isr,1992
502,isr,1993
516.2,isr,1994
547.7,isr,1995
556.9,isr,1996
584,isr,1997
600.4,isr,1998
600.5,isr,1999
642,isr,2000
672.6,isr,2001
708.3,isr,2002
738.6,isr,2003
1742,isr,2004
2109,isr,2005
2683,isr,2006
2899,isr,2007
3900,isr,2008
3266,isr,2009
3730,isr,2010
13840,ita,1960
14120,ita,1961
14050,ita,1962
14690,ita,1963
15860,ita,1964
16040,ita,1965
16690,ita,1966
16990,ita,1967
17570,ita,1968
18500,ita,1969
19870,ita,1970
19530,ita,1971
20120,ita,1972
20380,ita,1973
21210,ita,1974
20980,ita,1975
21740,ita,1976
20900,ita,1977
20940,ita,1978
20560,ita,1979
19900,ita,1980
20830,ita,1981
22570,ita,1982
21470,ita,1983
22640,ita,1984
22770,ita,1985
24810,ita,1986
24190,ita,1987
25470,ita,1988
25220,ita,1989
25310,ita,1990
26080,ita,1991
27250,ita,1992
28300,ita,1993
29500,ita,1994
29420,ita,1995
30270,ita,1996
30400,ita,1997
30290,ita,1998
29220,ita,1999
28170,ita,2000
26850,ita,2001
27450,ita,2002
27840,ita,2003
28390,ita,2004
27850,ita,2005
27430,ita,2006
26380,ita,2007
26970,ita,2008
27010,ita,2009
28830,ita,2010
277,jam,1971
280.2,jam,1972
250.9,jam,1973
266.6,jam,1974
253.6,jam,1975
254.4,jam,1976
233.9,jam,1977
253,jam,1978
222,jam,1979
223.9,jam,1980
224.3,jam,1981
247.1,jam,1982
235.1,jam,1983
272.5,jam,1984
252.2,jam,1985
255.4,jam,1986
256.1,jam,1987
260.2,jam,1988
309.6,jam,1989
484.6,jam,1990
485.3,jam,1991
484.4,jam,1992
472.6,jam,1993
485.4,jam,1994
483.4,jam,1995
497.6,jam,1996
510.3,jam,1997
466.7,jam,1998
481.3,jam,1999
588.9,jam,2000
500.3,jam,2001
393.3,jam,2002
396.1,jam,2003
412.2,jam,2004
411.6,jam,2005
411.2,jam,2006
412.4,jam,2007
493.7,jam,2008
530.9,jam,2009
46980,jpn,1960
49920,jpn,1961
48130,jpn,1962
47200,jpn,1963
48000,jpn,1964
48140,jpn,1965
48910,jpn,1966
44910,jpn,1967
44810,jpn,1968
42300,jpn,1969
39340,jpn,1970
35790,jpn,1971
32610,jpn,1972
29510,jpn,1973
30640,jpn,1974
29920,jpn,1975
32990,jpn,1976
31970,jpn,1977
36170,jpn,1978
39390,jpn,1979
43290,jpn,1980
44520,jpn,1981
51790,jpn,1982
55180,jpn,1983
59300,jpn,1984
67050,jpn,1985
68880,jpn,1986
71650,jpn,1987
69710,jpn,1988
70520,jpn,1989
75200,jpn,1990
79220,jpn,1991
80210,jpn,1992
87660,jpn,1993
90490,jpn,1994
98550,jpn,1995
101700,jpn,1996
106200,jpn,1997
109100,jpn,1998
104500,jpn,1999
105800,jpn,2000
104800,jpn,2001
96930,jpn,2002
84080,jpn,2003
95090,jpn,2004
100500,jpn,2005
101400,jpn,2006
90600,jpn,2007
88690,jpn,2008
93790,jpn,2009
95060,jpn,2010
0.931,jor,1971
0.931,jor,1972
0.931,jor,1973
0.931,jor,1974
0.931,jor,1975
1.17,jor,1976
0.693,jor,1977
0.693,jor,1978
0.693,jor,1979
0.693,jor,1980
0.931,jor,1981
0.931,jor,1982
1.17,jor,1983
1.17,jor,1984
1.17,jor,1985
16.68,jor,1986
24.16,jor,1987
20,jor,1988
53.97,jor,1989
162,jor,1990
158.6,jor,1991
171,jor,1992
188.4,jor,1993
272.1,jor,1994
279.5,jor,1995
274.8,jor,1996
288.9,jor,1997
294.6,jor,1998
285.7,jor,1999
285.9,jor,2000
280.8,jor,2001
262.7,jor,2002
286.8,jor,2003
294.1,jor,2004
255.9,jor,2005
290.3,jor,2006
277.1,jor,2007
275.5,jor,2008
293.1,jor,2009
90460,kaz,1990
91320,kaz,1991
89010,kaz,1992
78440,kaz,1993
70860,kaz,1994
63470,kaz,1995
63330,kaz,1996
65110,kaz,1997
64380,kaz,1998
65580,kaz,1999
77910,kaz,2000
83320,kaz,2001
90440,kaz,2002
101000,kaz,2003
113500,kaz,2004
117400,kaz,2005
126500,kaz,2006
130800,kaz,2007
142200,kaz,2008
145800,kaz,2009
4276,ken,1971
4437,ken,1972
4601,ken,1973
4783,ken,1974
4969,ken,1975
5148,ken,1976
5355,ken,1977
5584,ken,1978
5814,ken,1979
6012,ken,1980
6273,ken,1981
6519,ken,1982
6788,ken,1983
7041,ken,1984
7327,ken,1985
7881,ken,1986
8164,ken,1987
8442,ken,1988
8732,ken,1989
9013,ken,1990
9294,ken,1991
9555,ken,1992
9850,ken,1993
10120,ken,1994
10490,ken,1995
10770,ken,1996
11000,ken,1997
11300,ken,1998
11500,ken,1999
11730,ken,2000
12150,ken,2001
12500,ken,2002
13160,ken,2003
13650,ken,2004
13970,ken,2005
14330,ken,2006
14700,ken,2007
15130,ken,2008
15570,ken,2009
18170,prk,1971
18650,prk,1972
19050,prk,1973
19710,prk,1974
20460,prk,1975
21690,prk,1976
22990,prk,1977
24120,prk,1978
25620,prk,1979
27210,prk,1980
28120,prk,1981
29540,prk,1982
29720,prk,1983
30500,prk,1984
31810,prk,1985
31540,prk,1986
31000,prk,1987
30590,prk,1988
30370,prk,1989
28910,prk,1990
28080,prk,1991
24450,prk,1992
22500,prk,1993
21280,prk,1994
20030,prk,1995
17870,prk,1996
17380,prk,1997
15850,prk,1998
17670,prk,1999
18790,prk,2000
19280,prk,2001
18650,prk,2002
19260,prk,2003
20240,prk,2004
22030,prk,2005
22250,prk,2006
19680,prk,2007
20810,prk,2008
20260,prk,2009
6378,kor,1971
6195,kor,1972
6760,kor,1973
7643,kor,1974
8413,kor,1975
7809,kor,1976
8151,kor,1977
8705,kor,1978
9033,kor,1979
9272,kor,1980
9729,kor,1981
10010,kor,1982
11310,kor,1983
12680,kor,1984
14600,kor,1985
18400,kor,1986
21390,kor,1987
21450,kor,1988
21880,kor,1989
22620,kor,1990
22200,kor,1991
20390,kor,1992
20060,kor,1993
19270,kor,1994
21150,kor,1995
22490,kor,1996
23730,kor,1997
27080,kor,1998
30640,kor,1999
34380,kor,2000
34880,kor,2001
34840,kor,2002
37940,kor,2003
38270,kor,2004
42930,kor,2005
43730,kor,2006
42600,kor,2007
44730,kor,2008
44310,kor,2009
44620,kor,2010
161300,kwt,1971
173800,kwt,1972
160200,kwt,1973
135800,kwt,1974
111900,kwt,1975
114600,kwt,1976
105700,kwt,1977
115600,kwt,1978
138500,kwt,1979
93600,kwt,1980
63680,kwt,1981
46420,kwt,1982
59760,kwt,1983
66780,kwt,1984
60780,kwt,1985
65080,kwt,1986
69640,kwt,1987
82930,kwt,1988
98950,kwt,1989
50370,kwt,1990
10050,kwt,1991
59810,kwt,1992
106600,kwt,1993
114000,kwt,1994
115000,kwt,1995
115300,kwt,1996
115200,kwt,1997
117500,kwt,1998
107800,kwt,1999
114300,kwt,2000
112000,kwt,2001
100800,kwt,2002
121000,kwt,2003
131600,kwt,2004
146900,kwt,2005
151000,kwt,2006
146900,kwt,2007
153300,kwt,2008
130200,kwt,2009
2502,kgz,1990
2437,kgz,1991
1818,kgz,1992
1578,kgz,1993
1465,kgz,1994
1259,kgz,1995
1319,kgz,1996
1261,kgz,1997
1114,kgz,1998
1301,kgz,1999
1443,kgz,2000
1353,kgz,2001
1204,kgz,2002
1403,kgz,2003
1475,kgz,2004
1447,kgz,2005
1488,kgz,2006
1427,kgz,2007
1190,kgz,2008
1161,kgz,2009
1122,lva,1990
1123,lva,1991
1080,lva,1992
1180,lva,1993
1325,lva,1994
1432,lva,1995
1436,lva,1996
1624,lva,1997
1770,lva,1998
1642,lva,1999
1409,lva,2000
1523,lva,2001
1609,lva,2002
1737,lva,2003
1847,lva,2004
1861,lva,2005
1846,lva,2006
1802,lva,2007
1789,lva,2008
2097,lva,2009
168.5,lbn,1971
168.8,lbn,1972
142.3,lbn,1973
177.6,lbn,1974
177.5,lbn,1975
177.7,lbn,1976
177.5,lbn,1977
176.6,lbn,1978
178.5,lbn,1979
177.6,lbn,1980
177.1,lbn,1981
159.9,lbn,1982
152.2,lbn,1983
154.6,lbn,1984
154.6,lbn,1985
152.7,lbn,1986
157.2,lbn,1987
156.6,lbn,1988
150.1,lbn,1989
142.8,lbn,1990
151,lbn,1991
167.1,lbn,1992
170.8,lbn,1993
184.9,lbn,1994
180.1,lbn,1995
189.5,lbn,1996
200.5,lbn,1997
192.8,lbn,1998
155.4,lbn,1999
167.2,lbn,2000
159.3,lbn,2001
191.2,lbn,2002
252.4,lbn,2003
233.7,lbn,2004
229.1,lbn,2005
200.4,lbn,2006
192.2,lbn,2007
165.8,lbn,2008
173.5,lbn,2009
137500,lby,1971
114900,lby,1972
112600,lby,1973
80150,lby,1974
78790,lby,1975
102200,lby,1976
108200,lby,1977
104100,lby,1978
109700,lby,1979
96550,lby,1980
64320,lby,1981
60430,lby,1982
58130,lby,1983
58820,lby,1984
57220,lby,1985
56900,lby,1986
55180,lby,1987
58700,lby,1988
61110,lby,1989
73170,lby,1990
81680,lby,1991
77980,lby,1992
74100,lby,1993
74950,lby,1994
76120,lby,1995
75740,lby,1996
75780,lby,1997
78260,lby,1998
69290,lby,1999
72840,lby,2000
71940,lby,2001
65890,lby,2002
77510,lby,2003
86250,lby,2004
94440,lby,2005
100100,lby,2006
97680,lby,2007
100500,lby,2008
87140,lby,2009
4936,ltu,1990
4926,ltu,1991
4373,ltu,1992
3857,ltu,1993
2695,ltu,1994
3847,ltu,1995
4490,ltu,1996
4062,ltu,1997
4615,ltu,1998
3660,ltu,1999
3361,ltu,2000
4263,ltu,2001
5059,ltu,2002
5370,ltu,2003
5200,ltu,2004
3920,ltu,2005
3486,ltu,2006
3802,ltu,2007
3853,ltu,2008
4211,ltu,2009
1.72,lux,1960
4.902,lux,1961
3.87,lux,1962
0.172,lux,1963
6.45,lux,1964
8.514,lux,1965
7.74,lux,1966
8.342,lux,1967
8.428,lux,1968
7.31,lux,1969
8.256,lux,1970
4.73,lux,1971
5.59,lux,1972
4.042,lux,1973
7.138,lux,1974
6.106,lux,1975
3.956,lux,1976
24.26,lux,1977
24.2,lux,1978
26.12,lux,1979
29.42,lux,1980
30.28,lux,1981
28.66,lux,1982
28.4,lux,1983
30.91,lux,1984
30.67,lux,1985
26.1,lux,1986
33.74,lux,1987
36.56,lux,1988
35.15,lux,1989
28.8,lux,1990
30.51,lux,1991
45.59,lux,1992
44.19,lux,1993
45.32,lux,1994
44.56,lux,1995
37.38,lux,1996
42.5,lux,1997
53.08,lux,1998
53.44,lux,1999
57.28,lux,2000
58.21,lux,2001
56.07,lux,2002
58.12,lux,2003
66.66,lux,2004
88.32,lux,2005
91.87,lux,2006
94.62,lux,2007
101.3,lux,2008
106.1,lux,2009
104,lux,2010
1257,mkd,1990
1348,mkd,1991
1536,mkd,1992
1514,mkd,1993
1513,mkd,1994
1595,mkd,1995
1568,mkd,1996
1492,mkd,1997
1748,mkd,1998
1633,mkd,1999
1535,mkd,2000
1575,mkd,2001
1513,mkd,2002
1666,mkd,2003
1598,mkd,2004
1578,mkd,2005
1617,mkd,2006
1504,mkd,2007
1624,mkd,2008
1608,mkd,2009
4770,mys,1971
6020,mys,1972
5967,mys,1973
5634,mys,1974
6674,mys,1975
10030,mys,1976
11000,mys,1977
14970,mys,1978
18820,mys,1979
18200,mys,1980
17000,mys,1981
19830,mys,1982
27130,mys,1983
33360,mys,1984
34200,mys,1985
40210,mys,1986
41070,mys,1987
43910,mys,1988
47130,mys,1989
48760,mys,1990
52790,mys,1991
54200,mys,1992
56430,mys,1993
58330,mys,1994
64550,mys,1995
70060,mys,1996
73680,mys,1997
74620,mys,1998
72830,mys,1999
76140,mys,2000
77150,mys,2001
80500,mys,2002
83940,mys,2003
88460,mys,2004
91490,mys,2005
90250,mys,2006
90140,mys,2007
93120,mys,2008
89690,mys,2009
0,mlt,1971
0,mlt,1972
0,mlt,1973
0,mlt,1974
0,mlt,1975
0,mlt,1976
0,mlt,1977
0,mlt,1978
0,mlt,1979
0,mlt,1980
0,mlt,1981
0,mlt,1982
0,mlt,1983
0,mlt,1984
0,mlt,1985
0,mlt,1986
0,mlt,1987
0,mlt,1988
0,mlt,1989
0,mlt,1990
0,mlt,1991
0,mlt,1992
0,mlt,1993
0,mlt,1994
0,mlt,1995
0,mlt,1996
0,mlt,1997
0,mlt,1998
0,mlt,1999
0,mlt,2000
0,mlt,2001
0.239,mlt,2002
0.31,mlt,2003
0.406,mlt,2004
0.525,mlt,2005
0.645,mlt,2006
0.788,mlt,2007
0.907,mlt,2008
1.075,mlt,2009
43360,mex,1971
45060,mex,1972
47280,mex,1973
55230,mex,1974
63030,mex,1975
67910,mex,1976
79150,mex,1977
95010,mex,1978
113600,mex,1979
147000,mex,1980
171200,mex,1981
195600,mex,1982
193200,mex,1983
195200,mex,1984
192800,mex,1985
182100,mex,1986
190900,mex,1987
190100,mex,1988
190500,mex,1989
194700,mex,1990
202100,mex,1991
201700,mex,1992
203200,mex,1993
203700,mex,1994
201600,mex,1995
212000,mex,1996
220100,mex,1997
224100,mex,1998
220600,mex,1999
222300,mex,2000
225800,mex,2001
225500,mex,2002
236700,mex,2003
246900,mex,2004
254000,mex,2005
250600,mex,2006
244100,mex,2007
233300,mex,2008
220000,mex,2009
217700,mex,2010
57.92,mda,1990
65.83,mda,1991
58.09,mda,1992
63.29,mda,1993
52.56,mda,1994
54.13,mda,1995
91.03,mda,1996
100.1,mda,1997
62.58,mda,1998
63.87,mda,1999
63.83,mda,2000
74.24,mda,2001
75.55,mda,2002
84.57,mda,2003
92.16,mda,2004
88.44,mda,2005
87.27,mda,2006
88.11,mda,2007
101.6,mda,2008
103.8,mda,2009
2492,mng,1985
2684,mng,1986
2978,mng,1987
3279,mng,1988
3087,mng,1989
2749,mng,1990
3251,mng,1991
2901,mng,1992
2556,mng,1993
2326,mng,1994
2256,mng,1995
1873,mng,1996
1811,mng,1997
1857,mng,1998
1838,mng,1999
1916,mng,2000
1903,mng,2001
2052,mng,2002
1981,mng,2003
2023,mng,2004
3421,mng,2005
3745,mng,2006
4476,mng,2007
5107,mng,2008
7690,mng,2009
619.6,mar,1971
683.1,mar,1972
687.7,mar,1973
733.1,mar,1974
747,mar,1975
807.8,mar,1976
898.5,mar,1977
862.9,mar,1978
895.7,mar,1979
877.9,mar,1980
812.1,mar,1981
788.8,mar,1982
836.3,mar,1983
879,mar,1984
873.6,mar,1985
891.4,mar,1986
812.4,mar,1987
831.2,mar,1988
758.1,mar,1989
773.2,mar,1990
834.5,mar,1991
815.9,mar,1992
789.1,mar,1993
849.1,mar,1994
830.9,mar,1995
877,mar,1996
841.5,mar,1997
764.9,mar,1998
615.1,mar,1999
570.7,mar,2000
583.6,mar,2001
585.7,mar,2002
639,mar,2003
680.4,mar,2004
610.3,mar,2005
629,mar,2006
638.9,mar,2007
633.2,mar,2008
781.6,mar,2009
6165,moz,1971
6126,moz,1972
6130,moz,1973
6183,moz,1974
6277,moz,1975
6250,moz,1976
6115,moz,1977
6040,moz,1978
6063,moz,1979
6086,moz,1980
6124,moz,1981
6060,moz,1982
5972,moz,1983
5948,moz,1984
5924,moz,1985
5824,moz,1986
5779,moz,1987
5710,moz,1988
5662,moz,1989
5608,moz,1990
5603,moz,1991
5631,moz,1992
5700,moz,1993
5804,moz,1994
5908,moz,1995
6007,moz,1996
6158,moz,1997
6773,moz,1998
6962,moz,1999
7258,moz,2000
7549,moz,2001
7763,moz,2002
7731,moz,2003
9045,moz,2004
10060,moz,2005
10700,moz,2006
11080,moz,2007
11530,moz,2008
11920,moz,2009
7341,mmr,1971
7626,mmr,1972
7813,mmr,1973
7865,mmr,1974
8134,mmr,1975
8529,mmr,1976
8833,mmr,1977
9003,mmr,1978
9206,mmr,1979
9515,mmr,1980
9642,mmr,1981
9757,mmr,1982
9987,mmr,1983
10440,mmr,1984
11100,mmr,1985
11210,mmr,1986
10930,mmr,1987
10630,mmr,1988
10920,mmr,1989
10650,mmr,1990
10480,mmr,1991
10810,mmr,1992
10400,mmr,1993
10950,mmr,1994
11000,mmr,1995
10910,mmr,1996
11170,mmr,1997
12160,mmr,1998
13670,mmr,1999
15410,mmr,2000
15840,mmr,2001
16460,mmr,2002
18360,mmr,2003
20550,mmr,2004
23120,mmr,2005
22950,mmr,2006
23850,mmr,2007
22990,mmr,2008
22360,mmr,2009
217.5,nam,1991
211,nam,1992
207.3,nam,1993
190,nam,1994
248.7,nam,1995
230.3,nam,1996
217.4,nam,1997
252.3,nam,1998
269.6,nam,1999
286.4,nam,2000
295.7,nam,2001
298.1,nam,2002
316.9,nam,2003
323.2,nam,2004
323.8,nam,2005
313.1,nam,2006
332.4,nam,2007
323.5,nam,2008
328.6,nam,2009
3597,npl,1971
3677,npl,1972
3757,npl,1973
3841,npl,1974
3926,npl,1975
4018,npl,1976
4110,npl,1977
4204,npl,1978
4301,npl,1979
4403,npl,1980
4500,npl,1981
4603,npl,1982
4705,npl,1983
4807,npl,1984
4914,npl,1985
5028,npl,1986
5137,npl,1987
5247,npl,1988
5373,npl,1989
5501,npl,1990
5620,npl,1991
5734,npl,1992
5858,npl,1993
5989,npl,1994
6138,npl,1995
6273,npl,1996
6398,npl,1997
6542,npl,1998
6708,npl,1999
7138,npl,2000
7338,npl,2001
7618,npl,2002
7794,npl,2003
7969,npl,2004
8152,npl,2005
8295,npl,2006
8463,npl,2007
8643,npl,2008
8821,npl,2009
10200,nld,1960
10500,nld,1961
9977,nld,1962
10080,nld,1963
10360,nld,1964
11090,nld,1965
11430,nld,1966
12810,nld,1967
17200,nld,1968
22390,nld,1969
28870,nld,1970
37340,nld,1971
47780,nld,1972
56760,nld,1973
66710,nld,1974
71330,nld,1975
76320,nld,1976
76040,nld,1977
69950,nld,1978
73540,nld,1979
71820,nld,1980
66760,nld,1981
57460,nld,1982
61800,nld,1983
62940,nld,1984
66330,nld,1985
62320,nld,1986
61940,nld,1987
55270,nld,1988
59530,nld,1989
60540,nld,1990
67380,nld,1991
67390,nld,1992
68540,nld,1993
66410,nld,1994
66690,nld,1995
74550,nld,1996
66210,nld,1997
63650,nld,1998
59520,nld,1999
57570,nld,2000
61460,nld,2001
60650,nld,2002
58720,nld,2003
68030,nld,2004
62230,nld,2005
61100,nld,2006
61250,nld,2007
66610,nld,2008
63050,nld,2009
69740,nld,2010
2487,nzl,1960
2580,nzl,1961
2696,nzl,1962
3029,nzl,1963
3354,nzl,1964
3376,nzl,1965
3416,nzl,1966
3153,nzl,1967
3248,nzl,1968
3320,nzl,1969
3398,nzl,1970
3417,nzl,1971
3838,nzl,1972
4048,nzl,1973
4577,nzl,1974
4797,nzl,1975
5439,nzl,1976
6104,nzl,1977
5964,nzl,1978
5279,nzl,1979
5471,nzl,1980
5771,nzl,1981
6683,nzl,1982
7144,nzl,1983
7985,nzl,1984
8950,nzl,1985
9878,nzl,1986
9677,nzl,1987
10420,nzl,1988
11460,nzl,1989
11460,nzl,1990
12120,nzl,1991
12350,nzl,1992
12890,nzl,1993
12610,nzl,1994
12740,nzl,1995
13830,nzl,1996
14510,nzl,1997
13400,nzl,1998
13740,nzl,1999
14120,nzl,2000
14200,nzl,2001
14640,nzl,2002
13380,nzl,2003
13030,nzl,2004
12580,nzl,2005
13070,nzl,2006
14020,nzl,2007
14990,nzl,2008
15210,nzl,2009
16560,nzl,2010
736.4,nic,1971
757.9,nic,1972
795.8,nic,1973
822.1,nic,1974
852.3,nic,1975
888.3,nic,1976
881.3,nic,1977
890.2,nic,1978
918.3,nic,1979
906.6,nic,1980
921.1,nic,1981
950.9,nic,1982
975.8,nic,1983
1218,nic,1984
1299,nic,1985
1224,nic,1986
1234,nic,1987
1259,nic,1988
1435,nic,1989
1495,nic,1990
1541,nic,1991
1522,nic,1992
1509,nic,1993
1486,nic,1994
1495,nic,1995
1547,nic,1996
1595,nic,1997
1458,nic,1998
1482,nic,1999
1553,nic,2000
1540,nic,2001
1659,nic,2002
1805,nic,2003
1932,nic,2004
1954,nic,2005
2089,nic,2006
1656,nic,2007
1691,nic,2008
1707,nic,2009
111500,nga,1971
127200,nga,1972
139900,nga,1973
150900,nga,1974
128200,nga,1975
144000,nga,1976
146300,nga,1977
137300,nga,1978
159200,nga,1979
148500,nga,1980
118900,nga,1981
112900,nga,1982
111900,nga,1983
121200,nga,1984
128400,nga,1985
127900,nga,1986
123300,nga,1987
131800,nga,1988
147500,nga,1989
150500,nga,1990
156700,nga,1991
162000,nga,1992
164900,nga,1993
166200,nga,1994
169200,nga,1995
182000,nga,1996
193900,nga,1997
188600,nga,1998
187700,nga,1999
201700,nga,2000
211200,nga,2001
196100,nga,2002
216400,nga,2003
229900,nga,2004
233300,nga,2005
235000,nga,2006
231300,nga,2007
228200,nga,2008
228700,nga,2009
2967,nor,1960
3153,nor,1961
3599,nor,1962
3687,nor,1963
4119,nor,1964
4551,nor,1965
4479,nor,1966
4883,nor,1967
5409,nor,1968
5203,nor,1969
5294,nor,1970
6029,nor,1971
7654,nor,1972
8056,nor,1973
8569,nor,1974
16120,nor,1975
21750,nor,1976
23260,nor,1977
36920,nor,1978
45920,nor,1979
54970,nor,1980
55390,nor,1981
55420,nor,1982
63510,nor,1983
69630,nor,1984
72580,nor,1985
74850,nor,1986
86480,nor,1987
94880,nor,1988
112800,nor,1989
119100,nor,1990
131000,nor,1991
146600,nor,1992
154800,nor,1993
169900,nor,1994
184300,nor,1995
207100,nor,1996
212600,nor,1997
205700,nor,1998
209400,nor,1999
227000,nor,2000
225900,nor,2001
234800,nor,2002
234400,nor,2003
228400,nor,2004
223700,nor,2005
215000,nor,2006
214900,nor,2007
219000,nor,2008
213600,nor,2009
205100,nor,2010
15200,omn,1971
14640,omn,1972
15200,omn,1973
15060,omn,1974
17760,omn,1975
19040,omn,1976
17620,omn,1977
16470,omn,1978
15600,omn,1979
15090,omn,1980
17440,omn,1981
17930,omn,1982
20740,omn,1983
22400,omn,1984
26750,omn,1985
30270,omn,1986
31560,omn,1987
33620,omn,1988
34680,omn,1989
38310,omn,1990
39510,omn,1991
41740,omn,1992
44330,omn,1993
46250,omn,1994
48660,omn,1995
50160,omn,1996
51530,omn,1997
51770,omn,1998
54010,omn,1999
61010,omn,2000
65340,omn,2001
63340,omn,2002
60530,omn,2003
58870,omn,2004
60260,omn,2005
61670,omn,2006
60500,omn,2007
63440,omn,2008
67200,omn,2009
14360,pak,1971
14820,pak,1972
15590,pak,1973
16390,pak,1974
17080,pak,1975
17350,pak,1976
18250,pak,1977
18970,pak,1978
19800,pak,1979
20920,pak,1980
22070,pak,1981
23090,pak,1982
24030,pak,1983
24420,pak,1984
26000,pak,1985
27510,pak,1986
30220,pak,1987
31370,pak,1988
33100,pak,1989
34180,pak,1990
36170,pak,1991
37720,pak,1992
38960,pak,1993
39520,pak,1994
41040,pak,1995
41980,pak,1996
42210,pak,1997
43330,pak,1998
45110,pak,1999
46920,pak,2000
48980,pak,2001
50060,pak,2002
55280,pak,2003
58830,pak,2004
61480,pak,2005
61910,pak,2006
64210,pak,2007
63260,pak,2008
64860,pak,2009
342.3,pan,1971
339.1,pan,1972
342.4,pan,1973
366.4,pan,1974
380,pan,1975
404.9,pan,1976
441.8,pan,1977
486.9,pan,1978
499,pan,1979
527.3,pan,1980
568.4,pan,1981
568.1,pan,1982
539.4,pan,1983
593.9,pan,1984
604,pan,1985
605.1,pan,1986
599.6,pan,1987
610,pan,1988
612.4,pan,1989
612.3,pan,1990
602.6,pan,1991
623.6,pan,1992
662.6,pan,1993
650.9,pan,1994
604.2,pan,1995
701.3,pan,1996
704,pan,1997
643.1,pan,1998
730.3,pan,1999
755.5,pan,2000
678,pan,2001
737.7,pan,2002
688.6,pan,2003
752.6,pan,2004
735.4,pan,2005
750.8,pan,2006
695.2,pan,2007
697.9,pan,2008
666.2,pan,2009
1168,pry,1971
1187,pry,1972
1273,pry,1973
1300,pry,1974
1250,pry,1975
1313,pry,1976
1326,pry,1977
1416,pry,1978
1472,pry,1979
1605,pry,1980
1631,pry,1981
1667,pry,1982
1752,pry,1983
1757,pry,1984
2034,pry,1985
2780,pry,1986
3667,pry,1987
3876,pry,1988
4307,pry,1989
4577,pry,1990
4876,pry,1991
4520,pry,1992
4821,pry,1993
5381,pry,1994
6026,pry,1995
6389,pry,1996
7011,pry,1997
6864,pry,1998
6741,pry,1999
6838,pry,2000
6157,pry,2001
6293,pry,2002
6623,pry,2003
6631,pry,2004
6733,pry,2005
7130,pry,2006
7287,pry,2007
7532,pry,2008
7435,pry,2009
7354,per,1971
7524,per,1972
7873,per,1973
8296,per,1974
8049,per,1975
8359,per,1976
9232,per,1977
12290,per,1978
14190,per,1979
14470,per,1980
14570,per,1981
14950,per,1982
13580,per,1983
14620,per,1984
14660,per,1985
13940,per,1986
12900,per,1987
11560,per,1988
10790,per,1989
10600,per,1990
9829,per,1991
9597,per,1992
10070,per,1993
10110,per,1994
10020,per,1995
9959,per,1996
9744,per,1997
9786,per,1998
9527,per,1999
9361,per,2000
9414,per,2001
9291,per,2002
9506,per,2003
9608,per,2004
10910,per,2005
11650,per,2006
12480,per,2007
12650,per,2008
15140,per,2009
7526,phl,1971
7700,phl,1972
8070,phl,1973
8353,phl,1974
8599,phl,1975
8902,phl,1976
9099,phl,1977
9406,phl,1978
11280,phl,1979
12220,phl,1980
12900,phl,1981
14080,phl,1982
15380,phl,1983
16000,phl,1984
16460,phl,1985
16420,phl,1986
15950,phl,1987
16510,phl,1988
16960,phl,1989
17230,phl,1990
16820,phl,1991
16850,phl,1992
16450,phl,1993
16480,phl,1994
15820,phl,1995
15820,phl,1996
16090,phl,1997
17250,phl,1998
18660,phl,1999
19550,phl,2000
18370,phl,2001
20110,phl,2002
20600,phl,2003
20890,phl,2004
21400,phl,2005
21400,phl,2006
22150,phl,2007
22980,phl,2008
23470,phl,2009
64810,pol,1960
66800,pol,1961
68730,pol,1962
71340,pol,1963
75730,pol,1964
77290,pol,1965
79870,pol,1966
81500,pol,1967
85850,pol,1968
91590,pol,1969
95760,pol,1970
99250,pol,1971
103700,pol,1972
107400,pol,1973
110800,pol,1974
115700,pol,1975
119600,pol,1976
122800,pol,1977
131800,pol,1978
135300,pol,1979
126600,pol,1980
108200,pol,1981
124500,pol,1982
126800,pol,1983
127800,pol,1984
128800,pol,1985
131200,pol,1986
132300,pol,1987
132300,pol,1988
122100,pol,1989
103900,pol,1990
99840,pol,1991
97670,pol,1992
97350,pol,1993
97430,pol,1994
99360,pol,1995
98960,pol,1996
100000,pol,1997
87600,pol,1998
83920,pol,1999
79580,pol,2000
80280,pol,2001
80200,pol,2002
79860,pol,2003
78820,pol,2004
78650,pol,2005
77630,pol,2006
72510,pol,2007
71360,pol,2008
67520,pol,2009
67790,pol,2010
1266,prt,1960
1315,prt,1961
1279,prt,1962
1323,prt,1963
1347,prt,1964
1367,prt,1965
1454,prt,1966
1467,prt,1967
1417,prt,1968
1535,prt,1969
1408,prt,1970
1384,prt,1971
1407,prt,1972
1401,prt,1973
1440,prt,1974
1327,prt,1975
1161,prt,1976
1639,prt,1977
1735,prt,1978
1809,prt,1979
1481,prt,1980
1247,prt,1981
1450,prt,1982
1595,prt,1983
1742,prt,1984
1943,prt,1985
1848,prt,1986
1949,prt,1987
2215,prt,1988
2492,prt,1989
3393,prt,1990
3395,prt,1991
2943,prt,1992
3277,prt,1993
3486,prt,1994
3318,prt,1995
3793,prt,1996
3748,prt,1997
3732,prt,1998
3370,prt,1999
3846,prt,2000
4096,prt,2001
3643,prt,2002
4336,prt,2003
3895,prt,2004
3614,prt,2005
4365,prt,2006
4649,prt,2007
4487,prt,2008
4885,prt,2009
5964,prt,2010
22030,qat,1971
25030,qat,1972
29530,qat,1973
26430,qat,1974
23650,qat,1975
26190,qat,1976
23350,qat,1977
25220,qat,1978
27520,qat,1979
26470,qat,1980
24220,qat,1981
21000,qat,1982
19610,qat,1983
25830,qat,1984
20810,qat,1985
21980,qat,1986
20520,qat,1987
22130,qat,1988
25450,qat,1989
26570,qat,1990
26770,qat,1991
29200,qat,1992
28680,qat,1993
28300,qat,1994
28720,qat,1995
29490,qat,1996
40150,qat,1997
45950,qat,1998
53210,qat,1999
59240,qat,2000
63050,qat,2001
67740,qat,2002
71920,qat,2003
87860,qat,2004
93130,qat,2005
102000,qat,2006
112500,qat,2007
133100,qat,2008
139900,qat,2009
42810,rou,1971
44400,rou,1972
46240,rou,1973
47530,rou,1974
49960,rou,1975
52100,rou,1976
54070,rou,1977
54030,rou,1978
51860,rou,1979
52590,rou,1980
54700,rou,1981
55150,rou,1982
55930,rou,1983
55680,rou,1984
54320,rou,1985
54020,rou,1986
52560,rou,1987
53510,rou,1988
49780,rou,1989
40830,rou,1990
35970,rou,1991
34470,rou,1992
33390,rou,1993
31710,rou,1994
32320,rou,1995
32820,rou,1996
31450,rou,1997
28810,rou,1998
27840,rou,1999
28280,rou,2000
27650,rou,2001
29110,rou,2002
29260,rou,2003
28360,rou,2004
27790,rou,2005
27920,rou,2006
27700,rou,2007
28930,rou,2008
28300,rou,2009
1293000,rus,1990
1218000,rus,1991
1139000,rus,1992
1057000,rus,1993
991400,rus,1994
967600,rus,1995
965000,rus,1996
933400,rus,1997
939800,rus,1998
962100,rus,1999
978000,rus,2000
1008000,rus,2001
1046000,rus,2002
1119000,rus,2003
1172000,rus,2004
1203000,rus,2005
1227000,rus,2006
1239000,rus,2007
1254000,rus,2008
1182000,rus,2009
244100,sau,1971
308100,sau,1972
388500,sau,1973
434800,sau,1974
364600,sau,1975
443900,sau,1976
475300,sau,1977
437000,sau,1978
497400,sau,1979
533600,sau,1980
531100,sau,1981
361300,sau,1982
283900,sau,1983
264300,sau,1984
200700,sau,1985
285800,sau,1986
248500,sau,1987
297500,sau,1988
299500,sau,1989
370200,sau,1990
465700,sau,1991
479500,sau,1992
472900,sau,1993
464300,sau,1994
467300,sau,1995
471700,sau,1996
467400,sau,1997
481500,sau,1998
445400,sau,1999
479300,sau,2000
470200,sau,2001
440400,sau,2002
515200,sau,2003
552900,sau,2004
580600,sau,2005
576000,sau,2006
554500,sau,2007
579300,sau,2008
528400,sau,2009
825,sen,1971
831.9,sen,1972
838.8,sen,1973
845.7,sen,1974
852.7,sen,1975
859.3,sen,1976
865.8,sen,1977
872.4,sen,1978
879,sen,1979
885.7,sen,1980
892.2,sen,1981
898.7,sen,1982
905.2,sen,1983
912,sen,1984
919.1,sen,1985
926.4,sen,1986
935.1,sen,1987
952.4,sen,1988
958.7,sen,1989
963.5,sen,1990
969.5,sen,1991
974.9,sen,1992
991.6,sen,1993
1006,sen,1994
1061,sen,1995
1086,sen,1996
1096,sen,1997
1124,sen,1998
1141,sen,1999
1192,sen,2000
1211,sen,2001
1259,sen,2002
1259,sen,2003
1256,sen,2004
1265,sen,2005
1231,sen,2006
1222,sen,2007
1230,sen,2008
1256,sen,2009
13400,srb,1990
12140,srb,1991
11840,srb,1992
11370,srb,1993
10530,srb,1994
12190,srb,1995
12090,srb,1996
12480,srb,1997
12730,srb,1998
10530,srb,1999
11430,srb,2000
11090,srb,2001
11290,srb,2002
11410,srb,2003
11550,srb,2004
10290,srb,2005
10560,srb,2006
10570,srb,2007
10790,srb,2008
9440,srb,2009
0,sgp,1971
0,sgp,1972
0,sgp,1973
0,sgp,1974
0,sgp,1975
0,sgp,1976
0,sgp,1977
0,sgp,1978
0,sgp,1979
0,sgp,1980
0,sgp,1981
0,sgp,1982
0,sgp,1983
0,sgp,1984
0,sgp,1985
0,sgp,1986
0,sgp,1987
0,sgp,1988
0,sgp,1989
0,sgp,1990
0,sgp,1991
0,sgp,1992
0,sgp,1993
0,sgp,1994
0,sgp,1995
0,sgp,1996
0,sgp,1997
14.42,sgp,1998
15.14,sgp,1999
22.69,sgp,2000
24.07,sgp,2001
33.72,sgp,2002
28.18,sgp,2003
26.84,sgp,2004
46.09,sgp,2005
34.39,sgp,2006
24.74,sgp,2007
32.33,sgp,2008
28.89,sgp,2009
2690,svk,1971
2655,svk,1972
2575,svk,1973
2590,svk,1974
2594,svk,1975
2535,svk,1976
2504,svk,1977
2629,svk,1978
2895,svk,1979
3466,svk,1980
3555,svk,1981
3739,svk,1982
3829,svk,1983
4044,svk,1984
4682,svk,1985
5154,svk,1986
5232,svk,1987
5301,svk,1988
5423,svk,1989
5284,svk,1990
4830,svk,1991
4483,svk,1992
4988,svk,1993
5476,svk,1994
5043,svk,1995
4978,svk,1996
4947,svk,1997
4993,svk,1998
5513,svk,1999
6326,svk,2000
6685,svk,2001
6821,svk,2002
6590,svk,2003
6452,svk,2004
6609,svk,2005
6619,svk,2006
5975,svk,2007
6420,svk,2008
5936,svk,2009
6136,svk,2010
3069,svn,1990
3104,svn,1991
2948,svn,1992
2771,svn,1993
2894,svn,1994
2968,svn,1995
2876,svn,1996
2998,svn,1997
3046,svn,1998
2868,svn,1999
3098,svn,2000
3160,svn,2001
3338,svn,2002
3266,svn,2003
3460,svn,2004
3508,svn,2005
3442,svn,2006
3465,svn,2007
3672,svn,2008
3541,svn,2009
3545,svn,2010
37770,zaf,1971
37940,zaf,1972
40360,zaf,1973
42780,zaf,1974
45210,zaf,1975
49030,zaf,1976
54060,zaf,1977
58660,zaf,1978
66480,zaf,1979
73170,zaf,1980
80930,zaf,1981
87190,zaf,1982
91140,zaf,1983
103000,zaf,1984
109500,zaf,1985
112600,zaf,1986
112300,zaf,1987
116900,zaf,1988
114600,zaf,1989
114500,zaf,1990
116900,zaf,1991
115000,zaf,1992
123000,zaf,1993
128300,zaf,1994
134800,zaf,1995
135000,zaf,1996
143400,zaf,1997
145000,zaf,1998
145000,zaf,1999
145600,zaf,2000
144900,zaf,2001
143800,zaf,2002
153400,zaf,2003
157600,zaf,2004
157900,zaf,2005
157400,zaf,2006
158800,zaf,2007
162000,zaf,2008
160600,zaf,2009
9842,esp,1960
9949,esp,1961
9313,esp,1962
9998,esp,1963
9458,esp,1964
9850,esp,1965
10490,esp,1966
9779,esp,1967
10050,esp,1968
10370,esp,1969
9685,esp,1970
10450,esp,1971
11580,esp,1972
11350,esp,1973
13140,esp,1974
13360,esp,1975
12620,esp,1976
14450,esp,1977
14540,esp,1978
15660,esp,1979
15770,esp,1980
17700,esp,1981
19650,esp,1982
21940,esp,1983
25070,esp,1984
26470,esp,1985
28320,esp,1986
27900,esp,1987
30260,esp,1988
34550,esp,1989
34580,esp,1990
34340,esp,1991
33710,esp,1992
32910,esp,1993
32250,esp,1994
31510,esp,1995
32700,esp,1996
31700,esp,1997
32330,esp,1998
30660,esp,1999
31680,esp,2000
33500,esp,2001
31800,esp,2002
32990,esp,2003
32590,esp,2004
30130,esp,2005
31310,esp,2006
30250,esp,2007
30440,esp,2008
29720,esp,2009
33900,esp,2010
2810,lka,1971
2812,lka,1972
2848,lka,1973
2893,lka,1974
3120,lka,1975
3163,lka,1976
3056,lka,1977
3136,lka,1978
3194,lka,1979
3209,lka,1980
3300,lka,1981
3420,lka,1982
3419,lka,1983
3726,lka,1984
3775,lka,1985
3915,lka,1986
3983,lka,1987
4102,lka,1988
4183,lka,1989
4191,lka,1990
4200,lka,1991
4328,lka,1992
4259,lka,1993
3997,lka,1994
4022,lka,1995
4204,lka,1996
4346,lka,1997
4319,lka,1998
4548,lka,1999
4748,lka,2000
4563,lka,2001
4544,lka,2002
4655,lka,2003
4765,lka,2004
4920,lka,2005
5155,lka,2006
5076,lka,2007
5072,lka,2008
5087,lka,2009
5668,sdn,1971
5787,sdn,1972
5912,sdn,1973
6043,sdn,1974
6181,sdn,1975
6358,sdn,1976
6532,sdn,1977
6715,sdn,1978
6904,sdn,1979
7089,sdn,1980
7281,sdn,1981
7475,sdn,1982
7815,sdn,1983
7854,sdn,1984
8033,sdn,1985
8201,sdn,1986
8354,sdn,1987
8496,sdn,1988
8635,sdn,1989
8775,sdn,1990
8903,sdn,1991
9029,sdn,1992
9152,sdn,1993
10290,sdn,1994
10400,sdn,1995
10780,sdn,1996
11010,sdn,1997
11350,sdn,1998
14430,sdn,1999
20170,sdn,2000
22260,sdn,2001
24420,sdn,2002
25400,sdn,2003
27020,sdn,2004
26980,sdn,2005
29140,sdn,2006
34930,sdn,2007
34090,sdn,2008
35200,sdn,2009
5483,swe,1960
5934,swe,1961
6105,swe,1962
6003,swe,1963
6490,swe,1964
6766,swe,1965
6588,swe,1966
6929,swe,1967
6867,swe,1968
6453,swe,1969
6492,swe,1970
7386,swe,1971
7893,swe,1972
9251,swe,1973
9007,swe,1974
11700,swe,1975
12410,swe,1976
13180,swe,1977
14880,swe,1978
14680,swe,1979
16130,swe,1980
19260,swe,1981
19100,swe,1982
20870,swe,1983
24290,swe,1984
26860,swe,1985
29070,swe,1986
29410,swe,1987
29850,swe,1988
28980,swe,1989
29680,swe,1990
31430,swe,1991
29480,swe,1992
29320,swe,1993
31260,swe,1994
31840,swe,1995
31970,swe,1996
32450,swe,1997
33990,swe,1998
33240,swe,1999
30520,swe,2000
33900,swe,2001
31830,swe,2002
30920,swe,2003
34330,swe,2004
34670,swe,2005
32830,swe,2006
33580,swe,2007
33230,swe,2008
30350,swe,2009
32550,swe,2010
2111,che,1960
2197,che,1961
2205,che,1962
2322,che,1963
2281,che,1964
2527,che,1965
2729,che,1966
2903,che,1967
2848,che,1968
2773,che,1969
3360,che,1970
2905,che,1971
3325,che,1972
4280,che,1973
4429,che,1974
5101,che,1975
4500,che,1976
5379,che,1977
5319,che,1978
6246,che,1979
7030,che,1980
7639,che,1981
7724,che,1982
7796,che,1983
8097,che,1984
9413,che,1985
9547,che,1986
9815,che,1987
9860,che,1988
9359,che,1989
10250,che,1990
10400,che,1991
10570,che,1992
10860,che,1993
11370,che,1994
11210,che,1995
10810,che,1996
11280,che,1997
11420,che,1998
12060,che,1999
12020,che,2000
12560,che,2001
12150,che,2002
12260,che,2003
12070,che,2004
10980,che,2005
12240,che,2006
12660,che,2007
12800,che,2008
12770,che,2009
12710,che,2010
5315,syr,1971
5892,syr,1972
5570,syr,1973
6481,syr,1974
9677,syr,1975
10220,syr,1976
9340,syr,1977
10170,syr,1978
8972,syr,1979
9501,syr,1980
9805,syr,1981
9346,syr,1982
9707,syr,1983
9853,syr,1984
9702,syr,1985
9917,syr,1986
12980,syr,1987
15230,syr,1988
19050,syr,1989
22320,syr,1990
26580,syr,1991
27740,syr,1992
28740,syr,1993
31110,syr,1994
33080,syr,1995
31780,syr,1996
32570,syr,1997
33680,syr,1998
33900,syr,1999
32670,syr,2000
33900,syr,2001
37100,syr,2002
36030,syr,2003
28400,syr,2004
26070,syr,2005
24830,syr,2006
23880,syr,2007
23750,syr,2008
23580,syr,2009
2026,tjk,1990
1834,tjk,1991
1655,tjk,1992
1702,tjk,1993
1537,tjk,1994
1329,tjk,1995
1347,tjk,1996
1244,tjk,1997
1269,tjk,1998
1382,tjk,1999
1264,tjk,2000
1288,tjk,2001
1361,tjk,2002
1466,tjk,2003
1492,tjk,2004
1546,tjk,2005
1519,tjk,2006
1574,tjk,2007
1488,tjk,2008
1502,tjk,2009
6872,tza,1971
6884,tza,1972
6910,tza,1973
6953,tza,1974
7023,tza,1975
7046,tza,1976
7083,tza,1977
7136,tza,1978
7203,tza,1979
7296,tza,1980
7448,tza,1981
7603,tza,1982
7772,tza,1983
7944,tza,1984
8128,tza,1985
8300,tza,1986
8481,tza,1987
8667,tza,1988
8864,tza,1989
9064,tza,1990
9264,tza,1991
9449,tza,1992
9674,tza,1993
9857,tza,1994
10060,tza,1995
10270,tza,1996
10410,tza,1997
11230,tza,1998
12090,tza,1999
12690,tza,2000
13360,tza,2001
13940,tza,2002
14440,tza,2003
15050,tza,2004
15780,tza,2005
16360,tza,2006
16950,tza,2007
17470,tza,2008
18050,tza,2009
7893,tha,1971
7968,tha,1972
8163,tha,1973
8776,tha,1974
10110,tha,1975
10610,tha,1976
11020,tha,1977
10800,tha,1978
11720,tha,1979
11180,tha,1980
12090,tha,1981
13520,tha,1982
11200,tha,1983
13140,tha,1984
16550,tha,1985
17510,tha,1986
19400,tha,1987
21460,tha,1988
24330,tha,1989
26580,tha,1990
29620,tha,1991
30860,tha,1992
30220,tha,1993
31700,tha,1994
33190,tha,1995
37150,tha,1996
40020,tha,1997
39670,tha,1998
41530,tha,1999
44030,tha,2000
43210,tha,2001
45860,tha,2002
49190,tha,2003
51150,tha,2004
54960,tha,2005
56850,tha,2006
59970,tha,2007
64390,tha,2008
61710,tha,2009
614.2,tgo,1971
628.5,tgo,1972
642.6,tgo,1973
651.6,tgo,1974
667.7,tgo,1975
683.3,tgo,1976
705.6,tgo,1977
724.7,tgo,1978
731.9,tgo,1979
750.7,tgo,1980
772.2,tgo,1981
796.8,tgo,1982
816.7,tgo,1983
844.2,tgo,1984
873.3,tgo,1985
902.2,tgo,1986
949.7,tgo,1987
978.4,tgo,1988
1010,tgo,1989
1054,tgo,1990
1114,tgo,1991
1165,tgo,1992
1230,tgo,1993
1281,tgo,1994
1357,tgo,1995
1422,tgo,1996
1481,tgo,1997
1553,tgo,1998
1721,tgo,1999
1765,tgo,2000
1804,tgo,2001
1851,tgo,2002
1899,tgo,2003
1942,tgo,2004
2001,tgo,2005
2039,tgo,2006
2099,tgo,2007
2138,tgo,2008
2191,tgo,2009
8149,tto,1971
8751,tto,1972
9975,tto,1973
10870,tto,1974
12190,tto,1975
12210,tto,1976
13290,tto,1977
13650,tto,1978
12960,tto,1979
13140,tto,1980
12220,tto,1981
12180,tto,1982
11430,tto,1983
12380,tto,1984
12820,tto,1985
12540,tto,1986
12010,tto,1987
12430,tto,1988
12340,tto,1989
12610,tto,1990
12230,tto,1991
12360,tto,1992
11570,tto,1993
12270,tto,1994
12170,tto,1995
12900,tto,1996
12860,tto,1997
13870,tto,1998
16080,tto,1999
19990,tto,2000
20640,tto,2001
23950,tto,2002
30990,tto,2003
33040,tto,2004
36430,tto,2005
42770,tto,2006
43160,tto,2007
42730,tto,2008
44000,tto,2009
4653,tun,1971
4541,tun,1972
4541,tun,1973
4899,tun,1974
5401,tun,1975
4491,tun,1976
5128,tun,1977
5855,tun,1978
6522,tun,1979
6672,tun,1980
6477,tun,1981
6251,tun,1982
6673,tun,1983
6633,tun,1984
6551,tun,1985
6373,tun,1986
6123,tun,1987
6064,tun,1988
6108,tun,1989
5728,tun,1990
6362,tun,1991
6604,tun,1992
5732,tun,1993
5468,tun,1994
5330,tun,1995
5908,tun,1996
6354,tun,1997
6781,tun,1998
6732,tun,1999
6634,tun,2000
6636,tun,2001
6706,tun,2002
6452,tun,2003
6805,tun,2004
6681,tun,2005
6632,tun,2006
7901,tun,2007
7552,tun,2008
7811,tun,2009
9371,tur,1960
9484,tur,1961
9727,tur,1962
10210,tur,1963
10600,tur,1964
11210,tur,1965
12230,tur,1966
13160,tur,1967
13540,tur,1968
14040,tur,1969
13990,tur,1970
13810,tur,1971
15120,tur,1972
15520,tur,1973
15890,tur,1974
16260,tur,1975
16610,tur,1976
16940,tur,1977
17610,tur,1978
17420,tur,1979
17140,tur,1980
18060,tur,1981
18960,tur,1982
19280,tur,1983
20250,tur,1984
21860,tur,1985
23510,tur,1986
25030,tur,1987
24800,tur,1988
25640,tur,1989
25810,tur,1990
25630,tur,1991
26350,tur,1992
26170,tur,1993
26300,tur,1994
26480,tur,1995
27120,tur,1996
27960,tur,1997
29070,tur,1998
27490,tur,1999
25860,tur,2000
24420,tur,2001
24110,tur,2002
23590,tur,2003
24110,tur,2004
23930,tur,2005
26350,tur,2006
27270,tur,2007
28980,tur,2008
30280,tur,2009
30290,tur,2010
74860,tkm,1990
74120,tkm,1991
48820,tkm,1992
57420,tkm,1993
32850,tkm,1994
32840,tkm,1995
32860,tkm,1996
19800,tkm,1997
18110,tkm,1998
26330,tkm,1999
45970,tkm,2000
50390,tkm,2001
52860,tkm,2002
58550,tkm,2003
57830,tkm,2004
61140,tkm,2005
59990,tkm,2006
65820,tkm,2007
68410,tkm,2008
40900,tkm,2009
135800,ukr,1990
118600,ukr,1991
111700,ukr,1992
100400,ukr,1993
87420,ukr,1994
81610,ukr,1995
73660,ukr,1996
74740,ukr,1997
74580,ukr,1998
75540,ukr,1999
76440,ukr,2000
76310,ukr,2001
76750,ukr,2002
79460,ukr,2003
80200,ukr,2004
80970,ukr,2005
83010,ukr,2006
81600,ukr,2007
81290,ukr,2008
76910,ukr,2009
52790,are,1971
59790,are,1972
76140,are,1973
83250,are,1974
84430,are,1975
97020,are,1976
101300,are,1977
94610,are,1978
95380,are,1979
90210,are,1980
82500,are,1981
71010,are,1982
66240,are,1983
64300,are,1984
63410,are,1985
73230,are,1986
80110,are,1987
83690,are,1988
101100,are,1989
110200,are,1990
127300,are,1991
134000,are,1992
131300,are,1993
133600,are,1994
137000,are,1995
142100,are,1996
147200,are,1997
150900,are,1998
142700,are,1999
156400,are,2000
152300,are,2001
149000,are,2002
163300,are,2003
171100,are,2004
174400,are,2005
185100,are,2006
185500,are,2007
187000,are,2008
168800,are,2009
114800,gbr,1960
113400,gbr,1961
118000,gbr,1962
117500,gbr,1963
116600,gbr,1964
114700,gbr,1965
108700,gbr,1966
109200,gbr,1967
106700,gbr,1968
101900,gbr,1969
101300,gbr,1970
109800,gbr,1971
101100,gbr,1972
108500,gbr,1973
102700,gbr,1974
114800,gbr,1975
126600,gbr,1976
154700,gbr,1977
167400,gbr,1978
193000,gbr,1979
197800,gbr,1980
207400,gbr,1981
221600,gbr,1982
233400,gbr,1983
205300,gbr,1984
238200,gbr,1985
247400,gbr,1986
242300,gbr,1987
233900,gbr,1988
209000,gbr,1989
208000,gbr,1990
214700,gbr,1991
215000,gbr,1992
223400,gbr,1993
244600,gbr,1994
257500,gbr,1995
268900,gbr,1996
268300,gbr,1997
271900,gbr,1998
281600,gbr,1999
272500,gbr,2000
262300,gbr,2001
258400,gbr,2002
246600,gbr,2003
225700,gbr,2004
205300,gbr,2005
186900,gbr,2006
176600,gbr,2007
166800,gbr,2008
158900,gbr,2009
149700,gbr,2010
964900,usa,1960
973400,usa,1961
1014000,usa,1962
1062000,usa,1963
1101000,usa,1964
1137000,usa,1965
1203000,usa,1966
1296000,usa,1967
1341000,usa,1968
1372000,usa,1969
1451000,usa,1970
1436000,usa,1971
1465000,usa,1972
1456000,usa,1973
1428000,usa,1974
1408000,usa,1975
1418000,usa,1976
1445000,usa,1977
1466000,usa,1978
1526000,usa,1979
1553000,usa,1980
1548000,usa,1981
1529000,usa,1982
1468000,usa,1983
1588000,usa,1984
1569000,usa,1985
1558000,usa,1986
1591000,usa,1987
1619000,usa,1988
1616000,usa,1989
1653000,usa,1990
1642000,usa,1991
1648000,usa,1992
1597000,usa,1993
1658000,usa,1994
1659000,usa,1995
1678000,usa,1996
1675000,usa,1997
1688000,usa,1998
1670000,usa,1999
1667000,usa,2000
1689000,usa,2001
1656000,usa,2002
1634000,usa,2003
1646000,usa,2004
1631000,usa,2005
1654000,usa,2006
1669000,usa,2007
1702000,usa,2008
1686000,usa,2009
1741000,usa,2010
519.7,ury,1971
492.6,ury,1972
537.8,ury,1973
524.7,ury,1974
520.8,ury,1975
537,ury,1976
580.4,ury,1977
594.6,ury,1978
565.6,ury,1979
766.2,ury,1980
838.4,ury,1981
910,ury,1982
1117,ury,1983
1132,ury,1984
1114,ury,1985
1235,ury,1986
1239,ury,1987
1024,ury,1988
899.6,ury,1989
1149,ury,1990
1089,ury,1991
1261,ury,1992
1193,ury,1993
1179,ury,1994
1013,ury,1995
980.1,ury,1996
1044,ury,1997
1234,ury,1998
920.1,ury,1999
1028,ury,2000
1210,ury,2001
1237,ury,2002
1163,ury,2003
852.5,ury,2004
1020,ury,2005
784.9,ury,2006
1225,ury,2007
1385,ury,2008
1519,ury,2009
38640,uzb,1990
39630,uzb,1991
40760,uzb,1992
42810,uzb,1993
46100,uzb,1994
48650,uzb,1995
49090,uzb,1996
51300,uzb,1997
54400,uzb,1998
55030,uzb,1999
54940,uzb,2000
55510,uzb,2001
56220,uzb,2002
56290,uzb,2003
57140,uzb,2004
56400,uzb,2005
58480,uzb,2006
59790,uzb,2007
62020,uzb,2008
60690,uzb,2009
209900,ven,1971
192000,ven,1972
203200,ven,1973
181500,ven,1974
144700,ven,1975
142800,ven,1976
141100,ven,1977
136800,ven,1978
149900,ven,1979
140100,ven,1980
136400,ven,1981
125600,ven,1982
120300,ven,1983
122900,ven,1984
115300,ven,1985
123000,ven,1986
125000,ven,1987
130100,ven,1988
131500,ven,1989
148800,ven,1990
164500,ven,1991
165900,ven,1992
174900,ven,1993
182300,ven,1994
197200,ven,1995
222500,ven,1996
234600,ven,1997
232200,ven,1998
211200,ven,1999
221100,ven,2000
217000,ven,2001
203400,ven,2002
178900,ven,2003
218300,ven,2004
233300,ven,2005
233900,ven,2006
210500,ven,2007
208000,ven,2008
203500,ven,2009
14200,vnm,1971
13930,vnm,1972
14790,vnm,1973
15660,vnm,1974
16660,vnm,1975
17210,vnm,1976
17880,vnm,1977
18110,vnm,1978
18170,vnm,1979
18360,vnm,1980
19110,vnm,1981
19560,vnm,1982
19860,vnm,1983
19450,vnm,1984
20090,vnm,1985
20770,vnm,1986
21320,vnm,1987
22320,vnm,1988
23210,vnm,1989
24710,vnm,1990
26810,vnm,1991
28770,vnm,1992
30570,vnm,1993
31800,vnm,1994
34530,vnm,1995
37720,vnm,1996
40550,vnm,1997
43940,vnm,1998
45590,vnm,1999
48110,vnm,2000
50060,vnm,2001
53160,vnm,2002
54380,vnm,2003
65230,vnm,2004
69710,vnm,2005
72540,vnm,2006
73600,vnm,2007
71400,vnm,2008
76640,vnm,2009
48.72,yem,1971
50.15,yem,1972
50.15,yem,1973
51.58,yem,1974
53.01,yem,1975
54.45,yem,1976
55.88,yem,1977
57.31,yem,1978
58.74,yem,1979
60.18,yem,1980
61.61,yem,1981
63.04,yem,1982
64.48,yem,1983
65.91,yem,1984
68.77,yem,1985
426.6,yem,1986
1006,yem,1987
8046,yem,1988
9056,yem,1989
9384,yem,1990
10320,yem,1991
8929,yem,1992
10950,yem,1993
16950,yem,1994
17290,yem,1995
17470,yem,1996
18280,yem,1997
18630,yem,1998
19740,yem,1999
22030,yem,2000
22100,yem,2001
22230,yem,2002
21910,yem,2003
20640,yem,2004
20450,yem,2005
18730,yem,2006
16520,yem,2007
15270,yem,2008
15220,yem,2009
2692,zmb,1971
3047,zmb,1972
3119,zmb,1973
3364,zmb,1974
3469,zmb,1975
3614,zmb,1976
3796,zmb,1977
3804,zmb,1978
3894,zmb,1979
4029,zmb,1980
4156,zmb,1981
4350,zmb,1982
4328,zmb,1983
4445,zmb,1984
4584,zmb,1985
4699,zmb,1986
4618,zmb,1987
4795,zmb,1988
4692,zmb,1989
4918,zmb,1990
5103,zmb,1991
5050,zmb,1992
5250,zmb,1993
5258,zmb,1994
5352,zmb,1995
5350,zmb,1996
5490,zmb,1997
5641,zmb,1998
5788,zmb,1999
5925,zmb,2000
6069,zmb,2001
6215,zmb,2002
6355,zmb,2003
6436,zmb,2004
6621,zmb,2005
6791,zmb,2006
6903,zmb,2007
7034,zmb,2008
7241,zmb,2009
5103,zwe,1971
5023,zwe,1972
5283,zwe,1973
5449,zwe,1974
5358,zwe,1975
5736,zwe,1976
5618,zwe,1977
5594,zwe,1978
5738,zwe,1979
5793,zwe,1980
5685,zwe,1981
5834,zwe,1982
5949,zwe,1983
6091,zwe,1984
6436,zwe,1985
6815,zwe,1986
7639,zwe,1987
7777,zwe,1988
8000,zwe,1989
8550,zwe,1990
8978,zwe,1991
9026,zwe,1992
8622,zwe,1993
8462,zwe,1994
8381,zwe,1995
8255,zwe,1996
8058,zwe,1997
8244,zwe,1998
8723,zwe,1999
8618,zwe,2000
8605,zwe,2001
8643,zwe,2002
8596,zwe,2003
8611,zwe,2004
8860,zwe,2005
8678,zwe,2006
8630,zwe,2007
8533,zwe,2008
8530,zwe,2009
