geo,internal_renewable_water_cu_meters_per_person,time
afg,5506,1962
afg,4972,1967
afg,4418,1972
afg,3985,1977
afg,4103,1982
afg,4610,1987
afg,3744,1992
afg,2824,1997
afg,2476,2002
afg,2108,2007
alb,15710,1962
alb,13610,1967
alb,12000,1972
alb,10730,1977
alb,9684,1982
alb,8635,1987
alb,8225,1992
alb,8674,1997
alb,8684,2002
alb,8480,2007
dza,1003,1962
dza,894.6,1967
dza,770.3,1972
dza,658.9,1977
dza,559.7,1982
dza,480.8,1987
dza,423.8,1992
dza,385,1997
dza,358,2002
dza,337.2,2007
ago,28430,1962
ago,25860,1967
ago,23310,1972
ago,20630,1977
ago,17630,1982
ago,15150,1987
ago,13190,1992
ago,11430,1997
ago,10040,2002
ago,8939,2007
atg,914.1,1962
atg,805.9,1967
atg,714.4,1972
atg,687.4,1977
atg,737.3,1982
atg,802.2,1987
atg,823.4,1992
atg,726.6,1997
atg,653.2,2002
atg,618.3,2007
arg,12970,1962
arg,12040,1967
arg,11140,1972
arg,10270,1977
arg,9530,1982
arg,8843,1987
arg,8240,1992
arg,7734,1997
arg,7332,2002
arg,7053,2007
arm,1988,1992
arm,2182,1997
arm,2249,2002
arm,2279,2007
aus,45710,1962
aus,40890,1967
aus,37540,1972
aus,35100,1977
aus,32710,1982
aus,30490,1987
aus,28330,1992
aus,26590,1997
aus,25100,2002
aus,23960,2007
aut,7715,1962
aut,7476,1967
aut,7307,1972
aut,7260,1977
aut,7286,1982
aut,7220,1987
aut,6997,1992
aut,6800,1997
aut,6731,2002
aut,6605,2007
aze,1089,1992
aze,1019,1997
aze,986.2,2002
aze,965.4,2007
bhs,164.8,1962
bhs,130.7,1967
bhs,112.3,1972
bhs,101.6,1977
bhs,91.16,1982
bhs,82.64,1987
bhs,75.45,1992
bhs,68.99,1997
bhs,64.23,2002
bhs,61.11,2007
bhr,23.57,1962
bhr,19.81,1967
bhr,16.88,1972
bhr,13.29,1977
bhr,10.7,1982
bhr,9.016,1987
bhr,7.585,1992
bhr,6.584,1997
bhr,5.882,2002
bhr,5.413,2007
bgd,1843,1962
bgd,1623,1967
bgd,1430,1972
bgd,1268,1977
bgd,1125,1982
bgd,995.7,1987
bgd,887.5,1992
bgd,798.3,1997
bgd,724.4,2002
bgd,673.1,2007
brb,344.4,1962
brb,338.3,1967
brb,331.3,1972
brb,324.1,1977
brb,316.6,1982
brb,302.2,1987
brb,290.8,1992
brb,283,1997
brb,277.1,2002
brb,273.1,2007
blr,3613,1992
blr,3648,1997
blr,3738,2002
blr,3818,2007
bel,1293,1962
bel,1259,1967
bel,1237,1972
bel,1223,1977
bel,1222,1982
bel,1218,1987
bel,1201,1992
bel,1185,1997
bel,1168,2002
bel,1150,2007
blz,162900,1962
blz,141200,1967
blz,125300,1972
blz,116600,1977
blz,106200,1982
blz,93200,1987
blz,81420,1992
blz,70730,1997
blz,62240,2002
blz,56810,2007
ben,4297,1962
ben,3901,1967
ben,3468,1972
ben,3036,1977
ben,2597,1982
ben,2197,1987
ben,1848,1992
ben,1559,1997
ben,1337,2002
ben,1176,2007
btn,402900,1962
btn,351200,1967
btn,296800,1972
btn,247400,1977
btn,213500,1982
btn,185000,1987
btn,177600,1992
btn,183900,1997
btn,160800,2002
btn,146400,2007
bol,86640,1962
bol,77350,1967
bol,68650,1972
bol,60770,1977
bol,54260,1982
bol,48710,1987
bol,43450,1992
bol,38850,1997
bol,35040,2002
bol,32450,2007
bih,8953,1992
bih,10250,1997
bih,9148,2002
bih,9041,2007
bwa,4302,1962
bwa,3752,1967
bwa,3214,1972
bwa,2695,1977
bwa,2251,1982
bwa,1921,1987
bwa,1657,1992
bwa,1465,1997
bwa,1352,2002
bwa,1292,2007
bra,70140,1962
bra,60880,1967
bra,53790,1972
bra,47800,1977
bra,42530,1982
bra,38240,1987
bra,35080,1992
bra,32530,1997
bra,30230,2002
bra,28620,2007
brn,94890,1962
brn,75450,1967
brn,59940,1972
brn,48900,1977
brn,41460,1982
brn,36020,1987
brn,31260,1992
brn,27400,1997
brn,24320,2002
brn,22250,2007
bgr,2622,1962
bgr,2523,1967
bgr,2444,1972
bgr,2391,1977
bgr,2356,1982
bgr,2348,1987
bgr,2427,1992
bgr,2562,1997
bgr,2660,2002
bgr,2730,2007
bfa,2659,1962
bfa,2441,1967
bfa,2195,1972
bfa,1960,1977
bfa,1747,1982
bfa,1536,1987
bfa,1329,1992
bfa,1149,1997
bfa,987,2002
bfa,870.6,2007
bdi,3303,1962
bdi,3011,1967
bdi,2812,1972
bdi,2635,1977
bdi,2284,1982
bdi,1926,1987
bdi,1691,1992
bdi,1577,1997
bdi,1427,2002
bdi,1231,2007
khm,21160,1962
khm,18580,1967
khm,16980,1972
khm,17500,1977
khm,16910,1982
khm,13800,1987
khm,11610,1992
khm,10060,1997
khm,9094,2002
khm,8493,2007
cmr,48360,1962
cmr,43040,1967
cmr,37890,1972
cmr,32900,1977
cmr,28360,1982
cmr,24420,1987
cmr,21060,1992
cmr,18480,1997
cmr,16420,2002
cmr,15020,2007
can,153000,1962
can,139000,1967
can,127600,1972
can,120300,1977
can,113900,1982
can,107300,1987
can,100400,1992
can,95450,1997
can,91030,2002
can,87490,2007
cpv,1439,1962
cpv,1223,1967
cpv,1096,1972
cpv,1068,1977
cpv,1002,1982
cpv,901.5,1987
cpv,804.8,1992
cpv,713.7,1997
cpv,635.1,2002
cpv,578.5,2007
caf,88830,1962
caf,80220,1967
caf,72580,1972
caf,65410,1977
caf,57200,1982
caf,50250,1987
caf,44390,1992
caf,38900,1997
caf,35270,2002
caf,33060,2007
tcd,4841,1962
tcd,4349,1967
tcd,3880,1972
tcd,3462,1977
tcd,3106,1982
tcd,2700,1987
tcd,2306,1992
tcd,1965,1997
tcd,1645,2002
tcd,1433,2007
chl,109900,1962
chl,97920,1967
chl,89120,1972
chl,82500,1977
chl,76720,1982
chl,70650,1987
chl,64680,1992
chl,59620,1997
chl,56040,2002
chl,53690,2007
chn,4100,1962
chn,3644,1967
chn,3210,1972
chn,2919,1977
chn,2729,1982
chn,2544,1987
chn,2377,1992
chn,2260,1997
chn,2171,2002
chn,2117,2007
col,118100,1962
col,101900,1967
col,89410,1972
col,79720,1977
col,71290,1982
col,64240,1987
col,58310,1992
col,53290,1997
col,49090,2002
col,46360,2007
com,5364,1962
com,4748,1967
com,4141,1972
com,3497,1977
com,2894,1982
com,2482,1987
com,2153,1992
com,1867,1997
com,1626,2002
com,1466,2007
cog,210400,1962
cog,183500,1967
cog,157900,1972
cog,135100,1977
cog,115900,1982
cog,99920,1987
cog,86550,1992
cog,75140,1997
cog,65930,2002
cog,60170,2007
cri,78580,1962
cri,66890,1967
cri,58850,1972
cri,52020,1977
cri,45290,1982
cri,39500,1987
cri,34800,1992
cri,30750,1997
cri,27440,2002
cri,25550,2007
civ,20090,1962
civ,16470,1967
civ,13290,1972
civ,10620,1977
civ,8376,1982
civ,6732,1987
civ,5620,1992
civ,4846,1997
civ,4343,2002
civ,4062,2007
hrv,8215,1992
hrv,8164,1997
hrv,8367,2002
hrv,8275,2007
cub,5117,1962
cub,4615,1967
cub,4226,1972
cub,3960,1977
cub,3844,1982
cub,3708,1987
cub,3543,1992
cub,3457,1997
cub,3403,2002
cub,3383,2007
cyp,1350,1962
cyp,1310,1967
cyp,1266,1972
cyp,1286,1977
cyp,1252,1982
cyp,1181,1987
cyp,1116,1992
cyp,1036,1997
cyp,966.4,2002
cyp,922.4,2007
cze,1279,1997
cze,1289,2002
cze,1291,2007
prk,5837,1962
prk,5135,1967
prk,4456,1972
prk,4043,1977
prk,3764,1982
prk,3474,1987
prk,3225,1992
prk,3009,1997
prk,2879,2002
prk,2826,2007
cod,55310,1962
cod,47970,1967
cod,41130,1972
cod,35220,1977
cod,30250,1982
cod,26150,1987
cod,22000,1992
cod,18930,1997
cod,16810,2002
cod,14840,2007
dnk,1291,1962
dnk,1242,1967
dnk,1203,1972
dnk,1178,1977
dnk,1171,1982
dnk,1173,1987
dnk,1161,1992
dnk,1138,1997
dnk,1117,2002
dnk,1105,2007
dji,3137,1962
dji,2252,1967
dji,1652,1972
dji,1110,1977
dji,824.9,1982
dji,647.7,1987
dji,506.4,1992
dji,452.2,1997
dji,393.3,2002
dji,366.5,2007
dom,5862,1962
dom,4993,1967
dom,4318,1972
dom,3795,1977
dom,3385,1982
dom,3052,1987
dom,2770,1992
dom,2528,1997
dom,2324,2002
dom,2184,2007
ecu,91810,1962
ecu,79110,1967
ecu,68240,1972
ecu,59050,1977
ecu,51380,1982
ecu,45150,1987
ecu,40230,1992
ecu,36650,1997
ecu,34230,2002
ecu,32720,2007
egy,61.44,1962
egy,54.52,1967
egy,49,1972
egy,44.03,1977
egy,39.32,1982
egy,34.9,1987
egy,31.37,1992
egy,28.59,1997
egy,26.08,2002
egy,24.26,2007
slv,6486,1962
slv,5481,1967
slv,4653,1972
slv,4101,1977
slv,3798,1982
slv,3639,1987
slv,3347,1992
slv,3028,1997
slv,2777,2002
slv,2625,2007
gnq,100900,1962
gnq,91720,1967
gnq,96890,1972
gnq,126200,1977
gnq,106100,1982
gnq,80280,1987
gnq,73240,1992
gnq,64870,1997
gnq,57610,2002
gnq,52460,2007
eri,838.2,1997
eri,700.1,2002
eri,596.7,2007
est,8331,1992
est,9072,1997
est,9369,2002
est,9487,2007
eth,1908,1997
eth,1668,2002
eth,1506,2007
fji,67660,1962
fji,58520,1967
fji,52630,1972
fji,47800,1977
fji,42860,1982
fji,39760,1987
fji,38650,1992
fji,36460,1997
fji,35130,2002
fji,34260,2007
fin,23810,1962
fin,23340,1967
fin,23040,1972
fin,22580,1977
fin,22170,1982
fin,21670,1987
fin,21250,1992
fin,20820,1997
fin,20570,2002
fin,20340,2007
fra,3805,1962
fra,3594,1967
fra,3460,1972
fra,3354,1977
fra,3281,1982
fra,3196,1987
fra,3112,1992
fra,3047,1997
fra,2983,2002
fra,2910,2007
guf,3816000,1962
guf,3103000,1967
guf,2626000,1972
guf,2228000,1977
guf,1785000,1982
guf,1351000,1987
guf,1066000,1992
guf,900400,1997
guf,760900,2002
guf,679600,2007
pyf,118800,1962
pyf,100300,1967
pyf,84530,1972
pyf,72450,1977
pyf,62400,1982
pyf,54710,1987
pyf,49110,1992
pyf,44650,1997
pyf,40960,2002
pyf,38570,2007
gab,333800,1962
gab,321800,1967
gab,297000,1972
gab,260800,1977
gab,227400,1982
gab,195900,1987
gab,168500,1992
gab,147900,1997
gab,133600,2002
gab,125100,2007
gmb,7861,1962
gmb,6804,1967
gmb,5831,1972
gmb,4930,1977
gmb,4188,1982
gmb,3500,1987
gmb,2891,1992
gmb,2406,1997
gmb,2031,2002
gmb,1804,2007
geo,10900,1992
geo,11900,1997
geo,12600,2002
geo,13110,2007
deu,1445,1962
deu,1389,1967
deu,1362,1972
deu,1361,1977
deu,1373,1982
deu,1369,1987
deu,1331,1992
deu,1304,1997
deu,1297,2002
deu,1295,2007
gha,4006,1962
gha,3554,1967
gha,3173,1972
gha,2829,1977
gha,2496,1982
gha,2116,1987
gha,1838,1992
gha,1613,1997
gha,1436,2002
gha,1317,2007
grc,6879,1962
grc,6708,1967
grc,6538,1972
grc,6254,1977
grc,5921,1982
grc,5795,1987
grc,5607,1992
grc,5364,1997
grc,5254,2002
grc,5215,2007
grl,17120000,1962
grl,14260000,1967
grl,12510000,1972
grl,12100000,1977
grl,11780000,1982
grl,11100000,1987
grl,10820000,1992
grl,10810000,1997
grl,10640000,2002
grl,10430000,2007
gtm,25000,1962
gtm,21850,1967
gtm,19070,1972
gtm,16750,1977
gtm,14810,1982
gtm,13130,1987
gtm,11700,1992
gtm,10430,1997
gtm,9260,2002
gtm,8382,2007
gin,69810,1962
gin,62750,1967
gin,58140,1972
gin,53840,1977
gin,46980,1982
gin,41270,1987
gin,34560,1992
gin,29270,1997
gin,26550,2002
gin,24620,2007
gnb,28770,1962
gnb,28360,1967
gnb,26550,1972
gnb,22700,1977
gnb,19130,1982
gnb,17090,1987
gnb,14780,1992
gnb,12690,1997
gnb,10990,2002
gnb,9723,2007
guy,401500,1962
guy,357500,1967
guy,333900,1972
guy,323100,1977
guy,316200,1982
guy,324200,1987
guy,329200,1992
guy,326600,1997
guy,327400,2002
guy,326100,2007
hti,3231,1962
hti,2924,1967
hti,2666,1972
hti,2434,1977
hti,2184,1982
hti,1949,1987
hti,1758,1992
hti,1600,1997
hti,1468,2002
hti,1377,2007
hnd,44820,1962
hnd,38580,1967
hnd,33730,1972
hnd,29020,1977
hnd,24820,1982
hnd,21370,1987
hnd,18570,1992
hnd,16470,1997
hnd,14880,2002
hnd,13770,2007
hun,597.3,1962
hun,586.8,1967
hun,576.2,1972
hun,564.9,1977
hun,561.4,1982
hun,572.2,1987
hun,580.3,1992
hun,582.9,1997
hun,590.3,2002
hun,596.5,2007
isl,929700,1962
isl,863000,1967
isl,810600,1972
isl,764900,1977
isl,729200,1982
isl,688700,1987
isl,654100,1992
isl,623300,1997
isl,592400,2002
isl,569600,2007
ind,2715,1962
ind,2447,1967
ind,2196,1972
ind,1962,1977
ind,1749,1982
ind,1564,1987
ind,1404,1992
ind,1271,1997
ind,1165,2002
ind,1094,2007
idn,28320,1962
idn,25270,1967
idn,22470,1972
idn,20040,1977
idn,18010,1982
idn,16340,1987
idn,15040,1992
idn,13970,1997
idn,13050,2002
idn,12400,2007
irn,5612,1962
irn,4872,1967
irn,4210,1972
irn,3626,1977
irn,3006,1982
irn,2472,1987
irn,2171,1992
irn,2010,1997
irn,1907,2002
irn,1829,2007
irq,4508,1962
irq,3843,1967
irq,3254,1972
irq,2750,1977
irq,2351,1982
irq,2055,1987
irq,1790,1992
irq,1530,1997
irq,1338,2002
irq,1235,2007
irl,17260,1962
irl,16910,1967
irl,16170,1972
irl,14970,1977
irl,14100,1982
irl,13860,1987
irl,13860,1992
irl,13340,1997
irl,12480,2002
irl,11610,2007
isr,327.1,1962
isr,277.9,1967
isr,244.1,1972
isr,212.4,1977
isr,192.1,1982
isr,177.2,1987
isr,155.3,1992
isr,132,1997
isr,118.4,2002
isr,110.1,2007
ita,3582,1962
ita,3455,1967
ita,3348,1972
ita,3263,1977
ita,3226,1982
ita,3224,1987
ita,3206,1992
ita,3177,1997
ita,3144,2002
ita,3105,2007
jam,5601,1962
jam,5213,1967
jam,4885,1972
jam,4565,1977
jam,4273,1982
jam,4034,1987
jam,3900,1992
jam,3719,1997
jam,3578,2002
jam,3485,2007
jpn,4483,1962
jpn,4262,1967
jpn,4012,1972
jpn,3776,1977
jpn,3627,1982
jpn,3523,1987
jpn,3457,1992
jpn,3409,1997
jpn,3373,2002
jpn,3361,2007
jor,708.7,1962
jor,524.9,1967
jor,384.8,1972
jor,334.2,1977
jor,283.9,1982
jor,236.2,1987
jor,185.9,1992
jor,150.2,1997
jor,134.9,2002
jor,119,2007
kaz,4591,1992
kaz,4874,1997
kaz,5050,2002
kaz,4925,2007
ken,2395,1962
ken,2034,1967
ken,1710,1972
ken,1423,1977
ken,1178,1982
ken,978.7,1987
ken,827.3,1992
ken,715.9,1997
ken,628.9,2002
ken,566.3,2007
kgz,11640,1987
kgz,10370,1992
kgz,9833,1997
kgz,9185,2002
kgz,8833,2007
lao,91170,1962
lao,80560,1967
lao,70510,1972
lao,63730,1977
lao,58810,1982
lao,51130,1987
lao,44030,1992
lao,38710,1997
lao,35250,2002
lao,33060,2007
lva,6409,1992
lva,6875,1997
lva,7139,2002
lva,7313,2007
lbn,2389,1962
lbn,2099,1967
lbn,1866,1972
lbn,1731,1977
lbn,1700,1982
lbn,1656,1987
lbn,1520,1992
lbn,1322,1997
lbn,1241,2002
lbn,1184,2007
lso,5931,1962
lso,5386,1967
lso,4858,1972
lso,4346,1977
lso,3826,1982
lso,3420,1987
lso,3176,1992
lso,2926,1997
lso,2707,2002
lso,2622,2007
lbr,180300,1962
lbr,157200,1967
lbr,136100,1972
lbr,117500,1977
lbr,99640,1982
lbr,91270,1987
lbr,96550,1992
lbr,80760,1997
lbr,61600,2002
lbr,55880,2007
lby,413.4,1962
lby,341.1,1967
lby,276.5,1972
lby,223.7,1977
lby,177.5,1982
lby,146.9,1987
lby,131.9,1992
lby,119.3,1997
lby,107.8,2002
lby,99.36,2007
ltu,4213,1992
ltu,4349,1997
ltu,4487,2002
ltu,4566,2007
lux,3115,1962
lux,2988,1967
lux,2883,1972
lux,2757,1977
lux,2743,1982
lux,2695,1987
lux,2554,1992
lux,2379,1997
lux,2247,2002
lux,2168,2007
mdg,59690,1962
mdg,52560,1967
mdg,46150,1972
mdg,40400,1977
mdg,35160,1982
mdg,30510,1987
mdg,26420,1992
mdg,22760,1997
mdg,19660,2002
mdg,17590,2007
mwi,4366,1962
mwi,3867,1967
mwi,3366,1972
mwi,2860,1977
mwi,2465,1982
mwi,1982,1987
mwi,1648,1992
mwi,1522,1997
mwi,1316,2002
mwi,1189,2007
mys,66890,1962
mys,57750,1967
mys,50840,1972
mys,45200,1977
mys,40090,1982
mys,34920,1987
mys,30390,1992
mys,26770,1997
mys,23910,2002
mys,22210,2007
mdv,292.8,1962
mdv,264.1,1967
mdv,235.7,1972
mdv,206.8,1977
mdv,179,1982
mdv,153.2,1987
mdv,131,1992
mdv,116,1997
mdv,106.5,2002
mdv,99.9,2007
mli,14400,1962
mli,13100,1967
mli,11790,1972
mli,10550,1977
mli,9459,1982
mli,8423,1987
mli,7432,1992
mli,6514,1997
mli,5657,2002
mli,5013,2007
mlt,163.3,1962
mlt,166.4,1967
mlt,167.2,1972
mlt,162.6,1977
mlt,151.8,1982
mlt,143.9,1987
mlt,137.5,1992
mlt,132,1997
mlt,128,2002
mlt,124.8,2007
mrt,426.5,1962
mrt,375.9,1967
mrt,329.7,1972
mrt,288.4,1977
mrt,252.3,1982
mrt,221.8,1987
mrt,195.1,1992
mrt,169.9,1997
mrt,147,2002
mrt,131.4,2007
mus,3939,1962
mus,3506,1967
mus,3228,1972
mus,2983,1977
mus,2782,1982
mus,2669,1987
mus,2543,1992
mus,2391,1997
mus,2276,2002
mus,2198,2007
mex,10130,1962
mex,8645,1967
mex,7380,1972
mex,6367,1977
mex,5646,1982
mex,5134,1987
mex,4699,1992
mex,4296,1997
mex,4020,2002
mex,3883,2007
mng,34470,1962
mng,30130,1967
mng,26180,1972
mng,22730,1977
mng,19840,1982
mng,17110,1987
mng,15110,1992
mng,14350,1997
mng,13870,2002
mng,13360,2007
mar,2363,1962
mar,2057,1967
mar,1801,1972
mar,1597,1977
mar,1405,1982
mar,1242,1987
mar,1128,1992
mar,1046,1997
mar,983.2,2002
mar,939.9,2007
moz,12600,1962
moz,11340,1967
moz,10160,1972
moz,8950,1977
moz,7885,1982
moz,7510,1987
moz,7005,1992
moz,5943,1997
moz,5242,2002
moz,4783,2007
mmr,40040,1962
mmr,35830,1967
mmr,31760,1972
mmr,28200,1977
mmr,25380,1982
mmr,23070,1987
mmr,21280,1992
mmr,19880,1997
mmr,18830,2002
mmr,18200,2007
nam,9801,1962
nam,8652,1967
nam,7516,1972
nam,6599,1977
nam,5949,1982
nam,4982,1987
nam,4054,1992
nam,3517,1997
nam,3172,2002
nam,3010,2007
npl,19020,1962
npl,17330,1967
npl,15630,1972
npl,13990,1977
npl,12490,1982
npl,11130,1987
npl,9865,1992
npl,8706,1997
npl,7775,2002
npl,7170,2007
nld,931.6,1962
nld,872.7,1967
nld,826.7,1972
nld,792.5,1977
nld,769.8,1982
nld,750.3,1987
nld,725.9,1992
nld,702.8,1997
nld,683.1,2002
nld,671.6,2007
nzl,132000,1962
nzl,120900,1967
nzl,111500,1972
nzl,105200,1977
nzl,103700,1982
nzl,98940,1987
nzl,93070,1992
nzl,87210,1997
nzl,82820,2002
nzl,78990,2007
nic,101200,1962
nic,86980,1967
nic,74390,1972
nic,63670,1977
nic,55110,1982
nic,48890,1987
nic,43660,1992
nic,39080,1997
nic,36100,2002
nic,34300,2007
ner,1075,1962
ner,914,1967
ner,778.9,1972
ner,664.5,1977
ner,570,1982
ner,491.4,1987
ner,418.6,1992
ner,350.7,1997
ner,293.1,2002
ner,254.8,2007
nga,4982,1962
nga,4424,1967
nga,3912,1972
nga,3404,1977
nga,2941,1982
nga,2556,1987
nga,2208,1992
nga,1919,1997
nga,1683,2002
nga,1527,2007
nor,105000,1962
nor,100900,1967
nor,97090,1972
nor,94470,1977
nor,92910,1982
nor,91290,1987
nor,89130,1992
nor,86640,1997
nor,84000,2002
nor,81820,2007
pse,705.3,1962
pse,700.4,1967
pse,717.3,1972
pse,607.1,1977
pse,510.8,1982
pse,422.3,1987
pse,348.6,1992
pse,287.8,1997
pse,239.7,2002
pse,208.8,2007
omn,2358,1962
omn,2063,1967
omn,1741,1972
omn,1381,1977
omn,1060,1982
omn,846,1987
omn,707.8,1992
omn,613.7,1997
omn,572.8,2002
omn,549.8,2007
pak,1132,1962
pak,998.8,1967
pak,875,1972
pak,761.4,1977
pak,647,1982
pak,537.7,1987
pak,461.9,1992
pak,409.2,1997
pak,366.6,2002
pak,341.7,2007
pan,123500,1962
pan,106700,1967
pan,92610,1972
pan,81310,1977
pan,72280,1982
pan,65010,1987
pan,58690,1992
pan,53010,1997
pan,48130,2002
pan,44840,2007
png,371300,1962
png,335400,1967
png,299400,1972
png,267700,1977
png,238200,1982
png,209300,1987
png,184100,1992
png,161200,1997
png,141500,2002
png,129200,2007
pry,46760,1962
pry,40910,1967
pry,36040,1972
pry,31870,1977
pry,27740,1982
pry,23990,1987
pry,21040,1992
pry,18730,1997
pry,16870,2002
pry,15630,2007
per,153700,1962
per,133200,1967
per,115800,1972
per,100900,1977
per,88790,1982
per,79130,1987
per,71410,1992
per,65660,1997
per,61400,2002
per,58570,2007
phl,16640,1962
phl,14300,1967
phl,12390,1972
phl,10790,1977
phl,9478,1982
phl,8403,1987
phl,7469,1992
phl,6692,1997
phl,6026,2002
phl,5553,2007
pol,1761,1962
pol,1677,1967
pol,1616,1972
pol,1549,1977
pol,1478,1982
pol,1424,1987
pol,1397,1992
pol,1389,1997
pol,1398,2002
pol,1405,2007
prt,4242,1962
prt,4286,1967
prt,4338,1972
prt,4054,1977
prt,3831,1982
prt,3795,1987
prt,3806,1992
prt,3766,1997
prt,3673,2002
prt,3592,2007
pri,2902,1962
pri,2689,1967
pri,2541,1972
pri,2332,1977
pri,2166,1982
pri,2065,1987
pri,1975,1992
pri,1890,1997
pri,1829,2002
pri,1789,2007
qat,1058,1962
qat,664.5,1967
qat,415.8,1972
qat,294.3,1977
qat,202.2,1982
qat,136.7,1987
qat,113.5,1992
qat,101.3,1997
qat,81.51,2002
qat,68.18,2007
kor,2453,1962
kor,2169,1967
kor,1948,1972
kor,1778,1977
kor,1653,1982
kor,1556,1987
kor,1483,1992
kor,1416,1997
kor,1372,2002
kor,1350,2007
mda,226.7,1992
mda,232.3,1997
mda,248,2002
mda,260.9,2007
reu,14100,1962
reu,11910,1967
reu,10550,1972
reu,10200,1977
reu,9546,1982
reu,8707,1987
reu,7975,1992
reu,7269,1997
reu,6675,2002
reu,6280,2007
rou,2269,1962
rou,2171,1967
rou,2046,1972
rou,1954,1977
rou,1885,1982
rou,1841,1987
rou,1833,1992
rou,1884,1997
rou,1929,2002
rou,1965,2007
rus,28880,1992
rus,29010,1997
rus,29510,2002
rus,30110,2007
rwa,3159,1962
rwa,2788,1967
rwa,2363,1972
rwa,2019,1977
rwa,1719,1982
rwa,1399,1987
rwa,1438,1992
rwa,1493,1997
rwa,1084,2002
rwa,1004,2007
kna,470.9,1962
kna,506.6,1967
kna,541.4,1972
kna,546.4,1977
kna,561.7,1982
kna,581.4,1987
kna,580.7,1992
kna,542.1,1997
kna,507.7,2002
kna,482.2,2007
stp,33810,1962
stp,32230,1967
stp,28350,1972
stp,25050,1977
stp,22130,1982
stp,20090,1987
stp,18030,1992
stp,16420,1997
stp,15020,2002
stp,14050,2007
sau,553.7,1962
sau,467.7,1967
sau,383.2,1972
sau,297.1,1977
sau,221.7,1982
sau,167.7,1987
sau,140,1992
sau,125,1997
sau,109.5,2002
sau,99.27,2007
sen,7448,1962
sen,6430,1967
sen,5510,1972
sen,4770,1977
sen,4150,1982
sen,3573,1987
sen,3089,1992
sen,2702,1997
sen,2369,2002
sen,2137,2007
scg,4219,1992
scg,4039,1997
scg,4127,2002
scg,4202,2007
sle,68590,1962
sle,62720,1967
sle,57270,1972
sle,52360,1977
sle,47670,1982
sle,42090,1987
sle,38690,1992
sle,37950,1997
sle,32490,2002
sle,27860,2007
sgp,344.2,1962
sgp,305.9,1967
sgp,278.7,1972
sgp,258.9,1977
sgp,238.1,1982
sgp,212.5,1987
sgp,188.6,1992
sgp,162,1997
sgp,144.1,2002
sgp,136.9,2007
svk,2341,1997
svk,2339,2002
svk,2338,2007
svn,9460,1997
svn,9378,2002
svn,9331,2007
slb,356000,1962
slb,306300,1967
slb,258900,1972
slb,216300,1977
slb,181900,1982
slb,155000,1987
slb,134600,1992
slb,116800,1997
slb,102100,2002
slb,92350,2007
som,2033,1962
som,1793,1967
som,1632,1972
som,1184,1977
som,898.5,1982
som,913.5,1987
som,920.8,1992
som,932.7,1997
som,800.6,2002
som,710.4,2007
zaf,2445,1962
zaf,2149,1967
zaf,1887,1972
zaf,1659,1977
zaf,1463,1982
zaf,1304,1987
zaf,1164,1992
zaf,1036,1997
zaf,961.8,2002
zaf,927.9,2007
esp,3580,1962
esp,3398,1967
esp,3221,1972
esp,3048,1977
esp,2927,1982
esp,2880,1987
esp,2847,1992
esp,2812,1997
esp,2687,2002
esp,2534,2007
lka,4903,1962
lka,4344,1967
lka,3882,1972
lka,3522,1977
lka,3251,1982
lka,3039,1987
lka,2852,1992
lka,2721,1997
lka,2647,2002
lka,2603,2007
sdn,2506,1962
sdn,2232,1967
sdn,1957,1972
sdn,1681,1977
sdn,1428,1982
sdn,1239,1987
sdn,1100,1992
sdn,966.4,1997
sdn,863.2,2002
sdn,795.6,2007
sur,287100,1962
sur,250500,1967
sur,235600,1972
sur,245500,1977
sur,241400,1982
sur,224200,1987
sur,215900,1992
sur,207700,1997
sur,198400,2002
sur,193300,2007
swz,7126,1962
swz,6317,1967
swz,5488,1972
swz,4703,1977
swz,4052,1982
swz,3405,1987
swz,2911,1992
swz,2643,1997
swz,2424,2002
swz,2329,2007
swe,22580,1962
swe,21750,1967
swe,21060,1972
swe,20740,1977
swe,20550,1982
swe,20330,1987
swe,19700,1992
swe,19310,1997
swe,19170,2002
swe,18840,2007
che,7266,1962
che,6719,1967
che,6441,1972
che,6383,1977
che,6333,1982
che,6075,1987
che,5800,1992
che,5613,1997
che,5516,2002
che,5419,2007
syr,1452,1962
syr,1237,1967
syr,1047,1972
syr,884.1,1977
syr,737.2,1982
syr,615.9,1987
syr,529,1992
syr,464.9,1997
syr,409.6,2002
syr,367.5,2007
tjk,14550,1987
tjk,12010,1992
tjk,11170,1997
tjk,10490,2002
tjk,9985,2007
tha,7134,1962
tha,6130,1967
tha,5352,1972
tha,4763,1977
tha,4331,1982
tha,4019,1987
tha,3777,1992
tha,3570,1997
tha,3405,2002
tha,3310,2007
mkd,2792,1992
mkd,2723,1997
mkd,2671,2002
mkd,2652,2007
tgo,7130,1962
tgo,6145,1967
tgo,5056,1972
tgo,4485,1977
tgo,3845,1982
tgo,3192,1987
tgo,2760,1992
tgo,2373,1997
tgo,2002,2002
tgo,1794,2007
tto,4419,1962
tto,4148,1967
tto,3883,1972
tto,3710,1977
tto,3423,1982
tto,3197,1987
tto,3091,1992
tto,2991,1997
tto,2931,2002
tto,2891,2007
tun,958.6,1962
tun,870,1967
tun,787.6,1972
tun,704,1977
tun,616.8,1982
tun,545.4,1987
tun,491.1,1992
tun,454.7,1997
tun,428.9,2002
tun,410.7,2007
tur,7640,1962
tur,6756,1967
tur,5950,1972
tur,5254,1977
tur,4668,1982
tur,4182,1987
tur,3817,1992
tur,3495,1997
tur,3237,2002
tur,3071,2007
tkm,421.7,1987
tkm,350.1,1992
tkm,313.8,1997
tkm,293.7,2002
tkm,277.6,2007
uga,5388,1962
uga,4549,1967
uga,3897,1972
uga,3374,1977
uga,2902,1982
uga,2449,1987
uga,2033,1992
uga,1727,1997
uga,1484,2002
uga,1304,2007
ukr,1031,1992
ukr,1057,1997
ukr,1106,2002
ukr,1141,2007
are,1380,1962
are,920.6,1967
are,473.1,1972
are,208.8,1977
are,127.1,1982
are,94.79,1987
are,72.46,1992
are,54.86,1997
are,41.63,2002
are,35.31,2007
gbr,2729,1962
gbr,2637,1967
gbr,2591,1972
gbr,2576,1977
gbr,2573,1982
gbr,2553,1987
gbr,2521,1992
gbr,2488,1997
gbr,2442,2002
gbr,2396,2007
tza,7865,1962
tza,6774,1967
tza,5794,1972
tza,4938,1977
tza,4224,1982
tza,3619,1987
tza,3084,1992
tza,2667,1997
tza,2359,2002
tza,2129,2007
usa,14600,1962
usa,13730,1967
usa,13080,1972
usa,12480,1977
usa,11880,1982
usa,11280,1987
usa,10700,1992
usa,10140,1997
usa,9628,2002
usa,9246,2007
ury,22670,1962
ury,21460,1967
ury,20920,1972
ury,20660,1977
ury,19990,1982
ury,19370,1987
ury,18730,1992
ury,18070,1997
ury,17740,2002
ury,17710,2007
uzb,759.7,1992
uzb,689.8,1997
uzb,642,2002
uzb,605.6,2007
ven,88420,1962
ven,74350,1967
ven,62960,1972
ven,52870,1977
ven,45190,1982
ven,39550,1987
ven,34940,1992
ven,31400,1997
ven,28520,2002
ven,26570,2007
vnm,10370,1962
vnm,9166,1967
vnm,8158,1972
vnm,7339,1977
vnm,6627,1982
vnm,5925,1987
vnm,5302,1992
vnm,4839,1997
vnm,4500,2002
vnm,4251,2007
yem,385.6,1962
yem,348,1967
yem,316.6,1972
yem,278.6,1977
yem,232.4,1982
yem,192.4,1987
yem,154.9,1992
yem,126.2,1997
yem,108.8,2002
yem,96.63,2007
zmb,24100,1962
zmb,20690,1967
zmb,17580,1972
zmb,14870,1977
zmb,12640,1982
zmb,10790,1987
zmb,9354,1992
zmb,8232,1997
zmb,7378,2002
zmb,6857,2007
zwe,3062,1962
zwe,2600,1967
zwe,2201,1972
zwe,1864,1977
zwe,1558,1982
zwe,1288,1987
zwe,1108,1992
zwe,1005,1997
zwe,953.4,2002
zwe,926.8,2007
