@@,geo,time,mean_years_in_school_women_25_to_34_years,changes(%)
->,afg,1970,0.1->0.21,110.00
->,ago,1970,1->1.42,42.00
->,alb,1970,6->5.33,11.17
+++,and,1970,8.1,
->,are,1970,3.6->4.11,14.17
->,arm,1970,7.5->6.39,14.80
->,aus,1970,9.5->8.34,12.21
->,bdi,1970,0.6->1,66.67
->,ben,1970,0.5->0.66,32.00
->,bfa,1970,0.2->0.36,80.00
->,bgd,1970,0.8->1.14,42.50
->,bhr,1970,2.6->3.26,25.38
->,bhs,1970,7.2->6.39,11.25
->,bih,1970,3.3->4.37,32.42
->,blr,1970,8.4->7.48,10.95
->,blz,1970,4.5->3.54,21.33
->,bol,1970,2.7->3.39,25.56
->,bra,1970,2.9->3.33,14.83
+++,brb,1970,4.33,
+++,brn,1970,7.36,
+++,btn,1970,0.8,
->,bwa,1970,2->2.36,18.00
->,caf,1970,0.5->1.13,126.00
->,chn,1970,2.4->3.57,48.75
->,civ,1970,0.6->0.94,56.67
->,cmr,1970,1.4->1.77,26.43
->,cod,1970,1.4->1.84,31.43
->,cog,1970,1.8->2.61,45.00
->,com,1970,0.6->1.54,156.67
->,cpv,1970,1.1->1.74,58.18
->,cze,1970,9.4->7.89,16.06
->,dji,1970,0.4->0.99,147.50
+++,dma,1970,5.33,
->,dom,1970,3.6->4.12,14.44
->,dza,1970,1.4->2.34,67.14
->,egy,1970,1.7->2.49,46.47
->,eri,1970,0.3->0.97,223.33
->,esp,1970,3.6->5.84,62.22
->,eth,1970,0.2->0.91,355.00
->,fin,1970,7.3->8.16,11.78
+++,fsm,1970,5.52,
->,gab,1970,2.5->4.35,74.00
->,gbr,1970,8.9->7.83,12.02
->,geo,1970,9.1->7.5,17.58
->,gin,1970,0.3->0.47,56.67
->,gmb,1970,0.6->0.84,40.00
->,gnb,1970,0.3->0.51,70.00
->,gnq,1970,1.8->2.22,23.33
+++,grd,1970,4.33,
->,gtm,1970,1.4->2.01,43.57
->,guy,1970,4->4.55,13.75
->,hrv,1970,4.8->5.77,20.21
->,hti,1970,0.8->1.73,116.25
->,idn,1970,1.9->2.89,52.11
->,ind,1970,1.1->1.3,18.18
->,irq,1970,2.8->1.55,44.64
+++,isl,1970,7.68,
->,ita,1970,6.7->7.7,14.93
->,jam,1970,6.4->5.51,13.91
->,jor,1970,2.8->4,42.86
->,ken,1970,1.7->2.28,34.12
->,khm,1970,1.2->1.63,35.83
->,kwt,1970,3->4.21,40.33
->,lao,1970,0.9->1.69,87.78
->,lbn,1970,3.4->4.32,27.06
->,lbr,1970,0.6->0.68,13.33
+++,lby,1970,1.77,
->,lca,1970,5.6->5,10.71
->,lka,1970,4.7->5.26,11.91
->,lva,1970,9.2->7.56,17.83
->,mar,1970,0.6->1.17,95.00
->,mdg,1970,1.6->1.91,19.37
->,mdv,1970,3.1->2.53,18.39
->,mex,1970,3.5->3.97,13.43
->,mli,1970,0.3->0.33,10.00
+++,mlt,1970,5.82,
->,mmr,1970,1.9->2.4,26.32
->,mng,1970,5.9->5.25,11.02
->,moz,1970,0.6->0.78,30.00
->,mrt,1970,0.4->1.2,200.00
->,mus,1970,2.6->3.24,24.62
->,mwi,1970,1->1.29,29.00
->,mys,1970,3.2->3.79,18.44
->,nam,1970,2.8->3.46,23.57
->,ner,1970,0.1->0.32,220.00
->,nga,1970,1.2->1.88,56.67
->,nic,1970,3.6->3.21,10.83
->,nor,1970,6.9->8.37,21.30
->,npl,1970,0.2->0.62,210.00
->,nzl,1970,7.4->8.2,10.81
->,omn,1970,1.3->2.57,97.69
->,pak,1970,0.5->0.81,62.00
->,per,1970,3.8->4.6,21.05
->,png,1970,1->1.74,74.00
+++,prk,1970,4.61,
->,prt,1970,3.6->4.53,25.83
->,pry,1970,3.3->3.93,19.09
->,pse,1970,3.1->4.33,39.68
->,qat,1970,3.1->4.03,30.00
->,rus,1970,6.6->8.11,22.88
->,rwa,1970,0.9->1.31,45.56
->,sau,1970,1.3->2.77,113.08
->,sdn,1970,0.7->1.34,91.43
->,sen,1970,0.6->0.73,21.67
->,sgp,1970,4->5.24,31.00
->,slb,1970,1.6->1.87,16.88
->,sle,1970,0.4->0.5,25.00
->,som,1970,0.2->0.47,135.00
+++,ssd,1970,0.27,
->,stp,1970,1.5->1.73,15.33
->,svk,1970,5.9->7.17,21.53
->,svn,1970,6.1->6.87,12.62
->,swz,1970,2.2->3.22,46.36
->,syc,1970,4.9->4.34,11.43
->,syr,1970,1.4->1.95,39.29
->,tcd,1970,0.2->0.37,85.00
->,tgo,1970,0.6->1.04,73.33
->,tls,1970,0.5->1.94,288.00
->,ton,1970,6.7->5.99,10.60
->,tun,1970,1->1.51,51.00
->,tur,1970,1.8->2.93,62.78
->,twn,1970,4.2->6.32,50.48
->,tza,1970,1.6->2.22,38.75
->,uga,1970,1.3->1.75,34.62
->,ukr,1970,8.9->7.29,18.09
+++,vct,1970,4.33,
->,vnm,1970,4.4->3.61,17.95
->,vut,1970,2.5->3.05,22.00
->,yem,1970,0.1->0.25,150.00
->,zaf,1970,3.8->5.18,36.32
->,zwe,1970,2.6->3.66,40.77
->,afg,1971,0.1->0.22,120.00
->,ago,1971,1.1->1.46,32.73
->,alb,1971,6.2->5.47,11.77
+++,and,1971,8.26,
->,are,1971,3.8->4.24,11.58
->,arm,1971,7.7->6.54,15.06
->,atg,1971,8.3->7.46,10.12
->,aus,1971,9.6->8.5,11.46
->,bdi,1971,0.6->1.04,73.33
->,ben,1971,0.5->0.68,36.00
->,bfa,1971,0.2->0.37,85.00
->,bgd,1971,0.9->1.18,31.11
->,bhr,1971,2.8->3.38,20.71
->,bhs,1971,7.4->6.54,11.62
->,bih,1971,3.4->4.48,31.76
->,blr,1971,8.6->7.64,11.16
->,blz,1971,4.7->3.64,22.55
->,bol,1971,2.9->3.49,20.34
->,bra,1971,3.1->3.43,10.65
+++,brb,1971,4.44,
+++,brn,1971,7.52,
+++,btn,1971,0.82,
->,bwa,1971,2.1->2.44,16.19
->,caf,1971,0.6->1.17,95.00
->,chn,1971,2.6->3.67,41.15
->,civ,1971,0.6->0.98,63.33
->,cmr,1971,1.5->1.84,22.67
->,cod,1971,1.5->1.9,26.67
->,cog,1971,1.9->2.7,42.11
->,com,1971,0.6->1.59,165.00
->,cpv,1971,1.2->1.8,50.00
->,cze,1971,9.6->8.06,16.04
->,dji,1971,0.5->1.03,106.00
+++,dma,1971,5.46,
->,dom,1971,3.8->4.24,11.58
->,dza,1971,1.5->2.42,61.33
->,egy,1971,1.8->2.57,42.78
->,eri,1971,0.3->1,233.33
->,esp,1971,3.8->5.99,57.63
->,est,1971,8.3->7.45,10.24
->,eth,1971,0.2->0.95,375.00
+++,fsm,1971,5.66,
->,gab,1971,2.6->4.47,71.92
->,gbr,1971,9.1->7.99,12.20
->,geo,1971,9.3->7.67,17.53
->,gin,1971,0.3->0.48,60.00
->,gmb,1971,0.6->0.87,45.00
->,gnb,1971,0.3->0.53,76.67
->,gnq,1971,1.9->2.29,20.53
+++,grd,1971,4.44,
->,gtm,1971,1.5->2.07,38.00
->,guy,1971,4.1->4.66,13.66
->,hrv,1971,5->5.91,18.20
->,hti,1971,0.9->1.79,98.89
->,idn,1971,2.1->2.98,41.90
->,ind,1971,1.1->1.34,21.82
->,irq,1971,2.8->1.62,42.14
+++,isl,1971,7.85,
->,ita,1971,6.9->7.85,13.77
->,jam,1971,6.6->5.64,14.55
->,jor,1971,3->4.14,38.00
->,ken,1971,1.8->2.37,31.67
->,khm,1971,1.3->1.68,29.23
->,kwt,1971,3.2->4.34,35.62
->,lao,1971,1->1.74,74.00
->,lbn,1971,3.6->4.44,23.33
->,lbr,1971,0.6->0.71,18.33
+++,lby,1971,1.83,
->,lca,1971,5.8->5.13,11.55
->,lva,1971,9.3->7.72,16.99
->,mar,1971,0.7->1.21,72.86
->,mdg,1971,1.7->1.97,15.88
->,mdv,1971,3.2->2.6,18.75
->,mex,1971,3.7->4.08,10.27
->,mli,1971,0.3->0.34,13.33
+++,mlt,1971,5.95,
->,mmr,1971,2->2.48,24.00
->,mng,1971,6.1->5.38,11.80
->,moz,1971,0.6->0.81,35.00
->,mrt,1971,0.5->1.24,148.00
->,mus,1971,2.8->3.35,19.64
->,mwi,1971,1.1->1.33,20.91
->,mys,1971,3.3->3.92,18.79
->,nam,1971,3->3.56,18.67
->,ner,1971,0.1->0.34,240.00
->,nga,1971,1.3->1.94,49.23
->,nic,1971,3.7->3.3,10.81
->,nor,1971,7.3->8.54,16.99
->,npl,1971,0.2->0.65,225.00
->,omn,1971,1.3->2.65,103.85
->,pak,1971,0.5->0.84,68.00
->,per,1971,3.9->4.73,21.28
->,png,1971,1->1.8,80.00
+++,prk,1971,4.73,
->,prt,1971,3.8->4.65,22.37
->,pry,1971,3.5->4.04,15.43
->,pse,1971,3.2->4.45,39.06
->,qat,1971,3.3->4.14,25.45
->,rus,1971,6.9->8.27,19.86
->,rwa,1971,0.9->1.36,51.11
->,sau,1971,1.4->2.85,103.57
->,sdn,1971,0.8->1.39,73.75
->,sen,1971,0.6->0.75,25.00
->,sgp,1971,4.2->5.38,28.10
->,slb,1971,1.7->1.94,14.12
->,som,1971,0.2->0.49,145.00
+++,ssd,1971,0.28,
->,stp,1971,1.6->1.78,11.25
->,svk,1971,6.2->7.33,18.23
->,swz,1971,2.4->3.32,38.33
->,syc,1971,5->4.47,10.60
->,syr,1971,1.5->2.02,34.67
->,tcd,1971,0.2->0.38,90.00
->,tgo,1971,0.6->1.08,80.00
->,tls,1971,0.5->2,300.00
->,ton,1971,6.9->6.13,11.16
->,tun,1971,1.1->1.58,43.64
->,tur,1971,1.9->3.02,58.95
->,twn,1971,4.5->6.49,44.22
->,tza,1971,1.7->2.3,35.29
->,uga,1971,1.3->1.81,39.23
->,ukr,1971,9.1->7.45,18.13
+++,vct,1971,4.44,
->,vnm,1971,4.6->3.71,19.35
->,vut,1971,2.6->3.14,20.77
->,yem,1971,0.1->0.26,160.00
->,zaf,1971,3.9->5.29,35.64
->,zwe,1971,2.7->3.76,39.26
->,afg,1972,0.1->0.22,120.00
->,ago,1972,1.1->1.51,37.27
->,alb,1972,6.3->5.6,11.11
+++,and,1972,8.43,
->,arm,1972,7.8->6.69,14.23
->,atg,1972,8.5->7.61,10.47
->,aus,1972,9.8->8.65,11.73
->,bdi,1972,0.7->1.07,52.86
->,ben,1972,0.5->0.7,40.00
->,bfa,1972,0.2->0.39,95.00
->,bgd,1972,0.9->1.22,35.56
->,bhr,1972,3->3.5,16.67
->,bhs,1972,7.6->6.69,11.97
->,bih,1972,3.6->4.6,27.78
->,blr,1972,8.8->7.8,11.36
->,blz,1972,4.9->3.74,23.67
->,bol,1972,3->3.59,19.67
->,bra,1972,3.2->3.53,10.31
+++,brb,1972,4.56,
+++,brn,1972,7.68,
+++,btn,1972,0.85,
->,bwa,1972,2.2->2.53,15.00
->,caf,1972,0.6->1.2,100.00
->,chn,1972,2.7->3.77,39.63
->,civ,1972,0.6->1.01,68.33
->,cmr,1972,1.5->1.9,26.67
->,cod,1972,1.6->1.96,22.50
->,cog,1972,2->2.78,39.00
->,com,1972,0.7->1.65,135.71
->,cpv,1972,1.2->1.86,55.00
->,cub,1972,6.9->6.21,10.00
->,cze,1972,9.8->8.23,16.02
->,dji,1972,0.5->1.06,112.00
+++,dma,1972,5.6,
->,dom,1972,3.9->4.36,11.79
->,dza,1972,1.6->2.49,55.62
->,egy,1972,2->2.66,33.00
->,eri,1972,0.4->1.03,157.50
->,esp,1972,4->6.13,53.25
->,est,1972,8.5->7.61,10.47
->,eth,1972,0.2->0.98,390.00
+++,fsm,1972,5.8,
->,gab,1972,2.7->4.59,70.00
->,gbr,1972,9.3->8.15,12.37
->,geo,1972,9.5->7.83,17.58
->,gin,1972,0.3->0.5,66.67
->,gmb,1972,0.6->0.9,50.00
->,gnb,1972,0.3->0.55,83.33
->,gnq,1972,2->2.35,17.50
+++,grd,1972,4.56,
->,gtm,1972,1.6->2.14,33.75
->,guy,1972,4.3->4.78,11.16
->,hrv,1972,5.2->6.05,16.35
->,hti,1972,0.9->1.85,105.56
->,idn,1972,2.2->3.08,40.00
->,ind,1972,1.2->1.4,16.67
->,irq,1972,2.9->1.7,41.38
+++,isl,1972,8.01,
->,ita,1972,7.1->8,12.68
->,jam,1972,6.8->5.78,15.00
->,jor,1972,3.2->4.3,34.37
->,ken,1972,1.9->2.47,30.00
->,khm,1972,1.4->1.73,23.57
->,kwt,1972,3.3->4.48,35.76
->,lao,1972,1->1.8,80.00
->,lbn,1972,3.8->4.56,20.00
+++,lby,1972,1.89,
->,lca,1972,6->5.26,12.33
->,lva,1972,9.5->7.88,17.05
->,mar,1972,0.7->1.25,78.57
->,mdg,1972,1.8->2.03,12.78
->,mdv,1972,3.3->2.68,18.79
->,mli,1972,0.3->0.36,20.00
+++,mlt,1972,6.07,
->,mmr,1972,2.1->2.55,21.43
->,mng,1972,6.3->5.52,12.38
->,moz,1972,0.6->0.83,38.33
->,mrt,1972,0.5->1.28,156.00
->,mus,1972,2.9->3.46,19.31
->,mwi,1972,1.2->1.38,15.00
->,mys,1972,3.5->4.06,16.00
->,nam,1972,3.1->3.66,18.06
->,ner,1972,0.1->0.35,250.00
->,nga,1972,1.3->2,53.85
->,nic,1972,3.8->3.4,10.53
->,nor,1972,7.7->8.7,12.99
->,npl,1972,0.3->0.67,123.33
->,omn,1972,1.4->2.73,95.00
->,pak,1972,0.6->0.87,45.00
->,per,1972,4.1->4.86,18.54
->,png,1972,1.1->1.85,68.18
+++,prk,1972,4.85,
->,prt,1972,4->4.77,19.25
->,pry,1972,3.7->4.15,12.16
->,pse,1972,3.4->4.57,34.41
->,qat,1972,3.5->4.26,21.71
->,rus,1972,7.2->8.44,17.22
->,rwa,1972,1->1.41,41.00
->,sau,1972,1.5->2.95,96.67
->,sdn,1972,0.8->1.44,80.00
->,sen,1972,0.6->0.78,30.00
->,sgp,1972,4.4->5.53,25.68
->,slb,1972,1.8->2,11.11
->,som,1972,0.2->0.5,150.00
+++,ssd,1972,0.29,
->,stp,1972,1.6->1.84,15.00
->,svk,1972,6.4->7.49,17.03
->,swz,1972,2.5->3.43,37.20
->,syc,1972,5.2->4.6,11.54
->,syr,1972,1.6->2.1,31.25
->,tcd,1972,0.2->0.39,95.00
->,tgo,1972,0.7->1.11,58.57
->,tls,1972,0.5->2.06,312.00
->,ton,1972,7.1->6.27,11.69
->,tun,1972,1.2->1.65,37.50
->,tur,1972,2.1->3.1,47.62
->,twn,1972,4.8->6.66,38.75
->,tza,1972,1.8->2.37,31.67
->,uga,1972,1.4->1.86,32.86
->,ukr,1972,9.3->7.61,18.17
+++,vct,1972,4.56,
->,vnm,1972,4.7->3.82,18.72
->,vut,1972,2.8->3.23,15.36
->,yem,1972,0.1->0.27,170.00
->,zaf,1972,4.1->5.41,31.95
->,zwe,1972,2.9->3.87,33.45
->,afg,1973,0.1->0.23,130.00
->,ago,1973,1.2->1.56,30.00
->,alb,1973,6.5->5.74,11.69
+++,and,1973,8.59,
->,arm,1973,8->6.84,14.50
->,atg,1973,8.7->7.77,10.69
->,aus,1973,9.9->8.81,11.01
->,bdi,1973,0.7->1.11,58.57
->,ben,1973,0.6->0.73,21.67
->,bfa,1973,0.2->0.4,100.00
->,bgd,1973,1->1.26,26.00
->,bhr,1973,3.2->3.63,13.44
->,bhs,1973,7.8->6.84,12.31
->,bih,1973,3.7->4.72,27.57
->,blr,1973,9->7.96,11.56
->,blz,1973,5.1->3.84,24.71
->,bol,1973,3.2->3.7,15.62
->,bra,1973,3.3->3.63,10.00
+++,brb,1973,4.68,
+++,brn,1973,7.84,
+++,btn,1973,0.88,
->,bwa,1973,2.3->2.61,13.48
->,caf,1973,0.6->1.24,106.67
->,chn,1973,2.9->3.88,33.79
->,civ,1973,0.7->1.05,50.00
->,cmr,1973,1.6->1.97,23.12
->,cod,1973,1.7->2.02,18.82
->,cog,1973,2.2->2.87,30.45
->,com,1973,0.7->1.7,142.86
->,cpv,1973,1.3->1.92,47.69
->,cub,1973,7.1->6.35,10.56
->,cze,1973,10->8.39,16.10
->,dji,1973,0.5->1.1,120.00
+++,dma,1973,5.73,
->,dza,1973,1.7->2.57,51.18
->,egy,1973,2.1->2.75,30.95
->,eri,1973,0.4->1.07,167.50
->,esp,1973,4.2->6.29,49.76
->,est,1973,8.7->7.77,10.69
->,eth,1973,0.2->1.01,405.00
->,fji,1973,6.4->5.73,10.47
+++,fsm,1973,5.93,
->,gab,1973,2.8->4.71,68.21
->,gbr,1973,9.6->8.32,13.33
->,geo,1973,9.6->8,16.67
->,gin,1973,0.3->0.52,73.33
->,gmb,1973,0.7->0.93,32.86
->,gnb,1973,0.3->0.57,90.00
->,gnq,1973,2.1->2.43,15.71
+++,grd,1973,4.68,
->,gtm,1973,1.7->2.2,29.41
->,guy,1973,4.4->4.9,11.36
->,hrv,1973,5.4->6.19,14.63
->,hti,1973,1->1.92,92.00
->,idn,1973,2.4->3.17,32.08
->,ind,1973,1.3->1.45,11.54
->,irq,1973,3->1.78,40.67
+++,isl,1973,8.18,
->,ita,1973,7.3->8.15,11.64
->,jam,1973,6.9->5.92,14.20
->,jor,1973,3.5->4.46,27.43
->,ken,1973,2.1->2.57,22.38
->,khm,1973,1.4->1.78,27.14
->,kwt,1973,3.5->4.61,31.71
->,lao,1973,1.1->1.85,68.18
->,lbn,1973,4->4.69,17.25
->,lbr,1973,0.7->0.77,10.00
+++,lby,1973,1.95,
->,lca,1973,6.2->5.39,13.06
->,lva,1973,9.7->8.04,17.11
->,mar,1973,0.8->1.29,61.25
->,mdv,1973,3.4->2.75,19.12
->,mli,1973,0.3->0.37,23.33
+++,mlt,1973,6.2,
->,mmr,1973,2.2->2.63,19.55
->,mng,1973,6.5->5.65,13.08
->,moz,1973,0.7->0.86,22.86
->,mrt,1973,0.5->1.32,164.00
->,mus,1973,3.1->3.58,15.48
->,mwi,1973,1.2->1.43,19.17
->,mys,1973,3.7->4.2,13.51
->,nam,1973,3.3->3.77,14.24
->,ner,1973,0.2->0.36,80.00
->,nga,1973,1.4->2.07,47.86
->,nic,1973,3.9->3.49,10.51
->,npl,1973,0.3->0.7,133.33
->,omn,1973,1.5->2.81,87.33
->,pak,1973,0.6->0.9,50.00
->,per,1973,4.3->4.99,16.05
->,png,1973,1.1->1.91,73.64
+++,prk,1973,4.98,
->,prt,1973,4.1->4.89,19.27
->,pse,1973,3.6->4.69,30.28
->,qat,1973,3.7->4.37,18.11
->,rus,1973,7.5->8.61,14.80
->,rwa,1973,1->1.46,46.00
->,sau,1973,1.6->3.04,90.00
->,sdn,1973,0.9->1.5,66.67
->,sen,1973,0.7->0.8,14.29
->,sgp,1973,4.6->5.67,23.26
->,sle,1973,0.5->0.56,12.00
->,som,1973,0.2->0.52,160.00
+++,ssd,1973,0.3,
->,stp,1973,1.7->1.9,11.76
->,svk,1973,6.7->7.66,14.33
->,swz,1973,2.6->3.54,36.15
->,syc,1973,5.3->4.73,10.75
->,syr,1973,1.7->2.17,27.65
->,tcd,1973,0.2->0.41,105.00
->,tgo,1973,0.7->1.15,64.29
->,tls,1973,0.6->2.13,255.00
->,ton,1973,7.3->6.42,12.05
->,tun,1973,1.3->1.73,33.08
->,tur,1973,2.2->3.18,44.55
->,twn,1973,5.1->6.83,33.92
->,tza,1973,1.8->2.44,35.56
->,uga,1973,1.5->1.92,28.00
->,ukr,1973,9.5->7.77,18.21
+++,vct,1973,4.68,
->,vnm,1973,4.8->3.92,18.33
->,vut,1973,2.9->3.32,14.48
->,yem,1973,0.1->0.29,190.00
->,zaf,1973,4.3->5.53,28.60
->,zwe,1973,3->3.98,32.67
->,afg,1974,0.1->0.24,140.00
->,ago,1974,1.2->1.61,34.17
->,alb,1974,6.6->5.87,11.06
+++,and,1974,8.76,
->,arm,1974,8.2->7,14.63
->,atg,1974,8.9->7.93,10.90
->,aus,1974,10->8.97,10.30
->,bdi,1974,0.8->1.15,43.75
->,ben,1974,0.6->0.75,25.00
->,bfa,1974,0.3->0.42,40.00
->,bgd,1974,1.1->1.31,19.09
->,bhr,1974,3.4->3.76,10.59
->,bhs,1974,7.9->6.99,11.52
->,bih,1974,3.8->4.84,27.37
->,blr,1974,9.2->8.12,11.74
->,blz,1974,5.3->3.94,25.66
->,bol,1974,3.4->3.8,11.76
+++,brb,1974,4.8,
+++,brn,1974,8,
+++,btn,1974,0.91,
->,caf,1974,0.7->1.28,82.86
->,che,1974,8.8->7.87,10.57
->,chn,1974,3->3.98,32.67
->,civ,1974,0.7->1.08,54.29
->,cmr,1974,1.7->2.05,20.59
->,cod,1974,1.8->2.08,15.56
->,cog,1974,2.3->2.96,28.70
->,com,1974,0.7->1.76,151.43
->,cpv,1974,1.3->1.98,52.31
->,cub,1974,7.3->6.5,10.96
->,cze,1974,10.2->8.56,16.08
->,dji,1974,0.6->1.13,88.33
+++,dma,1974,5.87,
->,dza,1974,1.8->2.65,47.22
->,egy,1974,2.2->2.84,29.09
->,eri,1974,0.4->1.1,175.00
->,esp,1974,4.4->6.44,46.36
->,est,1974,8.9->7.94,10.79
->,eth,1974,0.3->1.05,250.00
+++,fsm,1974,6.07,
->,gab,1974,3->4.84,61.33
->,gbr,1974,9.8->8.48,13.47
->,geo,1974,9.8->8.16,16.73
->,gin,1974,0.4->0.53,32.50
->,gmb,1974,0.7->0.96,37.14
->,gnb,1974,0.3->0.59,96.67
->,gnq,1974,2.2->2.5,13.64
+++,grd,1974,4.8,
->,gtm,1974,1.8->2.27,26.11
->,hrv,1974,5.6->6.34,13.21
->,hti,1974,1.1->1.98,80.00
->,idn,1974,2.5->3.27,30.80
->,irq,1974,3.1->1.86,40.00
+++,isl,1974,8.34,
->,ita,1974,7.5->8.31,10.80
->,jam,1974,7.1->6.06,14.65
->,jor,1974,3.7->4.62,24.86
->,ken,1974,2.2->2.67,21.36
->,khm,1974,1.5->1.83,22.00
->,kwt,1974,3.7->4.75,28.38
->,lao,1974,1.1->1.91,73.64
->,lbn,1974,4.2->4.81,14.52
+++,lby,1974,2.01,
->,lca,1974,6.4->5.52,13.75
->,lva,1974,9.9->8.2,17.17
->,mar,1974,0.8->1.34,67.50
->,mdv,1974,3.5->2.83,19.14
+++,mlt,1974,6.32,
->,mmr,1974,2.4->2.71,12.92
->,mng,1974,6.7->5.79,13.58
->,moz,1974,0.7->0.89,27.14
->,mrt,1974,0.5->1.37,174.00
->,mus,1974,3.3->3.69,11.82
->,mwi,1974,1.3->1.48,13.85
->,mys,1974,3.9->4.34,11.28
->,nam,1974,3.5->3.87,10.57
->,ner,1974,0.2->0.37,85.00
->,nga,1974,1.5->2.14,42.67
->,nic,1974,4->3.59,10.25
->,npl,1974,0.3->0.73,143.33
->,omn,1974,1.6->2.9,81.25
->,pak,1974,0.6->0.94,56.67
->,per,1974,4.5->5.13,14.00
->,png,1974,1.2->1.97,64.17
+++,prk,1974,5.11,
->,prt,1974,4.3->5.02,16.74
->,pse,1974,3.8->4.82,26.84
->,qat,1974,3.9->4.49,15.13
->,rus,1974,7.8->8.78,12.56
->,rwa,1974,1.1->1.51,37.27
->,sau,1974,1.7->3.14,84.71
->,sdn,1974,1->1.55,55.00
->,sen,1974,0.7->0.83,18.57
->,sgp,1974,4.8->5.82,21.25
->,sle,1974,0.5->0.59,18.00
->,som,1974,0.2->0.54,170.00
+++,ssd,1974,0.31,
->,svk,1974,6.9->7.82,13.33
->,swz,1974,2.8->3.66,30.71
->,syc,1974,5.5->4.87,11.45
->,syr,1974,1.9->2.25,18.42
->,tcd,1974,0.2->0.42,110.00
->,tgo,1974,0.8->1.19,48.75
->,tls,1974,0.6->2.19,265.00
->,ton,1974,7.5->6.56,12.53
->,tun,1974,1.4->1.81,29.29
->,tur,1974,2.3->3.27,42.17
->,twn,1974,5.4->7,29.63
->,tza,1974,1.9->2.52,32.63
->,uga,1974,1.6->1.98,23.75
->,ukr,1974,9.7->7.93,18.25
->,ury,1974,7.3->6.55,10.27
+++,vct,1974,4.8,
->,vnm,1974,5->4.03,19.40
->,vut,1974,3->3.42,14.00
->,yem,1974,0.1->0.3,200.00
->,zaf,1974,4.5->5.65,25.56
->,zwe,1974,3.2->4.09,27.81
->,afg,1975,0.1->0.25,150.00
->,ago,1975,1.3->1.66,27.69
->,alb,1975,6.8->6.01,11.62
+++,and,1975,8.93,
->,arm,1975,8.3->7.15,13.86
->,atg,1975,9.1->8.1,10.99
->,aus,1975,10.2->9.12,10.59
->,bdi,1975,0.8->1.18,47.50
->,ben,1975,0.6->0.78,30.00
->,bfa,1975,0.3->0.43,43.33
->,bgd,1975,1.1->1.35,22.73
->,bhs,1975,8.1->7.15,11.73
->,bih,1975,3.9->4.96,27.18
->,blr,1975,9.4->8.28,11.91
->,blz,1975,5.4->4.05,25.00
->,bol,1975,3.5->3.91,11.71
+++,brb,1975,4.93,
+++,brn,1975,8.16,
+++,btn,1975,0.94,
->,caf,1975,0.7->1.32,88.57
->,che,1975,9->8.04,10.67
->,chn,1975,3.2->4.09,27.81
->,civ,1975,0.8->1.12,40.00
->,cmr,1975,1.8->2.12,17.78
->,cod,1975,1.8->2.14,18.89
->,cog,1975,2.5->3.06,22.40
->,com,1975,0.8->1.82,127.50
->,cpv,1975,1.4->2.04,45.71
->,cri,1975,5.9->5.31,10.00
->,cub,1975,7.4->6.64,10.27
->,cze,1975,10.4->8.73,16.06
->,dji,1975,0.6->1.17,95.00
+++,dma,1975,6.01,
->,dza,1975,1.9->2.73,43.68
->,egy,1975,2.4->2.94,22.50
->,eri,1975,0.5->1.14,128.00
->,esp,1975,4.6->6.59,43.26
->,est,1975,9.1->8.1,10.99
->,eth,1975,0.3->1.09,263.33
->,fji,1975,6.7->6,10.45
+++,fsm,1975,6.22,
->,gab,1975,3.1->4.97,60.32
->,gbr,1975,10->8.65,13.50
->,geo,1975,10->8.33,16.70
->,gin,1975,0.4->0.55,37.50
->,gmb,1975,0.7->0.99,41.43
->,gnb,1975,0.3->0.61,103.33
->,gnq,1975,2.3->2.57,11.74
+++,grd,1975,4.93,
->,gtm,1975,1.8->2.34,30.00
->,hrv,1975,5.8->6.48,11.72
->,hti,1975,1.2->2.05,70.83
->,idn,1975,2.7->3.37,24.81
->,ind,1975,1.4->1.56,11.43
->,irq,1975,3.2->1.94,39.38
+++,isl,1975,8.51,
->,jam,1975,7.3->6.21,14.93
->,jor,1975,3.9->4.8,23.08
->,ken,1975,2.4->2.78,15.83
->,khm,1975,1.6->1.89,18.12
->,kwt,1975,3.9->4.9,25.64
->,lao,1975,1.2->1.97,64.17
+++,lby,1975,2.07,
->,lca,1975,6.6->5.66,14.24
->,lva,1975,10.1->8.37,17.13
->,mar,1975,0.9->1.38,53.33
->,mdv,1975,3.6->2.91,19.17
+++,mlt,1975,6.45,
->,mmr,1975,2.5->2.79,11.60
->,mng,1975,6.9->5.93,14.06
->,moz,1975,0.7->0.92,31.43
->,mrt,1975,0.5->1.41,182.00
->,mus,1975,3.4->3.82,12.35
->,nam,1975,3.6->3.98,10.56
->,ner,1975,0.2->0.38,90.00
->,nga,1975,1.6->2.21,38.12
->,npl,1975,0.3->0.76,153.33
->,omn,1975,1.8->2.98,65.56
->,pak,1975,0.7->0.97,38.57
->,per,1975,4.7->5.26,11.91
->,png,1975,1.3->2.03,56.15
+++,prk,1975,5.24,
->,prt,1975,4.5->5.15,14.44
->,pse,1975,4.1->4.94,20.49
->,rus,1975,8.1->8.95,10.49
->,rwa,1975,1.2->1.56,30.00
->,sau,1975,1.8->3.24,80.00
->,sdn,1975,1->1.61,61.00
->,sen,1975,0.7->0.86,22.86
->,sgp,1975,5->5.98,19.60
->,som,1975,0.3->0.56,86.67
+++,ssd,1975,0.32,
->,svk,1975,7.2->7.98,10.83
->,swz,1975,2.9->3.77,30.00
->,syc,1975,5.7->5.01,12.11
->,syr,1975,2->2.34,17.00
->,tcd,1975,0.2->0.44,120.00
->,tgo,1975,0.8->1.23,53.75
->,tls,1975,0.6->2.26,276.67
->,ton,1975,7.7->6.7,12.99
->,tun,1975,1.5->1.9,26.67
->,tur,1975,2.4->3.36,40.00
->,twn,1975,5.7->7.18,25.96
->,tza,1975,2->2.6,30.00
->,uga,1975,1.7->2.04,20.00
->,ukr,1975,9.8->8.1,17.35
+++,vct,1975,4.93,
->,vnm,1975,5.1->4.14,18.82
->,yem,1975,0.2->0.31,55.00
->,zaf,1975,4.7->5.77,22.77
->,zwe,1975,3.4->4.2,23.53
->,afg,1976,0.1->0.26,160.00
->,ago,1976,1.3->1.71,31.54
->,alb,1976,6.9->6.16,10.72
+++,and,1976,9.09,
->,arm,1976,8.5->7.3,14.12
->,atg,1976,9.3->8.26,11.18
->,bdi,1976,0.9->1.22,35.56
->,ben,1976,0.7->0.8,14.29
->,bfa,1976,0.3->0.45,50.00
->,bgd,1976,1.2->1.4,16.67
->,bhs,1976,8.3->7.3,12.05
->,bih,1976,4.1->5.09,24.15
->,blr,1976,9.6->8.44,12.08
->,blz,1976,5.6->4.16,25.71
+++,brb,1976,5.05,
+++,brn,1976,8.32,
+++,btn,1976,0.97,
->,caf,1976,0.8->1.36,70.00
->,che,1976,9.3->8.21,11.72
->,chn,1976,3.4->4.2,23.53
->,civ,1976,0.8->1.16,45.00
->,cmr,1976,1.9->2.2,15.79
->,cod,1976,1.9->2.21,16.32
->,cog,1976,2.6->3.16,21.54
->,com,1976,0.8->1.88,135.00
->,cpv,1976,1.5->2.1,40.00
->,cub,1976,7.6->6.79,10.66
->,cze,1976,10.6->8.9,16.04
->,dji,1976,0.6->1.21,101.67
+++,dma,1976,6.16,
->,dza,1976,2->2.81,40.50
->,egy,1976,2.5->3.04,21.60
->,eri,1976,0.5->1.18,136.00
->,esp,1976,4.9->6.75,37.76
->,est,1976,9.2->8.27,10.11
->,eth,1976,0.3->1.13,276.67
->,fji,1976,6.9->6.14,11.01
+++,fsm,1976,6.36,
->,gab,1976,3.2->5.09,59.06
->,gbr,1976,10.2->8.82,13.53
->,geo,1976,10.1->8.5,15.84
->,gin,1976,0.4->0.57,42.50
->,gmb,1976,0.8->1.03,28.75
->,gnb,1976,0.4->0.63,57.50
->,gnq,1976,2.4->2.65,10.42
+++,grd,1976,5.05,
->,gtm,1976,1.9->2.41,26.84
->,hti,1976,1.2->2.12,76.67
->,idn,1976,2.8->3.48,24.29
->,irq,1976,3.2->2.04,36.25
+++,isl,1976,8.68,
->,jam,1976,7.5->6.35,15.33
->,jor,1976,4.2->4.97,18.33
->,ken,1976,2.5->2.89,15.60
->,khm,1976,1.6->1.95,21.87
->,kwt,1976,4->5.04,26.00
->,lao,1976,1.2->2.03,69.17
+++,lby,1976,2.14,
->,lca,1976,6.7->5.8,13.43
->,lva,1976,10.2->8.53,16.37
->,mar,1976,0.9->1.43,58.89
->,mdv,1976,3.6->3,16.67
+++,mlt,1976,6.57,
->,mmr,1976,2.6->2.87,10.38
->,mng,1976,7->6.07,13.29
->,moz,1976,0.8->0.95,18.75
->,mrt,1976,0.6->1.46,143.33
->,ner,1976,0.2->0.4,100.00
->,nga,1976,1.7->2.28,34.12
->,npl,1976,0.4->0.79,97.50
->,omn,1976,1.9->3.07,61.58
->,pak,1976,0.7->1.01,44.29
->,per,1976,4.9->5.4,10.20
->,png,1976,1.3->2.09,60.77
+++,prk,1976,5.37,
->,prt,1976,4.6->5.28,14.78
->,pse,1976,4.3->5.07,17.91
->,rwa,1976,1.2->1.62,35.00
->,sau,1976,1.9->3.34,75.79
->,sdn,1976,1.1->1.67,51.82
->,sen,1976,0.8->0.89,11.25
->,sgp,1976,5.1->6.13,20.20
->,som,1976,0.3->0.57,90.00
+++,ssd,1976,0.34,
->,stp,1976,1.9->2.1,10.53
->,svk,1976,7.4->8.15,10.14
->,swz,1976,3.1->3.9,25.81
->,syc,1976,5.8->5.16,11.03
->,syr,1976,2.1->2.42,15.24
->,tcd,1976,0.2->0.45,125.00
->,tgo,1976,0.9->1.27,41.11
->,tls,1976,0.6->2.33,288.33
->,ton,1976,7.9->6.85,13.29
->,tun,1976,1.6->1.99,24.37
->,tur,1976,2.6->3.45,32.69
->,twn,1976,6->7.36,22.67
->,tza,1976,2.1->2.68,27.62
->,uga,1976,1.8->2.11,17.22
->,ukr,1976,10->8.26,17.40
->,ury,1976,7.6->6.83,10.13
+++,vct,1976,5.05,
->,vnm,1976,5.3->4.25,19.81
->,yem,1976,0.2->0.33,65.00
->,zaf,1976,4.9->5.89,20.20
->,zwe,1976,3.6->4.31,19.72
->,afg,1977,0.1->0.27,170.00
->,ago,1977,1.4->1.76,25.71
->,alb,1977,7.1->6.3,11.27
+++,and,1977,9.26,
->,arm,1977,8.6->7.46,13.26
->,atg,1977,9.5->8.42,11.37
->,bdi,1977,0.9->1.27,41.11
->,ben,1977,0.7->0.83,18.57
->,bfa,1977,0.3->0.46,53.33
->,bgd,1977,1.3->1.45,11.54
->,bhs,1977,8.4->7.46,11.19
->,bih,1977,4.2->5.21,24.05
->,blr,1977,9.8->8.6,12.24
->,blz,1977,5.8->4.27,26.38
+++,brb,1977,5.18,
+++,brn,1977,8.49,
+++,btn,1977,1,
->,caf,1977,0.8->1.41,76.25
->,che,1977,9.5->8.37,11.89
->,chn,1977,3.5->4.32,23.43
->,civ,1977,0.8->1.2,50.00
->,cmr,1977,2->2.28,14.00
->,cod,1977,2->2.28,14.00
->,cog,1977,2.8->3.26,16.43
->,com,1977,0.9->1.94,115.56
->,cpv,1977,1.6->2.17,35.62
->,cri,1977,6.2->5.57,10.16
->,cub,1977,7.8->6.94,11.03
->,cze,1977,10.8->9.07,16.02
->,dji,1977,0.7->1.25,78.57
+++,dma,1977,6.3,
->,dza,1977,2.1->2.9,38.10
->,egy,1977,2.7->3.15,16.67
->,eri,1977,0.6->1.22,103.33
->,esp,1977,5.1->6.91,35.49
->,est,1977,9.4->8.44,10.21
->,eth,1977,0.3->1.17,290.00
->,fji,1977,7.1->6.28,11.55
+++,fsm,1977,6.51,
->,gab,1977,3.4->5.23,53.82
->,gbr,1977,10.3->8.98,12.82
->,geo,1977,10.3->8.67,15.83
->,gin,1977,0.4->0.59,47.50
->,gmb,1977,0.8->1.06,32.50
->,gnb,1977,0.4->0.65,62.50
+++,grd,1977,5.18,
->,gtm,1977,2->2.48,24.00
->,hti,1977,1.3->2.19,68.46
->,idn,1977,3->3.58,19.33
->,irq,1977,3.3->2.13,35.45
+++,isl,1977,8.85,
->,jam,1977,7.7->6.5,15.58
->,jor,1977,4.4->5.15,17.05
->,ken,1977,2.7->3,11.11
->,khm,1977,1.7->2.01,18.24
->,kwt,1977,4.2->5.19,23.57
->,lao,1977,1.3->2.1,61.54
+++,lby,1977,2.2,
->,lca,1977,6.9->5.94,13.91
->,lva,1977,10.4->8.7,16.35
->,mar,1977,1->1.48,48.00
->,mdv,1977,3.7->3.08,16.76
->,mhl,1977,5.5->4.92,10.55
+++,mlt,1977,6.69,
->,mng,1977,7.2->6.21,13.75
->,moz,1977,0.8->0.98,22.50
->,mrt,1977,0.6->1.5,150.00
->,ner,1977,0.2->0.41,105.00
->,nga,1977,1.8->2.35,30.56
->,npl,1977,0.4->0.82,105.00
->,omn,1977,2->3.16,58.00
->,pak,1977,0.8->1.05,31.25
->,png,1977,1.4->2.16,54.29
+++,prk,1977,5.5,
->,prt,1977,4.8->5.41,12.71
->,pse,1977,4.5->5.21,15.78
->,rwa,1977,1.3->1.68,29.23
->,sau,1977,2->3.45,72.50
->,sdn,1977,1.2->1.73,44.17
->,sen,1977,0.8->0.92,15.00
->,sgp,1977,5.3->6.29,18.68
->,sle,1977,0.6->0.66,10.00
->,som,1977,0.3->0.59,96.67
+++,ssd,1977,0.35,
->,swz,1977,3.2->4.02,25.62
->,syc,1977,6->5.3,11.67
->,syr,1977,2.2->2.52,14.55
->,tcd,1977,0.2->0.47,135.00
->,tgo,1977,0.9->1.31,45.56
->,tls,1977,0.7->2.41,244.29
->,ton,1977,8.1->6.99,13.70
->,tun,1977,1.7->2.09,22.94
->,tur,1977,2.7->3.54,31.11
->,twn,1977,6.3->7.54,19.68
->,tza,1977,2.2->2.76,25.45
->,uga,1977,1.8->2.17,20.56
->,ukr,1977,10.2->8.43,17.35
->,ury,1977,7.8->6.97,10.64
+++,vct,1977,5.18,
->,vnm,1977,5.4->4.36,19.26
->,yem,1977,0.2->0.34,70.00
->,zaf,1977,5.1->6.01,17.84
->,zmb,1977,3.3->2.93,11.21
->,zwe,1977,3.7->4.43,19.73
->,afg,1978,0.1->0.27,170.00
->,ago,1978,1.5->1.82,21.33
->,alb,1978,7.2->6.44,10.56
+++,and,1978,9.43,
->,arm,1978,8.8->7.61,13.52
->,atg,1978,9.7->8.59,11.44
->,bdi,1978,1->1.31,31.00
->,ben,1978,0.7->0.86,22.86
->,bfa,1978,0.3->0.48,60.00
->,bgd,1978,1.3->1.5,15.38
->,bhs,1978,8.5->7.62,10.35
->,bih,1978,4.4->5.34,21.36
->,blr,1978,10->8.77,12.30
->,blz,1978,5.9->4.39,25.59
+++,brb,1978,5.31,
+++,brn,1978,8.65,
+++,btn,1978,1.03,
->,caf,1978,0.9->1.45,61.11
->,che,1978,9.8->8.54,12.86
->,chn,1978,3.7->4.43,19.73
->,civ,1978,0.9->1.24,37.78
->,cmr,1978,2.1->2.37,12.86
->,cod,1978,2.1->2.34,11.43
->,cog,1978,3->3.36,12.00
->,com,1978,0.9->2,122.22
->,cpv,1978,1.6->2.24,40.00
->,cri,1978,6.4->5.7,10.94
->,cub,1978,8->7.1,11.25
->,cze,1978,11->9.24,16.00
->,dji,1978,0.7->1.29,84.29
+++,dma,1978,6.45,
->,dza,1978,2.3->2.98,29.57
->,egy,1978,2.8->3.25,16.07
->,eri,1978,0.6->1.26,110.00
->,esp,1978,5.3->7.08,33.58
->,est,1978,9.6->8.61,10.31
->,eth,1978,0.3->1.21,303.33
->,fji,1978,7.2->6.41,10.97
+++,fsm,1978,6.65,
->,gab,1978,3.5->5.36,53.14
->,gbr,1978,10.5->9.15,12.86
->,geo,1978,10.4->8.84,15.00
->,gin,1978,0.5->0.61,22.00
->,gmb,1978,0.9->1.1,22.22
->,gnb,1978,0.4->0.67,67.50
+++,grd,1978,5.31,
->,gtm,1978,2.1->2.55,21.43
->,hti,1978,1.4->2.27,62.14
->,idn,1978,3.1->3.7,19.35
->,irq,1978,3.4->2.23,34.41
+++,isl,1978,9.02,
->,jam,1978,7.9->6.65,15.82
->,jor,1978,4.7->5.34,13.62
->,ken,1978,2.8->3.13,11.79
->,khm,1978,1.8->2.07,15.00
->,kwt,1978,4.4->5.35,21.59
->,lao,1978,1.4->2.16,54.29
+++,lby,1978,2.27,
->,lca,1978,7.1->6.08,14.37
->,lva,1978,10.5->8.86,15.62
->,mar,1978,1.1->1.53,39.09
->,mdv,1978,3.8->3.16,16.84
->,mhl,1978,5.7->5.04,11.58
+++,mlt,1978,6.82,
->,mng,1978,7.4->6.36,14.05
->,moz,1978,0.9->1.02,13.33
->,mrt,1978,0.6->1.55,158.33
->,ner,1978,0.2->0.42,110.00
->,nga,1978,1.9->2.43,27.89
->,npl,1978,0.4->0.86,115.00
->,omn,1978,2.2->3.26,48.18
->,pak,1978,0.8->1.09,36.25
->,png,1978,1.5->2.22,48.00
+++,prk,1978,5.64,
->,prt,1978,5->5.55,11.00
->,pse,1978,4.8->5.34,11.25
->,rwa,1978,1.4->1.74,24.29
->,sau,1978,2.1->3.56,69.52
->,sdn,1978,1.2->1.79,49.17
->,sen,1978,0.8->0.95,18.75
->,sgp,1978,5.5->6.46,17.45
->,som,1978,0.3->0.61,103.33
+++,ssd,1978,0.36,
->,swz,1978,3.4->4.15,22.06
->,syc,1978,6.2->5.45,12.10
->,tcd,1978,0.2->0.48,140.00
->,tgo,1978,1->1.35,35.00
->,tls,1978,0.7->2.48,254.29
->,ton,1978,8.3->7.14,13.98
->,tun,1978,1.8->2.19,21.67
->,tur,1978,2.9->3.64,25.52
->,twn,1978,6.6->7.73,17.12
->,tza,1978,2.4->2.85,18.75
->,uga,1978,1.9->2.24,17.89
->,ukr,1978,10.4->8.59,17.40
+++,vct,1978,5.31,
->,vnm,1978,5.5->4.47,18.73
->,yem,1978,0.2->0.36,80.00
->,zaf,1978,5.3->6.13,15.66
->,zmb,1978,3.4->3.03,10.88
->,zwe,1978,3.9->4.55,16.67
->,afg,1979,0.1->0.28,180.00
->,ago,1979,1.5->1.88,25.33
->,alb,1979,7.4->6.59,10.95
+++,and,1979,9.6,
->,arm,1979,8.9->7.77,12.70
->,atg,1979,9.9->8.75,11.62
->,bdi,1979,1->1.35,35.00
->,bfa,1979,0.4->0.5,25.00
->,bgd,1979,1.4->1.55,10.71
->,bhs,1979,8.7->7.78,10.57
->,bih,1979,4.5->5.47,21.56
->,blr,1979,10.1->8.93,11.58
->,blz,1979,6.1->4.5,26.23
+++,brb,1979,5.44,
+++,brn,1979,8.82,
+++,btn,1979,1.07,
->,caf,1979,0.9->1.5,66.67
->,che,1979,10->8.71,12.90
->,chn,1979,3.9->4.55,16.67
->,civ,1979,1->1.28,28.00
->,cog,1979,3.1->3.46,11.61
->,com,1979,1->2.07,107.00
->,cpv,1979,1.7->2.31,35.88
->,cri,1979,6.5->5.83,10.31
->,cub,1979,8.1->7.25,10.49
->,cze,1979,11.2->9.41,15.98
->,dji,1979,0.8->1.34,67.50
+++,dma,1979,6.6,
->,dza,1979,2.4->3.07,27.92
->,egy,1979,3->3.37,12.33
->,eri,1979,0.7->1.3,85.71
->,esp,1979,5.6->7.24,29.29
->,eth,1979,0.3->1.25,316.67
->,fji,1979,7.4->6.56,11.35
+++,fsm,1979,6.8,
->,gab,1979,3.7->5.49,48.38
->,gbr,1979,10.7->9.32,12.90
->,geo,1979,10.6->9.01,15.00
->,gha,1979,3.5->3.09,11.71
->,gin,1979,0.5->0.63,26.00
->,gmb,1979,0.9->1.13,25.56
->,gnb,1979,0.4->0.7,75.00
+++,grd,1979,5.44,
->,gtm,1979,2.2->2.63,19.55
->,hti,1979,1.5->2.34,56.00
->,idn,1979,3.3->3.81,15.45
->,irq,1979,3.5->2.34,33.14
+++,isl,1979,9.19,
->,jam,1979,8->6.8,15.00
->,jor,1979,4.9->5.53,12.86
->,khm,1979,1.9->2.13,12.11
->,kir,1979,5.7->5.13,10.00
->,kwt,1979,4.6->5.51,19.78
->,lao,1979,1.4->2.23,59.29
+++,lby,1979,2.34,
->,lca,1979,7.3->6.22,14.79
->,lva,1979,10.7->9.03,15.61
->,mar,1979,1.2->1.58,31.67
->,mdv,1979,3.8->3.25,14.47
->,mhl,1979,6->5.17,13.83
+++,mlt,1979,6.94,
->,mng,1979,7.6->6.5,14.47
->,moz,1979,0.9->1.05,16.67
->,mrt,1979,0.6->1.6,166.67
->,ner,1979,0.2->0.44,120.00
->,nga,1979,2->2.51,25.50
->,npl,1979,0.4->0.9,125.00
->,omn,1979,2.3->3.35,45.65
->,pak,1979,0.9->1.14,26.67
->,png,1979,1.6->2.29,43.12
+++,prk,1979,5.78,
->,rwa,1979,1.4->1.8,28.57
->,sau,1979,2.3->3.68,60.00
->,sdn,1979,1.3->1.86,43.08
->,sgp,1979,5.7->6.62,16.14
->,som,1979,0.3->0.63,110.00
+++,ssd,1979,0.37,
->,swz,1979,3.6->4.28,18.89
->,syc,1979,6.4->5.61,12.34
->,tcd,1979,0.3->0.5,66.67
->,tgo,1979,1->1.39,39.00
->,tls,1979,0.7->2.56,265.71
->,ton,1979,8.5->7.28,14.35
->,tun,1979,2->2.3,15.00
->,tur,1979,3->3.73,24.33
->,twn,1979,6.9->7.91,14.64
->,tza,1979,2.5->2.93,17.20
->,uga,1979,2->2.31,15.50
->,ukr,1979,10.5->8.76,16.57
->,ury,1979,8.1->7.25,10.49
+++,vct,1979,5.44,
->,vnm,1979,5.7->4.59,19.47
->,yem,1979,0.2->0.38,90.00
->,zaf,1979,5.5->6.26,13.82
->,zmb,1979,3.5->3.13,10.57
->,zwe,1979,4.1->4.67,13.90
->,afg,1980,0.1->0.29,190.00
->,ago,1980,1.6->1.94,21.25
->,alb,1980,7.5->6.74,10.13
+++,and,1980,9.77,
->,arm,1980,9.1->7.93,12.86
->,atg,1980,10.1->8.92,11.68
->,bdi,1980,1.1->1.4,27.27
->,ben,1980,0.8->0.91,13.75
->,bfa,1980,0.4->0.52,30.00
->,bih,1980,4.7->5.61,19.36
->,blr,1980,10.3->9.1,11.65
->,blz,1980,6.3->4.62,26.67
+++,brb,1980,5.58,
+++,brn,1980,8.99,
+++,btn,1980,1.1,
->,caf,1980,1->1.54,54.00
->,che,1980,10.2->8.88,12.94
->,chn,1980,4.1->4.67,13.90
->,civ,1980,1->1.33,33.00
->,com,1980,1->2.14,114.00
->,cpv,1980,1.8->2.38,32.22
->,cri,1980,6.7->5.96,11.04
->,cub,1980,8.3->7.4,10.84
->,cyp,1980,9.9->8.9,10.10
->,cze,1980,11.3->9.58,15.22
->,dji,1980,0.8->1.38,72.50
+++,dma,1980,6.75,
->,dza,1980,2.6->3.17,21.92
->,egy,1980,3.1->3.48,12.26
->,eri,1980,0.7->1.34,91.43
->,esp,1980,5.8->7.41,27.76
->,eth,1980,0.4->1.3,225.00
->,fji,1980,7.6->6.7,11.84
+++,fsm,1980,6.95,
->,gab,1980,3.9->5.63,44.36
->,gbr,1980,10.8->9.49,12.13
->,geo,1980,10.7->9.18,14.21
->,gha,1980,3.6->3.19,11.39
->,gin,1980,0.5->0.65,30.00
->,gmb,1980,0.9->1.17,30.00
->,gnb,1980,0.5->0.72,44.00
+++,grd,1980,5.58,
->,gtm,1980,2.3->2.7,17.39
->,hti,1980,1.6->2.42,51.25
->,idn,1980,3.5->3.93,12.29
->,irq,1980,3.6->2.45,31.94
+++,isl,1980,9.36,
->,jam,1980,8.2->6.96,15.12
->,jor,1980,5.2->5.73,10.19
->,kir,1980,5.9->5.25,11.02
->,kwt,1980,4.8->5.67,18.13
->,lao,1980,1.5->2.3,53.33
+++,lby,1980,2.41,
->,lca,1980,7.4->6.36,14.05
->,lva,1980,10.8->9.2,14.81
->,mar,1980,1.2->1.63,35.83
->,mdv,1980,3.9->3.34,14.36
->,mhl,1980,6.2->5.3,14.52
+++,mlt,1980,7.06,
->,mng,1980,7.7->6.65,13.64
->,moz,1980,0.9->1.08,20.00
->,mrt,1980,0.7->1.65,135.71
->,ner,1980,0.2->0.45,125.00
->,nga,1980,2.2->2.59,17.73
->,npl,1980,0.5->0.93,86.00
->,omn,1980,2.5->3.45,38.00
->,pak,1980,0.9->1.18,31.11
->,png,1980,1.7->2.36,38.82
+++,prk,1980,5.92,
->,prt,1980,5.3->5.83,10.00
->,rwa,1980,1.5->1.86,24.00
->,sau,1980,2.4->3.79,57.92
->,sdn,1980,1.4->1.93,37.86
->,sen,1980,0.9->1.02,13.33
->,sgp,1980,5.9->6.79,15.08
->,som,1980,0.4->0.66,65.00
+++,ssd,1980,0.38,
->,swz,1980,3.7->4.41,19.19
->,syc,1980,6.5->5.76,11.38
->,tcd,1980,0.3->0.51,70.00
->,tgo,1980,1.1->1.44,30.91
->,tls,1980,0.8->2.63,228.75
->,ton,1980,8.7->7.43,14.60
->,tun,1980,2.1->2.41,14.76
->,tur,1980,3.2->3.83,19.69
->,twn,1980,7.2->8.1,12.50
->,tza,1980,2.6->3.02,16.15
->,uga,1980,2.1->2.38,13.33
->,ukr,1980,10.7->8.93,16.54
+++,vct,1980,5.58,
->,vnm,1980,5.8->4.71,18.79
->,yem,1980,0.2->0.4,100.00
->,zaf,1980,5.7->6.38,11.93
->,zmb,1980,3.7->3.24,12.43
->,zwe,1980,4.3->4.8,11.63
->,afg,1981,0.2->0.3,50.00
->,ago,1981,1.7->2,17.65
->,alb,1981,7.7->6.89,10.52
+++,and,1981,9.94,
->,arm,1981,9.2->8.08,12.17
->,atg,1981,10.2->9.09,10.88
->,bdi,1981,1.1->1.45,31.82
->,ben,1981,0.8->0.94,17.50
->,bfa,1981,0.4->0.54,35.00
->,bih,1981,4.9->5.74,17.14
->,blr,1981,10.5->9.26,11.81
->,blz,1981,6.4->4.74,25.94
+++,brb,1981,5.71,
+++,brn,1981,9.15,
+++,btn,1981,1.14,
->,caf,1981,1.1->1.59,44.55
->,che,1981,10.4->9.05,12.98
->,chn,1981,4.2->4.79,14.05
->,civ,1981,1.1->1.37,24.55
->,com,1981,1.1->2.21,100.91
->,cpv,1981,1.9->2.45,28.95
->,cri,1981,6.9->6.09,11.74
->,cub,1981,8.5->7.56,11.06
->,cze,1981,11.5->9.74,15.30
->,dji,1981,0.8->1.43,78.75
+++,dma,1981,6.9,
->,dza,1981,2.7->3.26,20.74
->,eri,1981,0.8->1.39,73.75
->,esp,1981,6->7.58,26.33
->,eth,1981,0.4->1.34,235.00
->,fji,1981,7.7->6.84,11.17
+++,fsm,1981,7.11,
->,gab,1981,4.1->5.76,40.49
->,gbr,1981,11->9.66,12.18
->,geo,1981,10.8->9.35,13.43
->,gha,1981,3.8->3.28,13.68
->,gin,1981,0.6->0.67,11.67
->,gmb,1981,1->1.21,21.00
->,gnb,1981,0.5->0.75,50.00
+++,grd,1981,5.71,
->,gtm,1981,2.4->2.78,15.83
->,hti,1981,1.7->2.51,47.65
->,idn,1981,3.6->4.05,12.50
->,irq,1981,3.7->2.57,30.54
+++,isl,1981,9.54,
->,jam,1981,8.4->7.12,15.24
->,khm,1981,2->2.26,13.00
->,kir,1981,6->5.37,10.50
->,kor,1981,10->8.94,10.60
->,kwt,1981,4.9->5.84,19.18
->,lao,1981,1.6->2.37,48.12
+++,lby,1981,2.49,
->,lca,1981,7.6->6.51,14.34
->,lva,1981,11->9.36,14.91
->,mar,1981,1.3->1.69,30.00
->,mdv,1981,3.9->3.43,12.05
->,mhl,1981,6.4->5.43,15.16
+++,mlt,1981,7.18,
->,mng,1981,7.9->6.79,14.05
->,moz,1981,1->1.12,12.00
->,mrt,1981,0.7->1.71,144.29
->,ner,1981,0.3->0.47,56.67
->,nga,1981,2.3->2.68,16.52
->,npl,1981,0.5->0.97,94.00
->,omn,1981,2.7->3.55,31.48
->,pak,1981,1->1.23,23.00
->,png,1981,1.7->2.43,42.94
+++,prk,1981,6.06,
->,rwa,1981,1.6->1.93,20.62
->,sau,1981,2.6->3.91,50.38
->,sdn,1981,1.5->2,33.33
->,sgp,1981,6->6.97,16.17
->,som,1981,0.4->0.68,70.00
+++,ssd,1981,0.4,
->,sur,1981,5.5->4.94,10.18
->,swz,1981,3.9->4.55,16.67
->,syc,1981,6.7->5.92,11.64
->,tcd,1981,0.3->0.53,76.67
->,tgo,1981,1.2->1.49,24.17
->,tls,1981,0.8->2.71,238.75
->,ton,1981,8.9->7.58,14.83
->,tun,1981,2.2->2.53,15.00
->,tur,1981,3.3->3.93,19.09
->,twn,1981,7.5->8.29,10.53
->,tza,1981,2.7->3.11,15.19
->,uga,1981,2.2->2.45,11.36
->,ukr,1981,10.9->9.1,16.51
->,ury,1981,8.4->7.52,10.48
+++,vct,1981,5.71,
->,vnm,1981,5.9->4.83,18.14
->,yem,1981,0.2->0.42,110.00
->,zaf,1981,5.9->6.5,10.17
->,zmb,1981,3.8->3.35,11.84
->,zwe,1981,4.4->4.92,11.82
->,afg,1982,0.2->0.32,60.00
->,ago,1982,1.8->2.06,14.44
+++,and,1982,10.11,
->,arm,1982,9.4->8.24,12.34
->,atg,1982,10.4->9.25,11.06
->,bdi,1982,1.2->1.5,25.00
->,bfa,1982,0.4->0.56,40.00
->,bih,1982,5->5.88,17.60
->,blr,1982,10.6->9.43,11.04
->,blz,1982,6.6->4.86,26.36
+++,brb,1982,5.85,
+++,brn,1982,9.32,
+++,btn,1982,1.18,
->,caf,1982,1.1->1.64,49.09
->,che,1982,10.6->9.22,13.02
->,chn,1982,4.4->4.92,11.82
->,civ,1982,1.2->1.42,18.33
->,com,1982,1.2->2.28,90.00
->,cpv,1982,2->2.53,26.50
->,cri,1982,7->6.23,11.00
->,cub,1982,8.7->7.72,11.26
->,cze,1982,11.6->9.91,14.57
->,dji,1982,0.9->1.47,63.33
+++,dma,1982,7.05,
->,dza,1982,2.9->3.36,15.86
->,eri,1982,0.9->1.43,58.89
->,esp,1982,6.3->7.75,23.02
->,eth,1982,0.4->1.39,247.50
->,fji,1982,7.9->6.98,11.65
+++,fsm,1982,7.26,
->,gab,1982,4.3->5.9,37.21
->,gbr,1982,11.1->9.83,11.44
->,geo,1982,11->9.52,13.45
->,gha,1982,3.9->3.37,13.59
->,gin,1982,0.6->0.7,16.67
->,gmb,1982,1->1.25,25.00
->,gnb,1982,0.5->0.77,54.00
+++,grd,1982,5.85,
->,gtm,1982,2.5->2.86,14.40
->,hti,1982,1.8->2.59,43.89
->,irq,1982,3.8->2.69,29.21
+++,isl,1982,9.71,
->,jam,1982,8.5->7.27,14.47
->,khm,1982,2.1->2.33,10.95
->,kir,1982,6.2->5.5,11.29
->,kor,1982,10.2->9.11,10.69
->,kwt,1982,5.1->6.01,17.84
->,lao,1982,1.7->2.45,44.12
+++,lby,1982,2.56,
->,lca,1982,7.7->6.66,13.51
->,lva,1982,11.1->9.53,14.14
->,mar,1982,1.4->1.75,25.00
->,mdv,1982,4->3.52,12.00
->,mhl,1982,6.6->5.57,15.61
->,mli,1982,0.6->0.51,15.00
+++,mlt,1982,7.3,
->,mng,1982,8.1->6.94,14.32
->,moz,1982,1->1.16,16.00
->,mrt,1982,0.7->1.76,151.43
->,ner,1982,0.3->0.48,60.00
->,nga,1982,2.4->2.76,15.00
->,npl,1982,0.6->1.01,68.33
->,omn,1982,2.9->3.65,25.86
->,pak,1982,1.1->1.28,16.36
->,png,1982,1.8->2.5,38.89
+++,prk,1982,6.21,
->,rwa,1982,1.7->2,17.65
->,sau,1982,2.8->4.04,44.29
->,sdn,1982,1.6->2.08,30.00
->,sgp,1982,6.2->7.15,15.32
->,som,1982,0.4->0.7,75.00
+++,ssd,1982,0.41,
->,swz,1982,4.1->4.69,14.39
->,syc,1982,6.9->6.09,11.74
->,tcd,1982,0.3->0.55,83.33
->,tgo,1982,1.2->1.54,28.33
->,tls,1982,0.9->2.8,211.11
->,ton,1982,9->7.72,14.22
->,tun,1982,2.4->2.66,10.83
->,tur,1982,3.5->4.04,15.43
->,tza,1982,2.9->3.21,10.69
->,ukr,1982,11->9.27,15.73
+++,vct,1982,5.85,
->,vnm,1982,6.1->4.95,18.85
->,yem,1982,0.3->0.44,46.67
->,zaf,1982,6->6.62,10.33
->,zmb,1982,4->3.46,13.50
->,afg,1983,0.2->0.33,65.00
->,ago,1983,1.9->2.12,11.58
->,alb,1983,8->7.19,10.12
+++,and,1983,10.27,
->,arm,1983,9.5->8.39,11.68
->,atg,1983,10.7->9.42,11.96
->,bdi,1983,1.3->1.55,19.23
->,ben,1983,0.9->1.01,12.22
->,bfa,1983,0.5->0.58,16.00
->,bhr,1983,5.7->5.13,10.00
->,bih,1983,5.2->6.02,15.77
->,blr,1983,10.8->9.59,11.20
->,blz,1983,6.7->4.99,25.52
+++,brb,1983,5.99,
+++,brn,1983,9.49,
+++,btn,1983,1.21,
->,caf,1983,1.2->1.69,40.83
->,che,1983,10.8->9.39,13.06
->,civ,1983,1.2->1.47,22.50
->,com,1983,1.3->2.36,81.54
->,cpv,1983,2.1->2.6,23.81
->,cri,1983,7.2->6.36,11.67
->,cub,1983,8.9->7.87,11.57
->,cze,1983,11.7->10.08,13.85
->,dji,1983,0.9->1.52,68.89
+++,dma,1983,7.21,
->,dza,1983,3.1->3.46,11.61
->,eri,1983,0.9->1.48,64.44
->,esp,1983,6.5->7.92,21.85
->,eth,1983,0.5->1.44,188.00
->,fji,1983,8->7.13,10.88
+++,fsm,1983,7.41,
->,gab,1983,4.5->6.04,34.22
->,gbr,1983,11.2->10,10.71
->,geo,1983,11.1->9.69,12.70
->,gha,1983,4.1->3.47,15.37
->,gin,1983,0.6->0.72,20.00
->,gmb,1983,1.1->1.29,17.27
->,gnb,1983,0.6->0.8,33.33
+++,grd,1983,5.99,
->,gtm,1983,2.6->2.94,13.08
->,hti,1983,1.9->2.68,41.05
->,irq,1983,3.9->2.82,27.69
+++,isl,1983,9.88,
->,jam,1983,8.7->7.43,14.60
->,kir,1983,6.4->5.62,12.19
->,kor,1983,10.4->9.28,10.77
->,kwt,1983,5.3->6.18,16.60
->,lao,1983,1.8->2.52,40.00
+++,lby,1983,2.64,
->,lca,1983,7.9->6.81,13.80
->,lva,1983,11.2->9.69,13.48
->,mar,1983,1.5->1.81,20.67
->,mhl,1983,6.8->5.7,16.18
->,mli,1983,0.6->0.53,11.67
+++,mlt,1983,7.42,
->,mng,1983,8.2->7.09,13.54
->,mrt,1983,0.8->1.82,127.50
->,ner,1983,0.3->0.5,66.67
->,npl,1983,0.6->1.06,76.67
->,omn,1983,3.1->3.76,21.29
->,pak,1983,1.1->1.33,20.91
->,png,1983,1.9->2.57,35.26
+++,prk,1983,6.35,
->,rwa,1983,1.8->2.07,15.00
->,sau,1983,2.9->4.17,43.79
->,sdn,1983,1.8->2.16,20.00
->,sgp,1983,6.4->7.33,14.53
->,som,1983,0.4->0.72,80.00
+++,ssd,1983,0.42,
->,sur,1983,5.8->5.2,10.34
->,swz,1983,4.3->4.84,12.56
->,syc,1983,7->6.25,10.71
->,tcd,1983,0.4->0.57,42.50
->,tgo,1983,1.3->1.59,22.31
->,tls,1983,0.9->2.88,220.00
->,ton,1983,9.2->7.87,14.46
->,tur,1983,3.7->4.14,11.89
->,ukr,1983,11.2->9.44,15.71
->,ury,1983,8.7->7.8,10.34
+++,vct,1983,5.99,
->,vnm,1983,6.2->5.07,18.23
->,yem,1983,0.3->0.46,53.33
->,zmb,1983,4.2->3.58,14.76
->,afg,1984,0.2->0.34,70.00
->,alb,1984,8.2->7.34,10.49
+++,and,1984,10.44,
->,arm,1984,9.7->8.55,11.86
->,atg,1984,10.9->9.59,12.02
->,bdi,1984,1.3->1.6,23.08
->,bfa,1984,0.5->0.6,20.00
->,bhr,1984,6->5.3,11.67
->,bih,1984,5.5->6.16,12.00
->,blr,1984,10.9->9.76,10.46
->,blz,1984,6.9->5.11,25.94
+++,brb,1984,6.14,
+++,brn,1984,9.66,
+++,btn,1984,1.25,
->,caf,1984,1.3->1.75,34.62
->,che,1984,11->9.56,13.09
->,civ,1984,1.3->1.52,16.92
->,com,1984,1.4->2.43,73.57
->,cpv,1984,2.3->2.68,16.52
->,cri,1984,7.4->6.49,12.30
->,cub,1984,9->8.03,10.78
->,cze,1984,11.8->10.24,13.22
->,dji,1984,1->1.57,57.00
+++,dma,1984,7.36,
->,eri,1984,1->1.53,53.00
->,esp,1984,6.8->8.1,19.12
->,eth,1984,0.5->1.49,198.00
->,fji,1984,8.2->7.27,11.34
+++,fsm,1984,7.57,
->,gab,1984,4.8->6.17,28.54
->,gbr,1984,11.3->10.17,10.00
->,geo,1984,11.2->9.86,11.96
->,gha,1984,4.2->3.56,15.24
->,gmb,1984,1.1->1.33,20.91
->,gnb,1984,0.6->0.83,38.33
+++,grd,1984,6.14,
->,gtm,1984,2.7->3.03,12.22
->,hti,1984,2->2.77,38.50
->,irq,1984,4->2.96,26.00
+++,isl,1984,10.05,
->,jam,1984,8.9->7.6,14.61
->,kir,1984,6.6->5.75,12.88
->,kor,1984,10.7->9.45,11.68
->,kwt,1984,5.5->6.36,15.64
->,lao,1984,1.9->2.6,36.84
+++,lby,1984,2.72,
->,lca,1984,8->6.96,13.00
->,lva,1984,11.3->9.86,12.74
->,mar,1984,1.6->1.87,16.88
->,mhl,1984,7.1->5.84,17.75
+++,mlt,1984,7.53,
->,mng,1984,8.4->7.24,13.81
->,moz,1984,1.1->1.23,11.82
->,mrt,1984,0.8->1.87,133.75
->,ner,1984,0.3->0.52,73.33
->,npl,1984,0.6->1.11,85.00
->,omn,1984,3.3->3.87,17.27
->,pak,1984,1.2->1.39,15.83
->,png,1984,2->2.65,32.50
+++,prk,1984,6.5,
->,rwa,1984,1.9->2.15,13.16
->,sau,1984,3.2->4.3,34.37
->,sdn,1984,1.9->2.24,17.89
->,sgp,1984,6.5->7.51,15.54
->,som,1984,0.5->0.75,50.00
+++,ssd,1984,0.44,
->,swz,1984,4.4->4.99,13.41
->,syc,1984,7.2->6.42,10.83
->,tcd,1984,0.4->0.59,47.50
->,tgo,1984,1.4->1.64,17.14
->,tls,1984,1->2.97,197.00
->,ton,1984,9.4->8.01,14.79
->,ukr,1984,11.3->9.61,14.96
+++,vct,1984,6.14,
->,vnm,1984,6.3->5.19,17.62
->,yem,1984,0.3->0.49,63.33
->,zmb,1984,4.3->3.7,13.95
->,afg,1985,0.2->0.35,75.00
+++,and,1985,10.61,
->,arm,1985,9.8->8.7,11.22
->,atg,1985,11->9.76,11.27
->,bdi,1985,1.4->1.66,18.57
->,bfa,1985,0.5->0.62,24.00
->,bhr,1985,6.3->5.48,13.02
->,bih,1985,5.7->6.3,10.53
->,blr,1985,11.1->9.93,10.54
->,blz,1985,7->5.24,25.14
+++,brb,1985,6.28,
+++,brn,1985,9.82,
+++,btn,1985,1.3,
->,caf,1985,1.4->1.8,28.57
->,che,1985,11.1->9.73,12.34
->,civ,1985,1.4->1.57,12.14
->,com,1985,1.5->2.51,67.33
->,cpv,1985,2.4->2.76,15.00
->,cri,1985,7.5->6.63,11.60
->,cub,1985,9.2->8.19,10.98
->,cze,1985,12->10.4,13.33
->,dji,1985,1.1->1.62,47.27
+++,dma,1985,7.52,
->,eri,1985,1.1->1.58,43.64
->,esp,1985,7.1->8.28,16.62
->,eth,1985,0.5->1.54,208.00
->,fji,1985,8.3->7.42,10.60
+++,fsm,1985,7.72,
->,gab,1985,5->6.31,26.20
->,geo,1985,11.3->10.04,11.15
->,gha,1985,4.4->3.66,16.82
->,gin,1985,0.7->0.77,10.00
->,gmb,1985,1.2->1.38,15.00
->,gnb,1985,0.6->0.86,43.33
+++,grd,1985,6.28,
->,gtm,1985,2.8->3.11,11.07
->,hti,1985,2.1->2.87,36.67
->,irq,1985,4.1->3.1,24.39
+++,isl,1985,10.23,
->,jam,1985,9.1->7.76,14.73
->,kir,1985,6.8->5.87,13.68
->,kor,1985,10.9->9.63,11.65
->,kwt,1985,5.6->6.54,16.79
->,lao,1985,2->2.68,34.00
+++,lby,1985,2.8,
->,lca,1985,8.2->7.11,13.29
->,lva,1985,11.4->10.02,12.11
->,mhl,1985,7.2->5.98,16.94
+++,mlt,1985,7.64,
->,mng,1985,8.5->7.39,13.06
->,mrt,1985,0.9->1.93,114.44
->,ner,1985,0.4->0.54,35.00
->,npl,1985,0.7->1.15,64.29
->,omn,1985,3.5->3.98,13.71
->,pak,1985,1.3->1.44,10.77
->,png,1985,2.1->2.73,30.00
+++,prk,1985,6.65,
->,rwa,1985,2->2.23,11.50
->,sau,1985,3.4->4.43,30.29
->,sdn,1985,2->2.32,16.00
->,sgp,1985,6.7->7.7,14.93
->,som,1985,0.5->0.77,54.00
+++,ssd,1985,0.45,
->,sur,1985,6.1->5.46,10.49
->,swz,1985,4.6->5.14,11.74
->,tcd,1985,0.4->0.61,52.50
->,tgo,1985,1.5->1.69,12.67
->,tls,1985,1.1->3.06,178.18
->,ton,1985,9.5->8.15,14.21
->,ukr,1985,11.4->9.77,14.30
+++,vct,1985,6.28,
->,vnm,1985,6.4->5.32,16.88
->,wsm,1985,9->8.03,10.78
->,yem,1985,0.3->0.52,73.33
->,zmb,1985,4.5->3.82,15.11
->,afg,1986,0.2->0.36,80.00
+++,and,1986,10.78,
->,arm,1986,9.9->8.85,10.61
->,atg,1986,11.2->9.93,11.34
->,bdi,1986,1.5->1.71,14.00
->,bfa,1986,0.5->0.65,30.00
->,bhr,1986,6.6->5.67,14.09
->,blz,1986,7.1->5.37,24.37
+++,brb,1986,6.43,
+++,brn,1986,9.99,
+++,btn,1986,1.34,
->,caf,1986,1.5->1.86,24.00
->,che,1986,11.3->9.91,12.30
->,com,1986,1.7->2.59,52.35
->,cri,1986,7.7->6.76,12.21
->,cub,1986,9.4->8.36,11.06
->,cze,1986,12.1->10.57,12.64
->,dji,1986,1.1->1.68,52.73
+++,dma,1986,7.68,
->,eri,1986,1.2->1.63,35.83
->,esp,1986,7.3->8.46,15.89
->,eth,1986,0.6->1.6,166.67
->,fji,1986,8.5->7.56,11.06
+++,fsm,1986,7.88,
->,gab,1986,5.2->6.45,24.04
->,geo,1986,11.4->10.21,10.44
->,gha,1986,4.5->3.76,16.44
->,gmb,1986,1.2->1.42,18.33
->,gnb,1986,0.7->0.89,27.14
+++,grd,1986,6.43,
->,gtm,1986,2.9->3.2,10.34
->,hti,1986,2.2->2.97,35.00
->,irq,1986,4.1->3.25,20.73
+++,isl,1986,10.4,
->,jam,1986,9.2->7.93,13.80
->,kir,1986,7->6,14.29
->,kor,1986,11.2->9.8,12.50
->,kwt,1986,5.8->6.73,16.03
->,lao,1986,2.1->2.76,31.43
+++,lby,1986,2.89,
->,lca,1986,8.3->7.26,12.53
->,lva,1986,11.5->10.19,11.39
->,mhl,1986,7.4->6.12,17.30
->,mli,1986,0.7->0.59,15.71
+++,mlt,1986,7.75,
->,mng,1986,8.6->7.54,12.33
->,mrt,1986,1->1.99,99.00
->,ner,1986,0.4->0.55,37.50
->,npl,1986,0.7->1.2,71.43
->,omn,1986,3.7->4.09,10.54
->,pak,1986,1.3->1.5,15.38
->,png,1986,2.3->2.81,22.17
+++,prk,1986,6.8,
->,sau,1986,3.6->4.57,26.94
->,sgp,1986,6.8->7.9,16.18
->,slb,1986,3.6->3.23,10.28
->,som,1986,0.6->0.8,33.33
+++,ssd,1986,0.47,
->,swz,1986,4.8->5.29,10.21
->,tcd,1986,0.4->0.63,57.50
->,tgo,1986,1.5->1.74,16.00
->,tls,1986,1.2->3.15,162.50
->,ton,1986,9.7->8.3,14.43
->,ukr,1986,11.6->9.94,14.31
+++,vct,1986,6.43,
->,vnm,1986,6.5->5.45,16.15
->,wsm,1986,9.2->8.21,10.76
->,yem,1986,0.4->0.55,37.50
->,zmb,1986,4.6->3.94,14.35
->,afg,1987,0.2->0.37,85.00
+++,and,1987,10.95,
->,are,1987,7.9->7.07,10.51
->,atg,1987,11.4->10.1,11.40
->,bdi,1987,1.5->1.77,18.00
->,bfa,1987,0.6->0.67,11.67
->,bhr,1987,6.8->5.86,13.82
->,blz,1987,7.2->5.5,23.61
+++,brb,1987,6.58,
+++,brn,1987,10.16,
+++,btn,1987,1.38,
->,caf,1987,1.6->1.91,19.37
->,che,1987,11.4->10.08,11.58
->,com,1987,1.8->2.68,48.89
->,cri,1987,7.8->6.9,11.54
->,cub,1987,9.6->8.52,11.25
->,cze,1987,12.1->10.73,11.32
->,dji,1987,1.2->1.73,44.17
+++,dma,1987,7.84,
->,eri,1987,1.2->1.68,40.00
->,esp,1987,7.5->8.64,15.20
->,eth,1987,0.6->1.65,175.00
->,fji,1987,8.7->7.71,11.38
+++,fsm,1987,8.04,
->,gab,1987,5.4->6.59,22.04
->,geo,1987,11.6->10.38,10.52
->,gha,1987,4.6->3.86,16.09
->,gmb,1987,1.3->1.47,13.08
->,gnb,1987,0.7->0.92,31.43
+++,grd,1987,6.58,
->,hti,1987,2.3->3.07,33.48
->,irq,1987,4.1->3.41,16.83
+++,isl,1987,10.57,
->,jam,1987,9.4->8.09,13.94
->,kir,1987,7.2->6.12,15.00
->,kor,1987,11.4->9.98,12.46
->,kwt,1987,6->6.92,15.33
->,lao,1987,2.2->2.84,29.09
+++,lby,1987,2.98,
->,lca,1987,8.4->7.41,11.79
->,lva,1987,11.6->10.35,10.78
->,mhl,1987,7.6->6.26,17.63
->,mli,1987,0.7->0.61,12.86
+++,mlt,1987,7.86,
->,mng,1987,8.7->7.7,11.49
->,mrt,1987,1->2.05,105.00
->,ner,1987,0.4->0.57,42.50
->,npl,1987,0.8->1.26,57.50
->,pak,1987,1.4->1.57,12.14
->,png,1987,2.4->2.89,20.42
+++,prk,1987,6.95,
->,sau,1987,3.9->4.72,21.03
->,sgp,1987,7->8.1,15.71
->,som,1987,0.6->0.82,36.67
+++,ssd,1987,0.48,
->,sur,1987,6.4->5.73,10.47
->,tcd,1987,0.5->0.65,30.00
->,tgo,1987,1.6->1.8,12.50
->,tls,1987,1.3->3.24,149.23
->,ton,1987,9.8->8.44,13.88
->,ukr,1987,11.7->10.11,13.59
+++,vct,1987,6.58,
->,vnm,1987,6.6->5.57,15.61
->,wsm,1987,9.4->8.38,10.85
->,yem,1987,0.4->0.58,45.00
->,zmb,1987,4.7->4.06,13.62
->,afg,1988,0.2->0.39,95.00
+++,and,1988,11.11,
->,are,1988,8.2->7.3,10.98
->,atg,1988,11.5->10.26,10.78
->,bdi,1988,1.6->1.83,14.37
->,bfa,1988,0.6->0.7,16.67
->,bhr,1988,7.1->6.05,14.79
->,blz,1988,7.3->5.64,22.74
+++,brb,1988,6.73,
+++,brn,1988,10.33,
+++,btn,1988,1.43,
->,caf,1988,1.7->1.97,15.88
->,che,1988,11.5->10.25,10.87
->,com,1988,2->2.77,38.50
->,cri,1988,8->7.03,12.12
->,cub,1988,9.7->8.68,10.52
->,cze,1988,12.2->10.88,10.82
->,dji,1988,1.2->1.79,49.17
+++,dma,1988,8,
->,eri,1988,1.3->1.74,33.85
->,esp,1988,7.8->8.82,13.08
->,eth,1988,0.7->1.71,144.29
->,fji,1988,8.8->7.85,10.80
+++,fsm,1988,8.2,
->,gab,1988,5.6->6.72,20.00
->,gha,1988,4.7->3.96,15.74
->,gnb,1988,0.8->0.95,18.75
+++,grd,1988,6.73,
->,hti,1988,2.5->3.18,27.20
->,irq,1988,4.2->3.57,15.00
+++,isl,1988,10.74,
->,jam,1988,9.5->8.26,13.05
->,kir,1988,7.4->6.25,15.54
->,kor,1988,11.6->10.16,12.41
->,kwt,1988,6.1->7.11,16.56
->,lao,1988,2.3->2.93,27.39
+++,lby,1988,3.07,
->,lca,1988,8.6->7.57,11.98
->,lva,1988,11.7->10.51,10.17
->,mhl,1988,7.7->6.41,16.75
+++,mlt,1988,7.96,
->,mng,1988,8.8->7.85,10.80
->,mrt,1988,1.1->2.12,92.73
->,ner,1988,0.4->0.59,47.50
->,npl,1988,0.9->1.32,46.67
->,png,1988,2.5->2.97,18.80
+++,prk,1988,7.11,
->,sau,1988,4.1->4.87,18.78
->,sgp,1988,7.2->8.3,15.28
->,som,1988,0.6->0.85,41.67
+++,ssd,1988,0.5,
->,tcd,1988,0.5->0.67,34.00
->,tls,1988,1.4->3.34,138.57
->,ton,1988,10->8.58,14.20
->,ukr,1988,11.8->10.28,12.88
+++,vct,1988,6.73,
->,vnm,1988,6.7->5.7,14.93
->,wsm,1988,9.6->8.56,10.83
->,yem,1988,0.5->0.61,22.00
->,zmb,1988,4.9->4.19,14.49
->,afg,1989,0.2->0.4,100.00
+++,and,1989,11.28,
->,are,1989,8.5->7.54,11.29
->,atg,1989,11.7->10.43,10.85
->,bdi,1989,1.7->1.89,11.18
->,bfa,1989,0.6->0.72,20.00
->,bhr,1989,7.3->6.25,14.38
->,blz,1989,7.4->5.77,22.03
+++,brb,1989,6.88,
+++,brn,1989,10.5,
+++,btn,1989,1.47,
->,caf,1989,1.8->2.03,12.78
->,che,1989,11.6->10.42,10.17
->,com,1989,2.1->2.85,35.71
->,cri,1989,8.1->7.17,11.48
->,cub,1989,9.9->8.85,10.61
->,cze,1989,12.3->11.04,10.24
->,dji,1989,1.3->1.85,42.31
+++,dma,1989,8.17,
->,eri,1989,1.4->1.8,28.57
->,esp,1989,8->9.01,12.62
->,eth,1989,0.7->1.77,152.86
->,fji,1989,9->8,11.11
+++,fsm,1989,8.36,
->,gab,1989,5.8->6.86,18.28
->,gha,1989,4.8->4.06,15.42
->,gmb,1989,1.4->1.57,12.14
->,gnb,1989,0.8->0.99,23.75
+++,grd,1989,6.88,
->,hti,1989,2.6->3.29,26.54
->,irq,1989,4.2->3.74,10.95
+++,isl,1989,10.91,
->,jam,1989,9.7->8.43,13.09
->,kir,1989,7.6->6.38,16.05
->,kor,1989,11.8->10.34,12.37
->,kwt,1989,6.3->7.31,16.03
->,lao,1989,2.3->3.02,31.30
+++,lby,1989,3.16,
->,lca,1989,8.7->7.72,11.26
->,mhl,1989,7.8->6.56,15.90
->,mli,1989,0.8->0.65,18.75
+++,mlt,1989,8.05,
->,mng,1989,8.9->8,10.11
->,mrt,1989,1.2->2.18,81.67
->,ner,1989,0.5->0.61,22.00
->,npl,1989,0.9->1.37,52.22
->,png,1989,2.6->3.06,17.69
+++,prk,1989,7.27,
->,sau,1989,4.4->5.02,14.09
->,sgp,1989,7.3->8.51,16.58
->,som,1989,0.7->0.88,25.71
+++,ssd,1989,0.52,
->,tcd,1989,0.5->0.69,38.00
->,tls,1989,1.5->3.44,129.33
->,ton,1989,10.1->8.71,13.76
->,ukr,1989,11.9->10.45,12.18
+++,vct,1989,6.88,
->,vnm,1989,6.8->5.83,14.26
->,yem,1989,0.5->0.65,30.00
->,zmb,1989,5->4.32,13.60
->,afg,1990,0.2->0.42,110.00
+++,and,1990,11.45,
->,are,1990,8.8->7.79,11.48
->,atg,1990,11.8->10.6,10.17
->,bdi,1990,1.7->1.96,15.29
->,bhr,1990,7.6->6.46,15.00
->,blz,1990,7.5->5.91,21.20
+++,brb,1990,7.03,
+++,brn,1990,10.67,
+++,btn,1990,1.52,
->,caf,1990,1.9->2.1,10.53
->,cog,1990,5.4->4.84,10.37
->,com,1990,2.3->2.95,28.26
->,cri,1990,8.3->7.3,12.05
->,dji,1990,1.4->1.91,36.43
+++,dma,1990,8.33,
->,eri,1990,1.5->1.85,23.33
->,esp,1990,8.2->9.19,12.07
->,eth,1990,0.8->1.83,128.75
->,fji,1990,9.1->8.14,10.55
+++,fsm,1990,8.52,
->,gab,1990,6->6.99,16.50
->,gha,1990,4.9->4.16,15.10
->,gnb,1990,0.9->1.02,13.33
+++,grd,1990,7.03,
->,guy,1990,7.9->7.08,10.38
->,hti,1990,2.8->3.4,21.43
+++,isl,1990,11.08,
->,jam,1990,9.8->8.61,12.14
->,kir,1990,7.8->6.5,16.67
->,kor,1990,12->10.52,12.33
->,kwt,1990,6.5->7.51,15.54
->,lao,1990,2.4->3.11,29.58
+++,lby,1990,3.25,
->,lca,1990,8.8->7.88,10.45
->,mhl,1990,8->6.7,16.25
->,mli,1990,0.8->0.68,15.00
+++,mlt,1990,8.14,
->,mrt,1990,1.3->2.25,73.08
->,ner,1990,0.5->0.63,26.00
->,npl,1990,1->1.44,44.00
->,png,1990,2.7->3.15,16.67
+++,prk,1990,7.42,
->,sau,1990,4.7->5.18,10.21
->,sgp,1990,7.5->8.72,16.27
->,som,1990,0.7->0.91,30.00
+++,ssd,1990,0.53,
->,tcd,1990,0.6->0.72,20.00
->,tls,1990,1.7->3.54,108.24
->,ton,1990,10.3->8.85,14.08
->,ukr,1990,12->10.62,11.50
+++,vct,1990,7.03,
->,vnm,1990,6.9->5.96,13.62
->,yem,1990,0.5->0.69,38.00
->,zmb,1990,5.1->4.45,12.75
->,afg,1991,0.3->0.43,43.33
+++,and,1991,11.61,
->,are,1991,9->8.05,10.56
->,bdi,1991,1.8->2.02,12.22
->,bfa,1991,0.7->0.78,11.43
->,bhr,1991,7.8->6.67,14.49
->,blz,1991,7.6->6.05,20.39
+++,brb,1991,7.19,
+++,brn,1991,10.83,
+++,btn,1991,1.57,
->,cog,1991,5.6->4.99,10.89
->,com,1991,2.4->3.04,26.67
->,cri,1991,8.4->7.43,11.55
->,dji,1991,1.5->1.97,31.33
+++,dma,1991,8.49,
->,eri,1991,1.6->1.91,19.37
->,esp,1991,8.4->9.38,11.67
->,eth,1991,0.8->1.89,136.25
->,fji,1991,9.3->8.29,10.86
+++,fsm,1991,8.68,
->,gab,1991,6.1->7.13,16.89
->,gha,1991,5.1->4.26,16.47
->,gnb,1991,0.9->1.06,17.78
+++,grd,1991,7.19,
->,guy,1991,8.2->7.21,12.07
->,hti,1991,2.9->3.52,21.38
+++,isl,1991,11.25,
->,jam,1991,10->8.78,12.20
->,kir,1991,8->6.63,17.12
->,kor,1991,12.2->10.7,12.30
->,kwt,1991,6.6->7.72,16.97
->,lao,1991,2.5->3.2,28.00
+++,lby,1991,3.35,
->,mhl,1991,8.1->6.85,15.43
->,mli,1991,0.8->0.7,12.50
+++,mlt,1991,8.23,
->,mrt,1991,1.4->2.32,65.71
->,ner,1991,0.5->0.65,30.00
->,npl,1991,1.1->1.5,36.36
->,png,1991,2.8->3.24,15.71
+++,prk,1991,7.58,
->,pse,1991,8.1->7.26,10.37
->,sgp,1991,7.7->8.94,16.10
->,som,1991,0.7->0.94,34.29
+++,ssd,1991,0.55,
->,tcd,1991,0.6->0.74,23.33
->,tjk,1991,10.1->9.08,10.10
->,tls,1991,1.8->3.65,102.78
->,ton,1991,10.4->8.98,13.65
->,ukr,1991,12.1->10.79,10.83
+++,vct,1991,7.19,
->,vnm,1991,7->6.1,12.86
->,yem,1991,0.6->0.73,21.67
->,zmb,1991,5.2->4.59,11.73
->,afg,1992,0.3->0.45,50.00
+++,and,1992,11.78,
->,are,1992,9.3->8.32,10.54
->,bfa,1992,0.7->0.81,15.71
->,bhr,1992,8.1->6.88,15.06
->,blz,1992,7.7->6.19,19.61
+++,brb,1992,7.34,
+++,brn,1992,11,
+++,btn,1992,1.62,
->,cog,1992,5.8->5.14,11.38
->,com,1992,2.6->3.14,20.77
->,cri,1992,8.6->7.56,12.09
->,dji,1992,1.6->2.03,26.87
+++,dma,1992,8.66,
->,eri,1992,1.7->1.98,16.47
->,esp,1992,8.6->9.57,11.28
->,eth,1992,0.9->1.96,117.78
->,fji,1992,9.4->8.44,10.21
+++,fsm,1992,8.84,
->,gab,1992,6.3->7.26,15.24
->,gha,1992,5.2->4.36,16.15
->,gnb,1992,1->1.1,10.00
+++,grd,1992,7.34,
->,guy,1992,8.4->7.35,12.50
->,hti,1992,3->3.64,21.33
+++,isl,1992,11.42,
->,jam,1992,10.1->8.96,11.29
->,kir,1992,8.2->6.76,17.56
->,kor,1992,12.4->10.88,12.26
->,kwt,1992,6.8->7.94,16.76
->,lao,1992,2.6->3.3,26.92
+++,lby,1992,3.44,
->,mhl,1992,8.2->7.01,14.51
+++,mlt,1992,8.32,
->,mrt,1992,1.5->2.38,58.67
->,ner,1992,0.6->0.68,13.33
->,npl,1992,1.1->1.57,42.73
->,png,1992,3->3.33,11.00
+++,prk,1992,7.74,
->,pse,1992,8.3->7.42,10.60
->,sgp,1992,7.8->9.17,17.56
->,som,1992,0.8->0.97,21.25
+++,ssd,1992,0.57,
->,tcd,1992,0.6->0.77,28.33
->,tls,1992,1.9->3.75,97.37
->,ton,1992,10.6->9.11,14.06
->,ukr,1992,12.2->10.96,10.16
+++,vct,1992,7.34,
->,vnm,1992,7.1->6.23,12.25
->,yem,1992,0.6->0.78,30.00
->,zmb,1992,5.3->4.72,10.94
->,afg,1993,0.3->0.46,53.33
+++,and,1993,11.94,
->,bhr,1993,8.3->7.1,14.46
->,blz,1993,7.8->6.33,18.85
+++,brb,1993,7.5,
+++,brn,1993,11.17,
+++,btn,1993,1.67,
->,cog,1993,6->5.29,11.83
->,com,1993,2.7->3.24,20.00
->,cri,1993,8.7->7.69,11.61
->,dji,1993,1.6->2.1,31.25
+++,dma,1993,8.83,
->,eri,1993,1.8->2.04,13.33
->,eth,1993,0.9->2.02,124.44
->,fji,1993,9.6->8.58,10.62
+++,fsm,1993,9,
->,gab,1993,6.5->7.39,13.69
->,gha,1993,5.3->4.47,15.66
->,gnb,1993,1->1.13,13.00
+++,grd,1993,7.5,
->,guy,1993,8.6->7.48,13.02
->,hti,1993,3.2->3.77,17.81
+++,isl,1993,11.59,
->,jam,1993,10.2->9.13,10.49
->,kir,1993,8.4->6.88,18.10
->,kor,1993,12.6->11.06,12.22
->,kwt,1993,7->8.16,16.57
->,lao,1993,2.7->3.4,25.93
+++,lby,1993,3.55,
->,mhl,1993,8.4->7.16,14.76
->,mli,1993,0.9->0.76,15.56
+++,mlt,1993,8.39,
->,mrt,1993,1.5->2.45,63.33
->,mus,1993,7.4->6.66,10.00
->,ner,1993,0.6->0.7,16.67
->,npl,1993,1.2->1.65,37.50
->,png,1993,3.1->3.42,10.32
+++,prk,1993,7.9,
->,pse,1993,8.5->7.58,10.82
->,sgp,1993,8->9.4,17.50
->,som,1993,0.8->1,25.00
+++,ssd,1993,0.59,
->,tcd,1993,0.7->0.79,12.86
->,tjk,1993,10.4->9.31,10.48
->,tls,1993,2.1->3.86,83.81
->,ton,1993,10.7->9.24,13.64
->,tun,1993,4.3->4.74,10.23
+++,vct,1993,7.5,
->,vnm,1993,7.2->6.36,11.67
->,yem,1993,0.7->0.83,18.57
->,afg,1994,0.3->0.48,60.00
+++,and,1994,12.1,
->,bdi,1994,2->2.24,12.00
->,bhr,1994,8.5->7.32,13.88
->,blz,1994,7.9->6.48,17.97
+++,brb,1994,7.66,
+++,brn,1994,11.33,
+++,btn,1994,1.73,
->,cog,1994,6.2->5.45,12.10
->,com,1994,2.9->3.34,15.17
->,cri,1994,8.9->7.82,12.13
->,dji,1994,1.7->2.17,27.65
+++,dma,1994,8.99,
->,eri,1994,1.9->2.11,11.05
->,eth,1994,1->2.09,109.00
+++,fsm,1994,9.16,
->,gab,1994,6.6->7.51,13.79
->,gha,1994,5.4->4.57,15.37
+++,grd,1994,7.66,
->,guy,1994,8.8->7.61,13.52
->,hti,1994,3.4->3.9,14.71
+++,isl,1994,11.76,
->,kir,1994,8.6->7.01,18.49
->,kor,1994,12.8->11.25,12.11
->,kwt,1994,7.1->8.39,18.17
->,lao,1994,2.8->3.5,25.00
+++,lby,1994,3.65,
->,mhl,1994,8.5->7.31,14.00
->,mli,1994,0.9->0.78,13.33
+++,mlt,1994,8.47,
->,mrt,1994,1.6->2.53,58.12
->,mwi,1994,3.2->2.88,10.00
->,ner,1994,0.6->0.72,20.00
->,npl,1994,1.3->1.72,32.31
+++,prk,1994,8.07,
->,pse,1994,8.7->7.74,11.03
->,sgp,1994,8.1->9.64,19.01
->,som,1994,0.9->1.03,14.44
+++,ssd,1994,0.61,
->,tcd,1994,0.7->0.82,17.14
->,tjk,1994,10.5->9.42,10.29
->,tls,1994,2.2->3.97,80.45
->,ton,1994,10.8->9.37,13.24
->,tun,1994,4.5->5.01,11.33
+++,vct,1994,7.66,
->,vnm,1994,7.3->6.5,10.96
->,yem,1994,0.7->0.89,27.14
->,afg,1995,0.3->0.49,63.33
+++,and,1995,12.26,
->,bfa,1995,0.8->0.91,13.75
->,bhr,1995,8.8->7.54,14.32
->,blz,1995,8->6.63,17.12
+++,brb,1995,7.82,
+++,brn,1995,11.5,
+++,btn,1995,1.78,
->,cog,1995,6.3->5.61,10.95
->,com,1995,3.1->3.45,11.29
->,cri,1995,9->7.94,11.78
->,dji,1995,1.8->2.23,23.89
+++,dma,1995,9.16,
->,eth,1995,1->2.16,116.00
+++,fsm,1995,9.32,
->,gab,1995,6.8->7.63,12.21
->,gha,1995,5.5->4.67,15.09
->,gnb,1995,1.1->1.22,10.91
+++,grd,1995,7.82,
->,guy,1995,9->7.75,13.89
->,hti,1995,3.5->4.04,15.43
+++,isl,1995,11.92,
->,kir,1995,8.7->7.13,18.05
->,kor,1995,12.9->11.43,11.40
->,kwt,1995,7.3->8.62,18.08
->,lao,1995,2.9->3.6,24.14
+++,lby,1995,3.75,
->,mhl,1995,8.6->7.47,13.14
+++,mlt,1995,8.54,
->,mrt,1995,1.7->2.6,52.94
->,npl,1995,1.4->1.8,28.57
+++,prk,1995,8.23,
->,pse,1995,8.9->7.9,11.24
->,sgp,1995,8.3->9.88,19.04
->,som,1995,0.9->1.06,17.78
+++,ssd,1995,0.63,
->,tjk,1995,10.6->9.52,10.19
->,tls,1995,2.4->4.09,70.42
->,ton,1995,11->9.49,13.73
->,tun,1995,4.7->5.28,12.34
+++,vct,1995,7.82,
->,yem,1995,0.8->0.95,18.75
->,afg,1996,0.3->0.51,70.00
+++,and,1996,12.42,
->,bhr,1996,9->7.7,14.44
->,blz,1996,8.1->6.77,16.42
+++,brb,1996,7.98,
+++,brn,1996,11.66,
+++,btn,1996,1.84,
->,cog,1996,6.5->5.77,11.23
->,com,1996,3.2->3.56,11.25
->,cri,1996,9.1->8.07,11.32
->,dji,1996,1.9->2.31,21.58
+++,dma,1996,9.33,
->,eth,1996,1.1->2.23,102.73
+++,fsm,1996,9.48,
->,gab,1996,7->7.74,10.57
->,gha,1996,5.6->4.78,14.64
+++,grd,1996,7.98,
->,guy,1996,9.2->7.89,14.24
->,hti,1996,3.7->4.17,12.70
+++,isl,1996,12.08,
->,kir,1996,8.9->7.25,18.54
->,kor,1996,13.1->11.61,11.37
->,kwt,1996,7.4->8.84,19.46
->,lao,1996,3.1->3.71,19.68
->,lbr,1996,2.1->2.34,11.43
+++,lby,1996,3.86,
->,mhl,1996,8.7->7.63,12.30
->,mli,1996,1->0.84,16.00
+++,mlt,1996,8.67,
->,mrt,1996,1.8->2.67,48.33
->,mwi,1996,3.4->3.05,10.29
->,ner,1996,0.7->0.77,10.00
->,npl,1996,1.5->1.88,25.33
+++,prk,1996,8.39,
->,pse,1996,9.1->8.05,11.54
->,sgp,1996,8.4->10.13,20.60
->,som,1996,1->1.1,10.00
+++,ssd,1996,0.65,
->,tjk,1996,10.8->9.61,11.02
->,tls,1996,2.5->4.21,68.40
->,ton,1996,11.1->9.61,13.42
->,tun,1996,4.9->5.49,12.04
+++,vct,1996,7.98,
->,yem,1996,0.9->1.01,12.22
->,afg,1997,0.3->0.53,76.67
+++,and,1997,12.58,
->,bhr,1997,9.2->7.85,14.67
->,blz,1997,8.2->6.91,15.73
+++,brb,1997,8.14,
+++,brn,1997,11.83,
+++,btn,1997,1.89,
->,cog,1997,6.7->5.93,11.49
->,cri,1997,9.3->8.21,11.72
->,dji,1997,2->2.38,19.00
+++,dma,1997,9.5,
->,eth,1997,1.2->2.3,91.67
+++,fsm,1997,9.64,
->,gab,1997,7.1->7.85,10.56
->,gha,1997,5.7->4.88,14.39
+++,grd,1997,8.14,
->,guy,1997,9.4->8.03,14.57
->,hti,1997,3.9->4.3,10.26
->,irq,1997,4.6->5.17,12.39
+++,isl,1997,12.25,
->,kir,1997,9.1->7.38,18.90
->,kor,1997,13.2->11.79,10.68
->,kwt,1997,7.6->9.06,19.21
->,lao,1997,3.2->3.82,19.37
->,lbr,1997,2.2->2.44,10.91
+++,lby,1997,3.97,
->,mdv,1997,4.6->5.08,10.43
->,mhl,1997,8.8->7.78,11.59
->,mli,1997,1->0.87,13.00
+++,mlt,1997,8.81,
->,mrt,1997,1.9->2.75,44.74
->,mus,1997,8.2->7.37,10.12
->,mwi,1997,3.5->3.13,10.57
->,npl,1997,1.6->1.96,22.50
+++,prk,1997,8.56,
->,pse,1997,9.3->8.21,11.72
->,sdn,1997,4->3.58,10.50
->,sgp,1997,8.6->10.37,20.58
->,som,1997,1->1.13,13.00
+++,ssd,1997,0.67,
->,tcd,1997,0.8->0.91,13.75
->,tjk,1997,10.9->9.7,11.01
->,tls,1997,2.7->4.34,60.74
->,ton,1997,11.2->9.72,13.21
->,tun,1997,5->5.69,13.80
+++,vct,1997,8.14,
->,yem,1997,0.9->1.07,18.89
->,afg,1998,0.4->0.55,37.50
+++,and,1998,12.73,
->,bdi,1998,2.3->2.56,11.30
->,bhr,1998,9.4->8,14.89
->,blz,1998,8.3->7.06,14.94
+++,brb,1998,8.31,
+++,brn,1998,11.99,
+++,btn,1998,1.95,
->,cod,1998,4.6->4.12,10.43
->,cog,1998,6.8->6.09,10.44
->,cri,1998,9.4->8.34,11.28
->,dji,1998,2.1->2.46,17.14
+++,dma,1998,9.67,
->,eth,1998,1.2->2.37,97.50
+++,fsm,1998,9.8,
->,gha,1998,5.8->4.99,13.97
+++,grd,1998,8.31,
->,guy,1998,9.6->8.17,14.90
->,hti,1998,4->4.43,10.75
->,irq,1998,4.7->5.31,12.98
+++,isl,1998,12.41,
->,kir,1998,9.3->7.51,19.25
->,kor,1998,13.4->11.97,10.67
->,kwt,1998,7.7->9.27,20.39
->,lao,1998,3.3->3.93,19.09
+++,lby,1998,4.08,
->,mdv,1998,4.7->5.2,10.64
->,mhl,1998,8.9->7.94,10.79
+++,mlt,1998,8.94,
->,moz,1998,2.1->1.87,10.95
->,mrt,1998,2->2.83,41.50
->,mus,1998,8.4->7.53,10.36
->,mwi,1998,3.6->3.22,10.56
->,npl,1998,1.7->2.04,20.00
+++,prk,1998,8.72,
->,pse,1998,9.5->8.36,12.00
->,sdn,1998,4.2->3.68,12.38
->,sgp,1998,8.7->10.6,21.84
+++,ssd,1998,0.69,
->,tjk,1998,11->9.79,11.00
->,tls,1998,2.9->4.47,54.14
->,ton,1998,11.4->9.84,13.68
->,tun,1998,5.2->5.9,13.46
+++,vct,1998,8.31,
->,yem,1998,1->1.14,14.00
->,afg,1999,0.4->0.57,42.50
+++,and,1999,12.89,
->,bdi,1999,2.4->2.64,10.00
->,bhr,1999,9.6->8.15,15.10
->,blz,1999,8.4->7.21,14.17
+++,brb,1999,8.47,
+++,brn,1999,12.15,
+++,btn,1999,2.01,
->,cog,1999,7->6.26,10.57
->,cri,1999,9.6->8.48,11.67
->,dji,1999,2.2->2.54,15.45
+++,dma,1999,9.83,
->,eth,1999,1.3->2.44,87.69
+++,fsm,1999,9.97,
->,gha,1999,6->5.1,15.00
+++,grd,1999,8.47,
->,guy,1999,9.7->8.32,14.23
->,irq,1999,4.8->5.46,13.75
+++,isl,1999,12.57,
->,kir,1999,9.5->7.64,19.58
->,kor,1999,13.5->12.14,10.07
->,kwt,1999,7.9->9.49,20.13
->,lao,1999,3.4->4.04,18.82
+++,lby,1999,4.19,
->,mdv,1999,4.8->5.32,10.83
->,mhl,1999,9.1->8.1,10.99
->,mli,1999,1.1->0.93,15.45
+++,mlt,1999,9.09,
->,mrt,1999,2.2->2.91,32.27
->,mus,1999,8.6->7.7,10.47
->,mwi,1999,3.8->3.31,12.89
->,npl,1999,1.8->2.12,17.78
->,omn,1999,6.4->5.75,10.16
+++,prk,1999,8.89,
->,pse,1999,9.7->8.52,12.16
->,sdn,1999,4.3->3.78,12.09
->,sgp,1999,8.9->10.82,21.57
+++,ssd,1999,0.71,
->,tjk,1999,11.1->9.88,10.99
->,tls,1999,3->4.6,53.33
->,ton,1999,11.5->9.97,13.30
->,tun,1999,5.4->6.1,12.96
+++,vct,1999,8.47,
->,yem,1999,1->1.2,20.00
->,afg,2000,0.4->0.59,47.50
+++,and,2000,13.04,
->,bhr,2000,9.8->8.3,15.31
->,blz,2000,8.5->7.36,13.41
+++,brb,2000,8.64,
+++,brn,2000,12.31,
+++,btn,2000,2.08,
->,cri,2000,9.7->8.62,11.13
+++,dma,2000,10,
->,eth,2000,1.4->2.52,80.00
+++,fsm,2000,10.13,
->,gha,2000,6.1->5.21,14.59
+++,grd,2000,8.64,
->,guy,2000,9.9->8.47,14.44
->,irq,2000,4.8->5.61,16.88
+++,isl,2000,12.72,
->,kir,2000,9.6->7.77,19.06
->,kwt,2000,8->9.7,21.25
->,lao,2000,3.5->4.16,18.86
->,lbr,2000,2.4->2.73,13.75
+++,lby,2000,4.3,
->,mdv,2000,4.8->5.45,13.54
->,mhl,2000,9.2->8.27,10.11
->,mli,2000,1.1->0.96,12.73
+++,mlt,2000,9.23,
->,moz,2000,2.2->1.98,10.00
->,mrt,2000,2.3->2.99,30.00
->,mus,2000,8.8->7.87,10.57
->,mwi,2000,3.9->3.4,12.82
->,nga,2000,5.3->4.74,10.57
->,npl,2000,1.9->2.2,15.79
->,omn,2000,6.6->5.89,10.76
+++,prk,2000,9.06,
->,pse,2000,9.9->8.67,12.42
->,sdn,2000,4.5->3.89,13.56
->,sgp,2000,9->11.05,22.78
+++,ssd,2000,0.74,
->,tjk,2000,11.3->9.98,11.68
->,tls,2000,3.2->4.73,47.81
->,ton,2000,11.6->10.09,13.02
->,tun,2000,5.6->6.3,12.50
+++,vct,2000,8.64,
->,yem,2000,1.1->1.26,14.55
->,afg,2001,0.4->0.61,52.50
+++,and,2001,13.19,
->,bhr,2001,10->8.45,15.50
->,blz,2001,8.6->7.51,12.67
+++,brb,2001,8.8,
+++,brn,2001,12.47,
+++,btn,2001,2.14,
->,cri,2001,9.8->8.77,10.51
+++,dma,2001,10.17,
->,eth,2001,1.4->2.59,85.00
+++,fsm,2001,10.3,
->,gha,2001,6.2->5.32,14.19
+++,grd,2001,8.8,
->,guy,2001,10.1->8.62,14.65
->,irq,2001,4.9->5.75,17.35
+++,isl,2001,12.88,
->,kir,2001,9.8->7.91,19.29
->,kwt,2001,8.2->9.91,20.85
->,lao,2001,3.6->4.28,18.89
->,lbr,2001,2.5->2.83,13.20
+++,lby,2001,4.42,
->,mdv,2001,4.9->5.58,13.88
->,mli,2001,1.1->0.99,10.00
+++,mlt,2001,9.38,
->,moz,2001,2.3->2.03,11.74
->,mrt,2001,2.4->3.08,28.33
->,mus,2001,9->8.04,10.67
->,mwi,2001,4->3.5,12.50
->,npl,2001,2->2.29,14.50
->,omn,2001,6.8->6.03,11.32
+++,prk,2001,9.22,
->,pse,2001,10.1->8.83,12.57
->,sdn,2001,4.7->4,14.89
->,sgp,2001,9.1->11.26,23.74
+++,ssd,2001,0.76,
->,tjk,2001,11.4->10.08,11.58
->,tls,2001,3.4->4.87,43.24
->,ton,2001,11.7->10.22,12.65
->,tun,2001,5.7->6.5,14.04
+++,vct,2001,8.8,
->,yem,2001,1.2->1.33,10.83
->,afg,2002,0.4->0.63,57.50
+++,and,2002,13.35,
->,bhr,2002,10.2->8.59,15.78
->,blz,2002,8.7->7.67,11.84
+++,brb,2002,8.97,
+++,brn,2002,12.63,
+++,btn,2002,2.21,
->,cpv,2002,5->4.46,10.80
->,cri,2002,9.9->8.91,10.00
+++,dma,2002,10.34,
->,eth,2002,1.5->2.67,78.00
+++,fsm,2002,10.46,
->,gha,2002,6.3->5.44,13.65
+++,grd,2002,8.97,
->,guy,2002,10.2->8.77,14.02
->,irq,2002,5->5.9,18.00
+++,isl,2002,13.03,
->,kir,2002,10->8.05,19.50
->,kwt,2002,8.3->10.11,21.81
->,lao,2002,3.7->4.39,18.65
->,lbr,2002,2.6->2.93,12.69
+++,lby,2002,4.54,
->,mdv,2002,5->5.71,14.20
+++,mlt,2002,9.53,
->,mrt,2002,2.5->3.16,26.40
->,mus,2002,9.2->8.2,10.87
->,mwi,2002,4.1->3.59,12.44
->,nga,2002,5.6->4.99,10.89
->,npl,2002,2.1->2.37,12.86
->,omn,2002,7.1->6.18,12.96
->,pak,2002,3.2->2.86,10.63
+++,prk,2002,9.39,
->,pse,2002,10.3->8.99,12.72
->,sdn,2002,4.9->4.1,16.33
->,sgp,2002,9.3->11.47,23.33
+++,ssd,2002,0.79,
->,tjk,2002,11.5->10.19,11.39
->,tls,2002,3.6->5,38.89
->,ton,2002,11.8->10.35,12.29
->,tun,2002,5.9->6.7,13.56
+++,vct,2002,8.97,
->,afg,2003,0.4->0.65,62.50
+++,and,2003,13.49,
->,bdi,2003,2.7->3,11.11
->,bhr,2003,10.4->8.74,15.96
->,blz,2003,8.8->7.82,11.14
+++,brb,2003,9.13,
+++,brn,2003,12.79,
+++,btn,2003,2.27,
->,civ,2003,3.1->2.78,10.32
->,cpv,2003,5.1->4.57,10.39
->,cri,2003,10.1->9.06,10.30
+++,dma,2003,10.51,
->,eth,2003,1.6->2.74,71.25
+++,fsm,2003,10.62,
->,gha,2003,6.4->5.55,13.28
+++,grd,2003,9.13,
->,guy,2003,10.4->8.92,14.23
->,irq,2003,5.1->6.05,18.63
+++,isl,2003,13.19,
->,kir,2003,10.2->8.19,19.71
->,kwt,2003,8.5->10.31,21.29
->,lao,2003,3.8->4.51,18.68
->,lbr,2003,2.7->3.03,12.22
+++,lby,2003,4.66,
->,mdv,2003,5.1->5.84,14.51
->,mli,2003,1.2->1.06,11.67
+++,mlt,2003,9.68,
->,moz,2003,2.4->2.15,10.42
->,mrt,2003,2.6->3.25,25.00
->,mus,2003,9.3->8.37,10.00
->,mwi,2003,4.3->3.69,14.19
->,nga,2003,5.7->5.12,10.18
->,omn,2003,7.3->6.32,13.42
->,pak,2003,3.3->2.96,10.30
+++,prk,2003,9.56,
->,pse,2003,10.4->9.15,12.02
->,sdn,2003,5.1->4.21,17.45
->,sgp,2003,9.4->11.68,24.26
+++,ssd,2003,0.81,
->,tjk,2003,11.6->10.29,11.29
->,tls,2003,3.8->5.14,35.26
->,ton,2003,11.9->10.48,11.93
->,tun,2003,6.1->6.89,12.95
+++,vct,2003,9.13,
->,yem,2003,1.3->1.46,12.31
->,afg,2004,0.5->0.68,36.00
+++,and,2004,13.64,
->,bdi,2004,2.8->3.09,10.36
->,bhr,2004,10.6->8.89,16.13
->,blz,2004,8.9->7.98,10.34
+++,brb,2004,9.3,
+++,brn,2004,12.94,
+++,btn,2004,2.34,
->,civ,2004,3.2->2.86,10.63
->,cpv,2004,5.3->4.69,11.51
+++,dma,2004,10.68,
->,eri,2004,3.3->2.88,12.73
->,eth,2004,1.7->2.82,65.88
+++,fsm,2004,10.79,
->,gha,2004,6.5->5.67,12.77
+++,grd,2004,9.3,
->,guy,2004,10.5->9.08,13.52
->,irq,2004,5.1->6.2,21.57
+++,isl,2004,13.34,
->,kir,2004,10.3->8.33,19.13
->,kwt,2004,8.6->10.51,22.21
->,lao,2004,3.9->4.64,18.97
->,lbr,2004,2.8->3.14,12.14
+++,lby,2004,4.78,
->,mdv,2004,5.2->5.97,14.81
+++,mlt,2004,9.84,
->,moz,2004,2.5->2.21,11.60
->,mrt,2004,2.7->3.34,23.70
->,mus,2004,9.5->8.54,10.11
->,mwi,2004,4.4->3.79,13.86
->,nga,2004,5.9->5.26,10.85
->,omn,2004,7.5->6.47,13.73
->,pak,2004,3.5->3.06,12.57
+++,prk,2004,9.73,
->,pse,2004,10.6->9.31,12.17
->,sdn,2004,5.3->4.33,18.30
->,sgp,2004,9.5->11.88,25.05
+++,ssd,2004,0.84,
->,tjk,2004,11.7->10.4,11.11
->,tls,2004,4->5.28,32.00
->,ton,2004,12->10.62,11.50
->,tun,2004,6.2->7.08,14.19
+++,vct,2004,9.3,
->,afg,2005,0.5->0.7,40.00
+++,and,2005,13.79,
->,bhr,2005,10.8->9.04,16.30
+++,brb,2005,9.47,
+++,brn,2005,13.1,
+++,btn,2005,2.41,
->,cpv,2005,5.4->4.82,10.74
+++,dma,2005,10.84,
->,eri,2005,3.4->2.97,12.65
->,eth,2005,1.7->2.9,70.59
+++,fsm,2005,10.95,
->,gha,2005,6.5->5.79,10.92
+++,grd,2005,9.47,
->,guy,2005,10.6->9.24,12.83
->,ind,2005,5->4.49,10.20
->,irq,2005,5.2->6.34,21.92
+++,isl,2005,13.49,
->,kir,2005,10.5->8.48,19.24
->,kwt,2005,8.7->10.71,23.10
->,lao,2005,4->4.76,19.00
->,lbr,2005,2.8->3.24,15.71
+++,lby,2005,4.91,
->,mar,2005,4.1->3.67,10.49
->,mdv,2005,5.3->6.11,15.28
+++,mlt,2005,9.99,
->,moz,2005,2.6->2.27,12.69
->,mrt,2005,2.9->3.43,18.28
->,mus,2005,9.7->8.71,10.21
->,mwi,2005,4.5->3.89,13.56
->,nga,2005,6->5.39,10.17
->,omn,2005,7.6->6.62,12.89
->,pak,2005,3.6->3.16,12.22
+++,prk,2005,9.9,
->,pse,2005,10.8->9.47,12.31
->,sdn,2005,5.4->4.44,17.78
->,sgp,2005,9.7->12.07,24.43
+++,ssd,2005,0.87,
->,tjk,2005,11.8->10.51,10.93
->,tls,2005,4.2->5.42,29.05
->,ton,2005,12.2->10.75,11.89
->,tun,2005,6.4->7.28,13.75
+++,vct,2005,9.47,
->,afg,2006,0.5->0.72,44.00
+++,and,2006,13.93,
->,bhr,2006,10.9->9.18,15.78
+++,brb,2006,9.64,
+++,brn,2006,13.25,
+++,btn,2006,2.49,
->,cpv,2006,5.5->4.94,10.18
+++,dma,2006,11.01,
->,eri,2006,3.6->3.06,15.00
->,eth,2006,1.8->2.98,65.56
+++,fsm,2006,11.12,
->,gha,2006,6.6->5.92,10.30
+++,grd,2006,9.64,
->,guy,2006,10.8->9.39,13.06
->,irq,2006,5.3->6.49,22.45
+++,isl,2006,13.63,
->,kir,2006,10.6->8.63,18.58
->,kwt,2006,8.9->10.9,22.47
->,lao,2006,4.1->4.89,19.27
->,lbr,2006,2.9->3.35,15.52
+++,lby,2006,5.04,
->,mar,2006,4.2->3.78,10.00
->,mdv,2006,5.3->6.25,17.92
+++,mlt,2006,10.15,
->,moz,2006,2.6->2.34,10.00
->,mrt,2006,3->3.52,17.33
->,mwi,2006,4.7->3.99,15.11
->,nga,2006,6.2->5.52,10.97
->,omn,2006,7.8->6.77,13.21
->,pak,2006,3.8->3.26,14.21
+++,prk,2006,10.07,
->,pse,2006,10.9->9.63,11.65
->,sdn,2006,5.6->4.55,18.75
->,sgp,2006,9.8->12.27,25.20
+++,ssd,2006,0.89,
->,tjk,2006,11.9->10.62,10.76
->,tls,2006,4.3->5.57,29.53
->,ton,2006,12.3->10.89,11.46
->,tun,2006,6.5->7.47,14.92
+++,vct,2006,9.64,
->,afg,2007,0.5->0.75,50.00
+++,and,2007,14.07,
->,bhr,2007,11.1->9.33,15.95
+++,brb,2007,9.81,
+++,brn,2007,13.4,
+++,btn,2007,2.56,
->,col,2007,8.6->9.48,10.23
->,cpv,2007,5.7->5.06,11.23
+++,dma,2007,11.18,
->,eri,2007,3.7->3.15,14.86
->,eth,2007,1.9->3.06,61.05
+++,fsm,2007,11.28,
+++,grd,2007,9.81,
->,guy,2007,10.9->9.55,12.39
->,ind,2007,5.3->4.75,10.38
->,irq,2007,5.4->6.64,22.96
+++,isl,2007,13.78,
->,kir,2007,10.8->8.77,18.80
->,kwt,2007,9->11.09,23.22
->,lao,2007,4.1->5.02,22.44
->,lbr,2007,3->3.45,15.00
+++,lby,2007,5.16,
->,mdv,2007,5.4->6.39,18.33
+++,mlt,2007,10.31,
->,moz,2007,2.7->2.4,11.11
->,mrt,2007,3.1->3.62,16.77
->,mwi,2007,4.8->4.09,14.79
->,nga,2007,6.3->5.66,10.16
->,omn,2007,8->6.92,13.50
->,pak,2007,4->3.37,15.75
+++,prk,2007,10.23,
->,pse,2007,11->9.79,11.00
->,sdn,2007,5.8->4.67,19.48
->,sgp,2007,9.9->12.46,25.86
+++,ssd,2007,0.92,
->,tjk,2007,12->10.74,10.50
->,tls,2007,4.5->5.71,26.89
->,ton,2007,12.4->11.03,11.05
->,tun,2007,6.7->7.65,14.18
+++,vct,2007,9.81,
->,afg,2008,0.6->0.78,30.00
+++,and,2008,14.21,
->,bdi,2008,3.1->3.48,12.26
->,bhr,2008,11.3->9.48,16.11
+++,brb,2008,9.98,
+++,brn,2008,13.55,
+++,btn,2008,2.64,
->,col,2008,8.7->9.65,10.92
->,cpv,2008,5.8->5.19,10.52
+++,dma,2008,11.34,
->,eri,2008,3.9->3.24,16.92
->,eth,2008,2->3.14,57.00
+++,fsm,2008,11.44,
+++,grd,2008,9.98,
->,guy,2008,11->9.71,11.73
->,irq,2008,5.5->6.8,23.64
+++,isl,2008,13.92,
->,ken,2008,9->8.09,10.11
->,kir,2008,10.9->8.92,18.17
->,kwt,2008,9.1->11.28,23.96
->,lao,2008,4.2->5.15,22.62
->,lbr,2008,3.1->3.56,14.84
+++,lby,2008,5.3,
->,mdv,2008,5.5->6.54,18.91
+++,mlt,2008,10.46,
->,mrt,2008,3.2->3.71,15.94
->,mwi,2008,5->4.2,16.00
->,nga,2008,6.5->5.79,10.92
->,omn,2008,8.2->7.08,13.66
->,pak,2008,4.1->3.48,15.12
+++,prk,2008,10.4,
->,pse,2008,11.2->9.95,11.16
->,sdn,2008,6->4.79,20.17
->,sgp,2008,10->12.64,26.40
+++,ssd,2008,0.95,
->,tjk,2008,12.1->10.86,10.25
->,tls,2008,4.7->5.86,24.68
->,ton,2008,12.5->11.17,10.64
->,tun,2008,6.8->7.84,15.29
+++,vct,2008,9.98,
->,afg,2009,0.6->0.8,33.33
+++,and,2009,14.35,
->,bdi,2009,3.2->3.58,11.87
->,bhr,2009,11.4->9.63,15.53
+++,brb,2009,10.14,
+++,brn,2009,13.7,
+++,btn,2009,2.72,
->,col,2009,8.8->9.81,11.48
+++,dma,2009,11.51,
->,eri,2009,4->3.34,16.50
->,eth,2009,2.1->3.22,53.33
+++,fsm,2009,11.6,
+++,grd,2009,10.14,
->,guy,2009,11.1->9.87,11.08
->,ind,2009,5.6->5,10.71
->,irq,2009,5.5->6.95,26.36
+++,isl,2009,14.06,
->,ken,2009,9.2->8.24,10.43
->,kir,2009,11.1->9.08,18.20
->,kwt,2009,9.2->11.47,24.67
->,lao,2009,4.3->5.28,22.79
->,lbr,2009,3.1->3.67,18.39
+++,lby,2009,5.43,
->,mdv,2009,5.6->6.69,19.46
+++,mlt,2009,10.62,
->,mrt,2009,3.4->3.81,12.06
->,mwi,2009,5.1->4.31,15.49
->,ner,2009,1.3->1.17,10.00
->,nga,2009,6.6->5.93,10.15
->,nld,2009,12.6->13.88,10.16
->,omn,2009,8.4->7.23,13.93
->,pak,2009,4.3->3.58,16.74
+++,prk,2009,10.57,
->,pse,2009,11.3->10.11,10.53
->,sdn,2009,6.2->4.91,20.81
->,sgp,2009,10.1->12.82,26.93
+++,ssd,2009,0.98,
->,tls,2009,4.9->6.01,22.65
->,tun,2009,6.9->8.03,16.38
+++,vct,2009,10.14,
+++,afg,2010,0.83,
+++,ago,2010,4.66,
+++,alb,2010,11.46,
+++,and,2010,14.49,
+++,are,2010,12.34,
+++,arg,2010,12.25,
+++,arm,2010,12.34,
+++,atg,2010,13.77,
+++,aus,2010,13.84,
+++,aut,2010,12.57,
+++,aze,2010,12.43,
+++,bdi,2010,3.68,
+++,bel,2010,13.83,
+++,ben,2010,2.35,
+++,bfa,2010,1.58,
+++,bgd,2010,4.45,
+++,bgr,2010,12.96,
+++,bhr,2010,9.78,
+++,bhs,2010,12.89,
+++,bih,2010,10.43,
+++,blr,2010,14.13,
+++,blz,2010,8.95,
+++,bol,2010,9.03,
+++,bra,2010,8.78,
+++,brb,2010,10.31,
+++,brn,2010,13.84,
+++,btn,2010,2.8,
+++,bwa,2010,7.88,
+++,caf,2010,3.73,
+++,can,2010,15.11,
+++,che,2010,13.73,
+++,chl,2010,12.54,
+++,chn,2010,8.99,
+++,civ,2010,3.38,
+++,cmr,2010,6.46,
+++,cod,2010,5.57,
+++,cog,2010,8.04,
+++,col,2010,9.98,
+++,com,2010,5.33,
+++,cpv,2010,5.45,
+++,cri,2010,10.13,
+++,cub,2010,12.4,
+++,cyp,2010,13.99,
+++,cze,2010,13.84,
+++,deu,2010,13.54,
+++,dji,2010,3.53,
+++,dma,2010,11.67,
+++,dnk,2010,14.5,
+++,dom,2010,10.3,
+++,dza,2010,6.95,
+++,ecu,2010,10.43,
+++,egy,2010,8.23,
+++,eri,2010,3.43,
+++,esp,2010,12.72,
+++,est,2010,13.79,
+++,eth,2010,3.31,
+++,fin,2010,14.42,
+++,fji,2010,11.29,
+++,fra,2010,13.32,
+++,fsm,2010,11.77,
+++,gab,2010,9.46,
+++,gbr,2010,14.24,
+++,geo,2010,13.91,
+++,gha,2010,6.43,
+++,gin,2010,1.77,
+++,gmb,2010,3.02,
+++,gnb,2010,2.02,
+++,gnq,2010,6.52,
+++,grc,2010,13.14,
+++,grd,2010,10.31,
+++,gtm,2010,5.92,
+++,guy,2010,10.04,
+++,hnd,2010,7.77,
+++,hrv,2010,11.81,
+++,hti,2010,6.12,
+++,hun,2010,13.2,
+++,idn,2010,8.7,
+++,ind,2010,5.13,
+++,irl,2010,13.84,
+++,irn,2010,9.01,
+++,irq,2010,7.1,
+++,isl,2010,14.2,
+++,isr,2010,15.1,
+++,ita,2010,13.59,
+++,jam,2010,12.02,
+++,jor,2010,11.61,
+++,jpn,2010,14.91,
+++,kaz,2010,13.24,
+++,ken,2010,8.39,
+++,kgz,2010,13.12,
+++,khm,2010,5.02,
+++,kir,2010,9.23,
+++,kor,2010,13.91,
+++,kwt,2010,11.65,
+++,lao,2010,5.41,
+++,lbn,2010,10.56,
+++,lbr,2010,3.79,
+++,lby,2010,5.56,
+++,lca,2010,11.13,
+++,lka,2010,10.8,
+++,lso,2010,9.41,
+++,ltu,2010,13.55,
+++,lux,2010,13.36,
+++,lva,2010,13.77,
+++,mar,2010,4.23,
+++,mda,2010,13.09,
+++,mdg,2010,5.76,
+++,mdv,2010,6.83,
+++,mex,2010,9.94,
+++,mhl,2010,9.93,
+++,mkd,2010,11.98,
+++,mli,2010,1.33,
+++,mlt,2010,10.78,
+++,mmr,2010,6.95,
+++,mne,2010,12.27,
+++,mng,2010,11.26,
+++,moz,2010,2.61,
+++,mrt,2010,3.91,
+++,mus,2010,9.54,
+++,mwi,2010,4.42,
+++,mys,2010,11.11,
+++,nam,2010,8.95,
+++,ner,2010,1.21,
+++,nga,2010,6.07,
+++,nic,2010,8.23,
+++,nld,2010,14.02,
+++,nor,2010,14.8,
+++,npl,2010,3.1,
+++,nzl,2010,14.4,
+++,omn,2010,7.39,
+++,pak,2010,3.69,
+++,pan,2010,11.7,
+++,per,2010,10.77,
+++,phl,2010,11.08,
+++,png,2010,5.35,
+++,pol,2010,14.15,
+++,prk,2010,10.74,
+++,prt,2010,10.7,
+++,pry,2010,9.4,
+++,pse,2010,10.27,
+++,qat,2010,9.99,
+++,rou,2010,13.11,
+++,rus,2010,14.02,
+++,rwa,2010,4.85,
+++,sau,2010,8.74,
+++,sdn,2010,5.03,
+++,sen,2010,2.7,
+++,sgp,2010,13,
+++,slb,2010,6.99,
+++,sle,2010,2.22,
+++,slv,2010,8.39,
+++,som,2010,1.7,
+++,srb,2010,12.21,
+++,ssd,2010,1.02,
+++,stp,2010,5.65,
+++,sur,2010,9.3,
+++,svk,2010,13.32,
+++,svn,2010,13.49,
+++,swe,2010,14.49,
+++,swz,2010,9.17,
+++,syc,2010,10.82,
+++,syr,2010,7.55,
+++,tcd,2010,1.39,
+++,tgo,2010,3.65,
+++,tha,2010,9.26,
+++,tjk,2010,11.11,
+++,tkm,2010,13.28,
+++,tls,2010,6.15,
+++,ton,2010,11.45,
+++,tto,2010,12.52,
+++,tun,2010,8.21,
+++,tur,2010,7.93,
+++,twn,2010,13.35,
+++,tza,2010,6.37,
+++,uga,2010,5.47,
+++,ukr,2010,13.95,
+++,ury,2010,11.34,
+++,usa,2010,14.48,
+++,uzb,2010,12.24,
+++,vct,2010,10.31,
+++,ven,2010,10.68,
+++,vnm,2010,8.84,
+++,vut,2010,8.12,
+++,wsm,2010,12.4,
+++,yem,2010,1.95,
+++,zaf,2010,10.66,
+++,zmb,2010,7.04,
+++,zwe,2010,9.36,
+++,afg,2011,0.86,
+++,ago,2011,4.79,
+++,alb,2011,11.62,
+++,and,2011,14.62,
+++,are,2011,12.52,
+++,arg,2011,12.4,
+++,arm,2011,12.49,
+++,atg,2011,13.92,
+++,aus,2011,13.98,
+++,aut,2011,12.71,
+++,aze,2011,12.58,
+++,bdi,2011,3.79,
+++,bel,2011,13.97,
+++,ben,2011,2.43,
+++,bfa,2011,1.64,
+++,bgd,2011,4.58,
+++,bgr,2011,13.09,
+++,bhr,2011,9.93,
+++,bhs,2011,13.04,
+++,bih,2011,10.61,
+++,blr,2011,14.28,
+++,blz,2011,9.11,
+++,bol,2011,9.19,
+++,bra,2011,8.95,
+++,brb,2011,10.48,
+++,brn,2011,13.98,
+++,btn,2011,2.88,
+++,bwa,2011,8.05,
+++,caf,2011,3.84,
+++,can,2011,15.22,
+++,che,2011,13.87,
+++,chl,2011,12.69,
+++,chn,2011,9.16,
+++,civ,2011,3.47,
+++,cmr,2011,6.6,
+++,cod,2011,5.7,
+++,cog,2011,8.2,
+++,col,2011,10.14,
+++,com,2011,5.47,
+++,cpv,2011,5.59,
+++,cri,2011,10.28,
+++,cub,2011,12.56,
+++,cyp,2011,14.12,
+++,cze,2011,13.97,
+++,deu,2011,13.68,
+++,dji,2011,3.63,
+++,dma,2011,11.84,
+++,dnk,2011,14.63,
+++,dom,2011,10.46,
+++,dza,2011,7.11,
+++,ecu,2011,10.59,
+++,egy,2011,8.4,
+++,eri,2011,3.53,
+++,esp,2011,12.88,
+++,est,2011,13.92,
+++,eth,2011,3.39,
+++,fin,2011,14.55,
+++,fji,2011,11.45,
+++,fra,2011,13.46,
+++,fsm,2011,11.93,
+++,gab,2011,9.6,
+++,gbr,2011,14.37,
+++,geo,2011,14.04,
+++,gha,2011,6.57,
+++,gin,2011,1.82,
+++,gmb,2011,3.11,
+++,gnb,2011,2.09,
+++,gnq,2011,6.67,
+++,grc,2011,13.29,
+++,grd,2011,10.48,
+++,gtm,2011,6.06,
+++,guy,2011,10.2,
+++,hnd,2011,7.93,
+++,hrv,2011,11.96,
+++,hti,2011,6.27,
+++,hun,2011,13.34,
+++,idn,2011,8.87,
+++,ind,2011,5.26,
+++,irl,2011,13.98,
+++,irn,2011,9.19,
+++,irq,2011,7.26,
+++,isl,2011,14.33,
+++,isr,2011,15.22,
+++,ita,2011,13.73,
+++,jam,2011,12.18,
+++,jor,2011,11.77,
+++,jpn,2011,15.03,
+++,kaz,2011,13.38,
+++,ken,2011,8.54,
+++,kgz,2011,13.25,
+++,khm,2011,5.15,
+++,kir,2011,9.38,
+++,kor,2011,14.05,
+++,kwt,2011,11.83,
+++,lao,2011,5.55,
+++,lbn,2011,10.73,
+++,lbr,2011,3.9,
+++,lby,2011,5.7,
+++,lca,2011,11.29,
+++,lka,2011,10.96,
+++,lso,2011,9.58,
+++,ltu,2011,13.67,
+++,lux,2011,13.51,
+++,lva,2011,13.9,
+++,mar,2011,4.35,
+++,mda,2011,13.23,
+++,mdg,2011,5.9,
+++,mdv,2011,6.98,
+++,mex,2011,10.1,
+++,mhl,2011,10.1,
+++,mkd,2011,12.13,
+++,mli,2011,1.37,
+++,mlt,2011,10.94,
+++,mmr,2011,7.1,
+++,mne,2011,12.43,
+++,mng,2011,11.42,
+++,moz,2011,2.68,
+++,mrt,2011,4.01,
+++,mus,2011,9.71,
+++,mwi,2011,4.53,
+++,mys,2011,11.27,
+++,nam,2011,9.12,
+++,ner,2011,1.25,
+++,nga,2011,6.2,
+++,nic,2011,8.39,
+++,nld,2011,14.16,
+++,nor,2011,14.93,
+++,npl,2011,3.2,
+++,nzl,2011,14.53,
+++,omn,2011,7.55,
+++,pak,2011,3.8,
+++,pan,2011,11.85,
+++,per,2011,10.93,
+++,phl,2011,11.23,
+++,png,2011,5.48,
+++,pol,2011,14.27,
+++,prk,2011,10.91,
+++,prt,2011,10.87,
+++,pry,2011,9.56,
+++,pse,2011,10.43,
+++,qat,2011,10.16,
+++,rou,2011,13.25,
+++,rus,2011,14.15,
+++,rwa,2011,4.97,
+++,sau,2011,8.92,
+++,sdn,2011,5.16,
+++,sen,2011,2.77,
+++,sgp,2011,13.17,
+++,slb,2011,7.16,
+++,sle,2011,2.29,
+++,slv,2011,8.55,
+++,som,2011,1.75,
+++,srb,2011,12.37,
+++,ssd,2011,1.05,
+++,stp,2011,5.79,
+++,sur,2011,9.47,
+++,svk,2011,13.45,
+++,svn,2011,13.63,
+++,swe,2011,14.62,
+++,swz,2011,9.34,
+++,syc,2011,10.97,
+++,syr,2011,7.72,
+++,tcd,2011,1.44,
+++,tgo,2011,3.75,
+++,tha,2011,9.43,
+++,tjk,2011,11.24,
+++,tkm,2011,13.43,
+++,tls,2011,6.31,
+++,ton,2011,11.6,
+++,tto,2011,12.68,
+++,tun,2011,8.39,
+++,tur,2011,8.09,
+++,twn,2011,13.49,
+++,tza,2011,6.5,
+++,uga,2011,5.6,
+++,ukr,2011,14.1,
+++,ury,2011,11.48,
+++,usa,2011,14.59,
+++,uzb,2011,12.39,
+++,vct,2011,10.48,
+++,ven,2011,10.84,
+++,vnm,2011,9,
+++,vut,2011,8.28,
+++,wsm,2011,12.56,
+++,yem,2011,2.03,
+++,zaf,2011,10.83,
+++,zmb,2011,7.17,
+++,zwe,2011,9.53,
+++,afg,2012,0.89,
+++,ago,2012,4.92,
+++,alb,2012,11.78,
+++,and,2012,14.75,
+++,are,2012,12.69,
+++,arg,2012,12.55,
+++,arm,2012,12.64,
+++,atg,2012,14.06,
+++,aus,2012,14.12,
+++,aut,2012,12.86,
+++,aze,2012,12.72,
+++,bdi,2012,3.9,
+++,bel,2012,14.11,
+++,ben,2012,2.5,
+++,bfa,2012,1.69,
+++,bgd,2012,4.7,
+++,bgr,2012,13.22,
+++,bhr,2012,10.08,
+++,bhs,2012,13.19,
+++,bih,2012,10.78,
+++,blr,2012,14.43,
+++,blz,2012,9.28,
+++,bol,2012,9.36,
+++,bra,2012,9.11,
+++,brb,2012,10.65,
+++,brn,2012,14.13,
+++,btn,2012,2.97,
+++,bwa,2012,8.21,
+++,caf,2012,3.94,
+++,can,2012,15.33,
+++,che,2012,14.01,
+++,chl,2012,12.84,
+++,chn,2012,9.32,
+++,civ,2012,3.57,
+++,cmr,2012,6.74,
+++,cod,2012,5.84,
+++,cog,2012,8.36,
+++,col,2012,10.31,
+++,com,2012,5.61,
+++,cpv,2012,5.72,
+++,cri,2012,10.44,
+++,cub,2012,12.72,
+++,cyp,2012,14.25,
+++,cze,2012,14.09,
+++,deu,2012,13.82,
+++,dji,2012,3.73,
+++,dma,2012,12,
+++,dnk,2012,14.76,
+++,dom,2012,10.63,
+++,dza,2012,7.26,
+++,ecu,2012,10.75,
+++,egy,2012,8.56,
+++,eri,2012,3.63,
+++,esp,2012,13.04,
+++,est,2012,14.06,
+++,eth,2012,3.48,
+++,fin,2012,14.67,
+++,fji,2012,11.61,
+++,fra,2012,13.61,
+++,fsm,2012,12.09,
+++,gab,2012,9.73,
+++,gbr,2012,14.51,
+++,geo,2012,14.18,
+++,gha,2012,6.7,
+++,gin,2012,1.88,
+++,gmb,2012,3.2,
+++,gnb,2012,2.15,
+++,gnq,2012,6.82,
+++,grc,2012,13.44,
+++,grd,2012,10.65,
+++,gtm,2012,6.21,
+++,guy,2012,10.36,
+++,hnd,2012,8.09,
+++,hrv,2012,12.12,
+++,hti,2012,6.43,
+++,hun,2012,13.49,
+++,idn,2012,9.05,
+++,ind,2012,5.39,
+++,irl,2012,14.12,
+++,irn,2012,9.36,
+++,irq,2012,7.41,
+++,isl,2012,14.47,
+++,isr,2012,15.34,
+++,ita,2012,13.87,
+++,jam,2012,12.34,
+++,jor,2012,11.93,
+++,jpn,2012,15.15,
+++,kaz,2012,13.52,
+++,ken,2012,8.69,
+++,kgz,2012,13.39,
+++,khm,2012,5.28,
+++,kir,2012,9.54,
+++,kor,2012,14.2,
+++,kwt,2012,12,
+++,lao,2012,5.69,
+++,lbn,2012,10.89,
+++,lbr,2012,4.02,
+++,lby,2012,5.84,
+++,lca,2012,11.46,
+++,lka,2012,11.12,
+++,lso,2012,9.74,
+++,ltu,2012,13.8,
+++,lux,2012,13.65,
+++,lva,2012,14.04,
+++,mar,2012,4.47,
+++,mda,2012,13.37,
+++,mdg,2012,6.04,
+++,mdv,2012,7.14,
+++,mex,2012,10.27,
+++,mhl,2012,10.27,
+++,mkd,2012,12.28,
+++,mli,2012,1.42,
+++,mlt,2012,11.1,
+++,mmr,2012,7.26,
+++,mne,2012,12.58,
+++,mng,2012,11.58,
+++,moz,2012,2.76,
+++,mrt,2012,4.12,
+++,mus,2012,9.87,
+++,mwi,2012,4.64,
+++,mys,2012,11.44,
+++,nam,2012,9.29,
+++,ner,2012,1.29,
+++,nga,2012,6.34,
+++,nic,2012,8.55,
+++,nld,2012,14.29,
+++,nor,2012,15.05,
+++,npl,2012,3.3,
+++,nzl,2012,14.66,
+++,omn,2012,7.71,
+++,pak,2012,3.92,
+++,pan,2012,12.01,
+++,per,2012,11.09,
+++,phl,2012,11.38,
+++,png,2012,5.62,
+++,pol,2012,14.4,
+++,prk,2012,11.07,
+++,prt,2012,11.04,
+++,pry,2012,9.72,
+++,pse,2012,10.59,
+++,qat,2012,10.33,
+++,rou,2012,13.38,
+++,rus,2012,14.28,
+++,rwa,2012,5.1,
+++,sau,2012,9.09,
+++,sdn,2012,5.28,
+++,sen,2012,2.86,
+++,sgp,2012,13.34,
+++,slb,2012,7.33,
+++,sle,2012,2.36,
+++,slv,2012,8.72,
+++,som,2012,1.81,
+++,srb,2012,12.53,
+++,ssd,2012,1.08,
+++,stp,2012,5.92,
+++,sur,2012,9.64,
+++,svk,2012,13.58,
+++,svn,2012,13.78,
+++,swe,2012,14.75,
+++,swz,2012,9.5,
+++,syc,2012,11.13,
+++,syr,2012,7.88,
+++,tcd,2012,1.48,
+++,tgo,2012,3.86,
+++,tha,2012,9.59,
+++,tjk,2012,11.37,
+++,tkm,2012,13.58,
+++,tls,2012,6.46,
+++,ton,2012,11.74,
+++,tto,2012,12.83,
+++,tun,2012,8.57,
+++,tur,2012,8.26,
+++,twn,2012,13.63,
+++,tza,2012,6.64,
+++,uga,2012,5.74,
+++,ukr,2012,14.25,
+++,ury,2012,11.63,
+++,usa,2012,14.7,
+++,uzb,2012,12.53,
+++,vct,2012,10.65,
+++,ven,2012,11,
+++,vnm,2012,9.16,
+++,vut,2012,8.44,
+++,wsm,2012,12.72,
+++,yem,2012,2.11,
+++,zaf,2012,10.99,
+++,zmb,2012,7.32,
+++,zwe,2012,9.7,
+++,afg,2013,0.92,
+++,ago,2013,5.04,
+++,alb,2013,11.94,
+++,and,2013,14.88,
+++,are,2013,12.85,
+++,arg,2013,12.7,
+++,arm,2013,12.8,
+++,atg,2013,14.2,
+++,aus,2013,14.26,
+++,aut,2013,13,
+++,aze,2013,12.87,
+++,bdi,2013,4.01,
+++,bel,2013,14.24,
+++,ben,2013,2.57,
+++,bfa,2013,1.75,
+++,bgd,2013,4.83,
+++,bgr,2013,13.36,
+++,bhr,2013,10.23,
+++,bhs,2013,13.34,
+++,bih,2013,10.96,
+++,blr,2013,14.58,
+++,blz,2013,9.44,
+++,bol,2013,9.52,
+++,bra,2013,9.27,
+++,brb,2013,10.82,
+++,brn,2013,14.26,
+++,btn,2013,3.05,
+++,bwa,2013,8.38,
+++,caf,2013,4.05,
+++,can,2013,15.43,
+++,che,2013,14.15,
+++,chl,2013,13,
+++,chn,2013,9.49,
+++,civ,2013,3.67,
+++,cmr,2013,6.88,
+++,cod,2013,5.97,
+++,cog,2013,8.52,
+++,col,2013,10.48,
+++,com,2013,5.75,
+++,cpv,2013,5.86,
+++,cri,2013,10.6,
+++,cub,2013,12.88,
+++,cyp,2013,14.39,
+++,cze,2013,14.22,
+++,deu,2013,13.96,
+++,dji,2013,3.84,
+++,dma,2013,12.16,
+++,dnk,2013,14.88,
+++,dom,2013,10.79,
+++,dza,2013,7.42,
+++,ecu,2013,10.91,
+++,egy,2013,8.73,
+++,eri,2013,3.74,
+++,esp,2013,13.19,
+++,est,2013,14.2,
+++,eth,2013,3.57,
+++,fin,2013,14.8,
+++,fji,2013,11.77,
+++,fra,2013,13.76,
+++,fsm,2013,12.24,
+++,gab,2013,9.88,
+++,gbr,2013,14.64,
+++,geo,2013,14.31,
+++,gha,2013,6.84,
+++,gin,2013,1.94,
+++,gmb,2013,3.29,
+++,gnb,2013,2.22,
+++,gnq,2013,6.97,
+++,grc,2013,13.59,
+++,grd,2013,10.82,
+++,gtm,2013,6.35,
+++,guy,2013,10.52,
+++,hnd,2013,8.26,
+++,hrv,2013,12.27,
+++,hti,2013,6.58,
+++,hun,2013,13.63,
+++,idn,2013,9.22,
+++,ind,2013,5.52,
+++,irl,2013,14.26,
+++,irn,2013,9.54,
+++,irq,2013,7.57,
+++,isl,2013,14.6,
+++,isr,2013,15.45,
+++,ita,2013,14.01,
+++,jam,2013,12.5,
+++,jor,2013,12.08,
+++,jpn,2013,15.27,
+++,kaz,2013,13.66,
+++,ken,2013,8.84,
+++,kgz,2013,13.52,
+++,khm,2013,5.41,
+++,kir,2013,9.7,
+++,kor,2013,14.34,
+++,kwt,2013,12.17,
+++,lao,2013,5.83,
+++,lbn,2013,11.06,
+++,lbr,2013,4.13,
+++,lby,2013,5.98,
+++,lca,2013,11.62,
+++,lka,2013,11.28,
+++,lso,2013,9.91,
+++,ltu,2013,13.92,
+++,lux,2013,13.8,
+++,lva,2013,14.17,
+++,mar,2013,4.59,
+++,mda,2013,13.52,
+++,mdg,2013,6.18,
+++,mdv,2013,7.29,
+++,mex,2013,10.43,
+++,mhl,2013,10.43,
+++,mkd,2013,12.44,
+++,mli,2013,1.46,
+++,mlt,2013,11.27,
+++,mmr,2013,7.42,
+++,mne,2013,12.74,
+++,mng,2013,11.74,
+++,moz,2013,2.83,
+++,mrt,2013,4.22,
+++,mus,2013,10.04,
+++,mwi,2013,4.75,
+++,mys,2013,11.6,
+++,nam,2013,9.45,
+++,ner,2013,1.33,
+++,nga,2013,6.48,
+++,nic,2013,8.71,
+++,nld,2013,14.43,
+++,nor,2013,15.18,
+++,npl,2013,3.39,
+++,nzl,2013,14.79,
+++,omn,2013,7.87,
+++,pak,2013,4.03,
+++,pan,2013,12.16,
+++,per,2013,11.25,
+++,phl,2013,11.52,
+++,png,2013,5.75,
+++,pol,2013,14.53,
+++,prk,2013,11.24,
+++,prt,2013,11.21,
+++,pry,2013,9.88,
+++,pse,2013,10.76,
+++,qat,2013,10.49,
+++,rou,2013,13.52,
+++,rus,2013,14.41,
+++,rwa,2013,5.22,
+++,sau,2013,9.26,
+++,sdn,2013,5.41,
+++,sen,2013,2.94,
+++,sgp,2013,13.51,
+++,slb,2013,7.5,
+++,sle,2013,2.43,
+++,slv,2013,8.88,
+++,som,2013,1.87,
+++,srb,2013,12.69,
+++,ssd,2013,1.12,
+++,stp,2013,6.06,
+++,sur,2013,9.81,
+++,svk,2013,13.72,
+++,svn,2013,13.92,
+++,swe,2013,14.87,
+++,swz,2013,9.67,
+++,syc,2013,11.29,
+++,syr,2013,8.05,
+++,tcd,2013,1.53,
+++,tgo,2013,3.97,
+++,tha,2013,9.76,
+++,tjk,2013,11.5,
+++,tkm,2013,13.72,
+++,tls,2013,6.61,
+++,ton,2013,11.89,
+++,tto,2013,12.98,
+++,tun,2013,8.75,
+++,tur,2013,8.43,
+++,twn,2013,13.77,
+++,tza,2013,6.77,
+++,uga,2013,5.88,
+++,ukr,2013,14.4,
+++,ury,2013,11.78,
+++,usa,2013,14.82,
+++,uzb,2013,12.68,
+++,vct,2013,10.82,
+++,ven,2013,11.17,
+++,vnm,2013,9.32,
+++,vut,2013,8.61,
+++,wsm,2013,12.87,
+++,yem,2013,2.19,
+++,zaf,2013,11.15,
+++,zmb,2013,7.46,
+++,zwe,2013,9.86,
+++,afg,2014,0.95,
+++,ago,2014,5.18,
+++,alb,2014,12.1,
+++,and,2014,15.01,
+++,are,2014,13.02,
+++,arg,2014,12.85,
+++,arm,2014,12.95,
+++,atg,2014,14.34,
+++,aus,2014,14.4,
+++,aut,2014,13.15,
+++,aze,2014,13.01,
+++,bdi,2014,4.12,
+++,bel,2014,14.38,
+++,ben,2014,2.65,
+++,bfa,2014,1.8,
+++,bgd,2014,4.96,
+++,bgr,2014,13.49,
+++,bhr,2014,10.38,
+++,bhs,2014,13.49,
+++,bih,2014,11.13,
+++,blr,2014,14.72,
+++,blz,2014,9.61,
+++,bol,2014,9.69,
+++,bra,2014,9.44,
+++,brb,2014,10.98,
+++,brn,2014,14.4,
+++,btn,2014,3.14,
+++,bwa,2014,8.54,
+++,caf,2014,4.16,
+++,can,2014,15.54,
+++,che,2014,14.28,
+++,chl,2014,13.15,
+++,chn,2014,9.65,
+++,civ,2014,3.77,
+++,cmr,2014,7.02,
+++,cod,2014,6.12,
+++,cog,2014,8.69,
+++,col,2014,10.64,
+++,com,2014,5.89,
+++,cpv,2014,6,
+++,cri,2014,10.76,
+++,cub,2014,13.04,
+++,cyp,2014,14.52,
+++,cze,2014,14.34,
+++,deu,2014,14.1,
+++,dji,2014,3.94,
+++,dma,2014,12.32,
+++,dnk,2014,15,
+++,dom,2014,10.95,
+++,dza,2014,7.58,
+++,ecu,2014,11.07,
+++,egy,2014,8.89,
+++,eri,2014,3.84,
+++,esp,2014,13.35,
+++,est,2014,14.33,
+++,eth,2014,3.66,
+++,fin,2014,14.92,
+++,fji,2014,11.93,
+++,fra,2014,13.9,
+++,fsm,2014,12.4,
+++,gab,2014,10.02,
+++,gbr,2014,14.77,
+++,geo,2014,14.44,
+++,gha,2014,6.98,
+++,gin,2014,2,
+++,gmb,2014,3.39,
+++,gnb,2014,2.29,
+++,gnq,2014,7.13,
+++,grc,2014,13.74,
+++,grd,2014,10.98,
+++,gtm,2014,6.5,
+++,guy,2014,10.69,
+++,hnd,2014,8.42,
+++,hrv,2014,12.42,
+++,hti,2014,6.74,
+++,hun,2014,13.77,
+++,idn,2014,9.39,
+++,ind,2014,5.66,
+++,irl,2014,14.4,
+++,irn,2014,9.71,
+++,irq,2014,7.72,
+++,isl,2014,14.73,
+++,isr,2014,15.57,
+++,ita,2014,14.14,
+++,jam,2014,12.65,
+++,jor,2014,12.23,
+++,jpn,2014,15.39,
+++,kaz,2014,13.8,
+++,ken,2014,8.99,
+++,kgz,2014,13.66,
+++,khm,2014,5.55,
+++,kir,2014,9.85,
+++,kor,2014,14.48,
+++,kwt,2014,12.34,
+++,lao,2014,5.97,
+++,lbn,2014,11.23,
+++,lbr,2014,4.25,
+++,lby,2014,6.13,
+++,lca,2014,11.78,
+++,lka,2014,11.44,
+++,lso,2014,10.07,
+++,ltu,2014,14.04,
+++,lux,2014,13.94,
+++,lva,2014,14.3,
+++,mar,2014,4.71,
+++,mda,2014,13.66,
+++,mdg,2014,6.32,
+++,mdv,2014,7.45,
+++,mex,2014,10.6,
+++,mhl,2014,10.6,
+++,mkd,2014,12.59,
+++,mli,2014,1.51,
+++,mlt,2014,11.43,
+++,mmr,2014,7.57,
+++,mne,2014,12.89,
+++,mng,2014,11.9,
+++,moz,2014,2.91,
+++,mrt,2014,4.33,
+++,mus,2014,10.2,
+++,mwi,2014,4.86,
+++,mys,2014,11.77,
+++,nam,2014,9.62,
+++,ner,2014,1.37,
+++,nga,2014,6.63,
+++,nic,2014,8.88,
+++,nld,2014,14.56,
+++,nor,2014,15.3,
+++,npl,2014,3.5,
+++,nzl,2014,14.92,
+++,omn,2014,8.03,
+++,pak,2014,4.14,
+++,pan,2014,12.31,
+++,per,2014,11.41,
+++,phl,2014,11.67,
+++,png,2014,5.89,
+++,pol,2014,14.66,
+++,prk,2014,11.41,
+++,prt,2014,11.38,
+++,pry,2014,10.05,
+++,pse,2014,10.92,
+++,qat,2014,10.66,
+++,rou,2014,13.66,
+++,rus,2014,14.54,
+++,rwa,2014,5.35,
+++,sau,2014,9.44,
+++,sdn,2014,5.54,
+++,sen,2014,3.02,
+++,sgp,2014,13.67,
+++,slb,2014,7.68,
+++,sle,2014,2.5,
+++,slv,2014,9.05,
+++,som,2014,1.92,
+++,srb,2014,12.84,
+++,ssd,2014,1.15,
+++,stp,2014,6.2,
+++,sur,2014,9.97,
+++,svk,2014,13.85,
+++,svn,2014,14.06,
+++,swe,2014,15,
+++,swz,2014,9.83,
+++,syc,2014,11.44,
+++,syr,2014,8.22,
+++,tcd,2014,1.58,
+++,tgo,2014,4.08,
+++,tha,2014,9.92,
+++,tjk,2014,11.64,
+++,tkm,2014,13.87,
+++,tls,2014,6.77,
+++,ton,2014,12.03,
+++,tto,2014,13.13,
+++,tun,2014,8.93,
+++,tur,2014,8.59,
+++,twn,2014,13.91,
+++,tza,2014,6.92,
+++,uga,2014,6.02,
+++,ukr,2014,14.54,
+++,ury,2014,11.93,
+++,usa,2014,14.94,
+++,uzb,2014,12.83,
+++,vct,2014,10.98,
+++,ven,2014,11.33,
+++,vnm,2014,9.49,
+++,vut,2014,8.78,
+++,wsm,2014,13.02,
+++,yem,2014,2.26,
+++,zaf,2014,11.32,
+++,zmb,2014,7.6,
+++,zwe,2014,10.03,
+++,afg,2015,0.98,
+++,ago,2015,5.31,
+++,alb,2015,12.26,
+++,and,2015,15.13,
+++,are,2015,13.18,
+++,arg,2015,13,
+++,arm,2015,13.1,
+++,atg,2015,14.47,
+++,aus,2015,14.54,
+++,aut,2015,13.29,
+++,aze,2015,13.16,
+++,bdi,2015,4.23,
+++,bel,2015,14.51,
+++,ben,2015,2.73,
+++,bfa,2015,1.86,
+++,bgd,2015,5.09,
+++,bgr,2015,13.62,
+++,bhr,2015,10.53,
+++,bhs,2015,13.64,
+++,bih,2015,11.3,
+++,blr,2015,14.86,
+++,blz,2015,9.78,
+++,bol,2015,9.86,
+++,bra,2015,9.6,
+++,brb,2015,11.15,
+++,brn,2015,14.54,
+++,btn,2015,3.23,
+++,bwa,2015,8.71,
+++,caf,2015,4.27,
+++,can,2015,15.65,
+++,che,2015,14.42,
+++,chl,2015,13.29,
+++,chn,2015,9.82,
+++,civ,2015,3.87,
+++,cmr,2015,7.17,
+++,cod,2015,6.26,
+++,cog,2015,8.85,
+++,col,2015,10.81,
+++,com,2015,6.03,
+++,cpv,2015,6.14,
+++,cri,2015,10.92,
+++,cub,2015,13.19,
+++,cyp,2015,14.64,
+++,cze,2015,14.47,
+++,deu,2015,14.24,
+++,dji,2015,4.05,
+++,dma,2015,12.48,
+++,dnk,2015,15.13,
+++,dom,2015,11.12,
+++,dza,2015,7.74,
+++,ecu,2015,11.24,
+++,egy,2015,9.06,
+++,eri,2015,3.95,
+++,esp,2015,13.5,
+++,est,2015,14.47,
+++,eth,2015,3.75,
+++,fin,2015,15.05,
+++,fji,2015,12.09,
+++,fra,2015,14.04,
+++,fsm,2015,12.56,
+++,gab,2015,10.16,
+++,gbr,2015,14.9,
+++,geo,2015,14.57,
+++,gha,2015,7.12,
+++,gin,2015,2.07,
+++,gmb,2015,3.48,
+++,gnb,2015,2.36,
+++,gnq,2015,7.28,
+++,grc,2015,13.88,
+++,grd,2015,11.15,
+++,gtm,2015,6.65,
+++,guy,2015,10.85,
+++,hnd,2015,8.58,
+++,hrv,2015,12.57,
+++,hti,2015,6.9,
+++,hun,2015,13.91,
+++,idn,2015,9.56,
+++,ind,2015,5.79,
+++,irl,2015,14.53,
+++,irn,2015,9.89,
+++,irq,2015,7.88,
+++,isl,2015,14.86,
+++,isr,2015,15.68,
+++,ita,2015,14.28,
+++,jam,2015,12.81,
+++,jor,2015,12.39,
+++,jpn,2015,15.51,
+++,kaz,2015,13.93,
+++,ken,2015,9.14,
+++,kgz,2015,13.79,
+++,khm,2015,5.69,
+++,kir,2015,10.01,
+++,kor,2015,14.62,
+++,kwt,2015,12.51,
+++,lao,2015,6.11,
+++,lbn,2015,11.39,
+++,lbr,2015,4.37,
+++,lby,2015,6.27,
+++,lca,2015,11.94,
+++,lka,2015,11.6,
+++,lso,2015,10.24,
+++,ltu,2015,14.17,
+++,lux,2015,14.08,
+++,lva,2015,14.44,
+++,mar,2015,4.84,
+++,mda,2015,13.8,
+++,mdg,2015,6.46,
+++,mdv,2015,7.6,
+++,mex,2015,10.77,
+++,mhl,2015,10.77,
+++,mkd,2015,12.74,
+++,mli,2015,1.56,
+++,mlt,2015,11.59,
+++,mmr,2015,7.74,
+++,mne,2015,13.05,
+++,mng,2015,12.06,
+++,moz,2015,2.99,
+++,mrt,2015,4.44,
+++,mus,2015,10.36,
+++,mwi,2015,4.98,
+++,mys,2015,11.93,
+++,nam,2015,9.79,
+++,ner,2015,1.41,
+++,nga,2015,6.77,
+++,nic,2015,9.04,
+++,nld,2015,14.69,
+++,nor,2015,15.42,
+++,npl,2015,3.6,
+++,nzl,2015,15.04,
+++,omn,2015,8.19,
+++,pak,2015,4.26,
+++,pan,2015,12.46,
+++,per,2015,11.57,
+++,phl,2015,11.82,
+++,png,2015,6.04,
+++,pol,2015,14.78,
+++,prk,2015,11.57,
+++,prt,2015,11.54,
+++,pry,2015,10.21,
+++,pse,2015,11.08,
+++,qat,2015,10.82,
+++,rou,2015,13.8,
+++,rus,2015,14.67,
+++,rwa,2015,5.48,
+++,sau,2015,9.61,
+++,sdn,2015,5.67,
+++,sen,2015,3.11,
+++,sgp,2015,13.83,
+++,slb,2015,7.85,
+++,sle,2015,2.58,
+++,slv,2015,9.21,
+++,som,2015,1.98,
+++,srb,2015,13,
+++,ssd,2015,1.19,
+++,stp,2015,6.35,
+++,sur,2015,10.14,
+++,svk,2015,13.98,
+++,svn,2015,14.19,
+++,swe,2015,15.12,
+++,swz,2015,10,
+++,syc,2015,11.6,
+++,syr,2015,8.39,
+++,tcd,2015,1.63,
+++,tgo,2015,4.19,
+++,tha,2015,10.09,
+++,tjk,2015,11.78,
+++,tkm,2015,14.01,
+++,tls,2015,6.92,
+++,ton,2015,12.18,
+++,tto,2015,13.28,
+++,tun,2015,9.1,
+++,tur,2015,8.76,
+++,twn,2015,14.04,
+++,tza,2015,7.06,
+++,uga,2015,6.16,
+++,ukr,2015,14.69,
+++,ury,2015,12.08,
+++,usa,2015,15.06,
+++,uzb,2015,12.97,
+++,vct,2015,11.15,
+++,ven,2015,11.5,
+++,vnm,2015,9.65,
+++,vut,2015,8.94,
+++,wsm,2015,13.18,
+++,yem,2015,2.35,
+++,zaf,2015,11.48,
+++,zmb,2015,7.75,
+++,zwe,2015,10.2,
