@@,geo,time,mean_years_in_school_women_percent_men_25_to_34_years,changes(%)
->,afg,1970,11.11->15.44118,38.98
->,alb,1970,101.7->87.37705,14.08
+++,and,1970,97.00599,
->,are,1970,80->90.9292,13.66
->,arm,1970,102.7->91.67862,10.73
->,bdi,1970,46.15->54.34783,17.76
->,bgd,1970,36.36->47.3029,30.10
->,bhr,1970,68.42->79.5122,16.21
->,bih,1970,67.35->81.22677,20.60
->,bol,1970,61.36->67.66467,10.27
+++,brb,1970,93.92625,
+++,brn,1970,85.08671,
+++,btn,1970,32.52033,
->,caf,1970,23.81->39.78873,67.11
->,chn,1970,57.14->66.48045,16.35
->,civ,1970,33.33->38.68313,16.06
->,cod,1970,35->48.54881,38.71
->,cog,1970,40->54.83193,37.08
->,com,1970,37.5->55,46.67
->,cpv,1970,57.89->66.66667,15.16
->,dji,1970,16->29.03226,81.45
+++,dma,1970,99.81273,
->,dza,1970,77.78->90,15.71
->,egy,1970,40.48->51.9833,28.42
->,eri,1970,30->43.49776,44.99
->,est,1970,114.1->97.85235,14.24
->,eth,1970,25->41.74312,66.97
+++,fsm,1970,81.17647,
->,gab,1970,65.79->88.77551,34.94
->,geo,1970,108.3->93.75,13.43
->,gnq,1970,47.37->52.35849,10.53
+++,grd,1970,93.92625,
->,guy,1970,72.73->97.01493,33.39
->,hrv,1970,78.69->91.5873,16.39
->,hti,1970,53.33->59.04437,10.72
->,idn,1970,52.78->65.83144,24.73
->,ind,1970,35.48->40.75235,14.86
->,irn,1970,56.25->50.60606,10.03
->,irq,1970,58.33->47.2561,18.98
+++,isl,1970,96.72544,
->,jor,1970,50.91->68.1431,33.85
->,kaz,1970,113.6->93.88298,17.36
->,ken,1970,42.5->54.41527,28.04
->,khm,1970,46.15->56.99301,23.50
->,lao,1970,47.37->62.13235,31.16
->,lbn,1970,79.07->88.34356,11.73
+++,lby,1970,50,
->,lca,1970,107.7->95.96929,10.89
->,ltu,1970,107.6->95.23242,11.49
->,lva,1970,113.6->93.21825,17.94
->,mar,1970,33.33->46.61355,39.85
->,mdv,1970,86.11->75.29762,12.56
->,mhl,1970,76.92->86.10526,11.94
->,mli,1970,42.86->35.48387,17.21
+++,mlt,1970,87.25637,
->,mmr,1970,73.08->83.04498,13.64
->,mrt,1970,33.33->50,50.02
->,mys,1970,62.75->69.9262,11.44
->,ner,1970,25->35.55556,42.22
->,nga,1970,42.86->50.81081,18.55
->,nic,1970,124.1->98.76923,20.41
->,npl,1970,13.33->23.04833,72.91
->,omn,1970,48.15->62.07729,28.92
->,pak,1970,26.32->32.14286,22.12
->,png,1970,43.48->51.78571,19.10
+++,prk,1970,71.69518,
->,pry,1970,78.57->94.2446,19.95
->,pse,1970,56.36->75.83187,34.55
->,qat,1970,88.57->107.75401,21.66
->,rwa,1970,50->57.45614,14.91
->,sau,1970,28.26->44.39103,57.08
->,sdn,1970,26.92->35.3562,31.34
->,sen,1970,50->41.95402,16.09
->,sle,1970,33.33->37.03704,11.12
->,som,1970,22.22->36.15385,62.71
+++,ssd,1970,25.4717,
->,swz,1970,78.57->87.26287,11.06
->,syc,1970,111.4->91.36842,17.98
->,syr,1970,40->48.3871,20.97
->,tcd,1970,20->22.83951,14.20
->,tgo,1970,31.58->37.27599,18.04
->,tls,1970,38.46->62.58065,62.72
->,ton,1970,101.5->89.40299,11.92
->,tun,1970,25.64->40.81081,59.17
->,tur,1970,51.43->61.68421,19.94
->,twn,1970,71.19->83.15789,16.81
->,tza,1970,47.06->65.29412,38.75
->,uga,1970,43.33->52.71084,21.65
+++,vct,1970,93.92625,
->,yem,1970,9.091->11.16071,22.77
->,zwe,1970,56.52->69.58175,23.11
->,afg,1971,11.11->15.82734,42.46
->,alb,1971,101.6->87.94212,13.44
+++,and,1971,97.40566,
->,are,1971,80.85->91.37931,13.02
->,arm,1971,104.1->92.11268,11.52
->,bdi,1971,42.86->55.02646,28.39
->,bfa,1971,33.33->37.7551,13.28
->,bgd,1971,39.13->47.77328,22.09
->,bhr,1971,70->80.28504,14.69
->,bih,1971,66.67->81.60291,22.40
+++,brb,1971,94.26752,
+++,brn,1971,85.55176,
+++,btn,1971,32.53968,
->,caf,1971,27.27->40.20619,47.44
->,chn,1971,59.09->66.9708,13.34
->,civ,1971,31.58->39.35743,24.63
->,cod,1971,35.71->48.96907,37.13
->,cog,1971,40.43->55.55556,37.41
->,com,1971,35.29->55.4007,56.99
->,cpv,1971,60->67.16418,11.94
->,dji,1971,19.23->29.51289,53.47
+++,dma,1971,100.18349,
->,dza,1971,78.95->90.29851,14.37
->,egy,1971,40.91->52.44898,28.21
->,eri,1971,27.27->43.66812,60.13
->,est,1971,113.7->98.15547,13.67
->,eth,1971,22.22->42.41071,90.87
+++,fsm,1971,81.67388,
->,gab,1971,65->89.22156,37.26
->,geo,1971,108.1->94.22604,12.83
->,gin,1971,25->28.07018,12.28
->,gnb,1971,27.27->32.51534,19.23
->,gnq,1971,47.5->52.88684,11.34
+++,grd,1971,94.26752,
->,guy,1971,71.93->97.28601,35.25
->,hrv,1971,80.65->92.05607,14.14
->,idn,1971,55.26->66.36971,20.10
->,ind,1971,34.38->40.85366,18.83
->,irq,1971,56->47.78761,14.66
+++,isl,1971,97.15347,
->,jor,1971,52.63->68.88519,30.89
->,kaz,1971,111.8->94.25587,15.69
->,ken,1971,42.86->55.11628,28.60
->,khm,1971,48.15->57.33788,19.08
->,lao,1971,50->62.36559,24.73
->,lbn,1971,80->88.8,11.00
->,lbr,1971,26.09->30.86957,18.32
+++,lby,1971,50.41322,
->,lca,1971,107.4->96.42857,10.22
->,ltu,1971,107.3->95.54513,10.96
->,lva,1971,113.4->93.57576,17.48
->,mar,1971,36.84->47.08171,27.80
->,mdv,1971,86.49->75.5814,12.61
->,mhl,1971,76.36->86.80412,13.68
->,mli,1971,42.86->35.78947,16.50
+++,mlt,1971,87.75811,
->,mmr,1971,74.07->83.78378,13.11
->,moz,1971,40->44.2623,10.66
->,mrt,1971,38.46->50.4065,31.06
->,mys,1971,62.26->70.75812,13.65
->,ner,1971,25->36.55914,46.24
->,nga,1971,43.33->51.18734,18.13
->,nic,1971,123.3->99.39759,19.39
->,npl,1971,12.5->23.63636,89.09
->,omn,1971,46.43->62.5,34.61
->,pak,1971,23.81->32.43243,36.21
->,png,1971,41.67->52.32558,25.57
+++,prk,1971,72.21374,
->,pry,1971,79.55->94.83568,19.22
->,pse,1971,56.14->76.32933,35.96
->,qat,1971,91.67->108.37696,18.23
->,rwa,1971,47.37->58.11966,22.69
->,sau,1971,29.17->44.81132,53.62
->,sdn,1971,29.63->35.91731,21.22
->,som,1971,20->36.56716,82.84
+++,ssd,1971,25.68807,
->,syc,1971,111.1->91.59836,17.55
->,syr,1971,41.67->49.02913,17.66
->,tcd,1971,20->22.89157,14.46
->,tgo,1971,30->37.76224,25.87
->,tls,1971,35.71->62.89308,76.12
->,ton,1971,100->89.7511,10.25
->,tun,1971,26.83->41.36126,54.16
->,tur,1971,51.35->62.13992,21.01
->,twn,1971,72.58->83.74194,15.38
->,tza,1971,48.57->66.09195,36.08
->,uga,1971,41.94->53.23529,26.93
+++,vct,1971,94.26752,
->,yem,1971,8.333->11.30435,35.66
->,zwe,1971,57.45->70.01862,21.88
->,afg,1972,10->15.38462,53.85
->,alb,1972,100->88.32808,11.67
+++,and,1972,97.79582,
->,are,1972,81.63->92.01681,12.72
->,bdi,1972,46.67->55.15464,18.18
->,bfa,1972,33.33->38.61386,15.85
->,bgd,1972,37.5->48.22134,28.59
->,bhr,1972,71.43->81.01852,13.42
->,bih,1972,69.23->82.14286,18.65
->,blz,1972,92.45->82.01754,11.28
+++,brb,1972,94.80249,
+++,brn,1972,86.00224,
+++,btn,1972,32.94574,
->,caf,1972,26.09->40.26846,54.34
->,chn,1972,58.7->67.44186,14.89
->,civ,1972,30->39.60784,32.03
->,cmr,1972,44.12->49.47917,12.15
->,cod,1972,36.36->49.37028,35.78
->,cog,1972,40.82->55.93561,37.03
->,com,1972,38.89->56.12245,44.31
->,cpv,1972,57.14->67.88321,18.80
->,dji,1972,18.52->29.69188,60.32
+++,dma,1972,100.71942,
->,dza,1972,80->90.21739,12.77
->,egy,1972,43.48->52.98805,21.87
->,eri,1972,33.33->43.82979,31.50
->,est,1972,113.3->98.57513,13.00
->,eth,1972,22.22->42.6087,91.76
+++,fsm,1972,82.2695,
->,gab,1972,64.29->89.64844,39.44
->,geo,1972,108->94.56522,12.44
->,gin,1972,25->28.40909,13.64
->,gnb,1972,27.27->32.7381,20.05
->,gnq,1972,47.62->53.0474,11.40
+++,grd,1972,94.80249,
->,guy,1972,72.88->97.75051,34.13
->,hrv,1972,81.25->92.36641,13.68
->,hti,1972,52.94->59.87055,13.09
->,idn,1972,55->66.95652,21.74
->,ind,1972,35.29->41.66667,18.07
->,irq,1972,55.77->48.7106,12.66
+++,isl,1972,97.56395,
->,jor,1972,54.24->69.9187,28.91
->,kaz,1972,111.4->94.73684,14.96
->,ken,1972,44.19->56.00907,26.75
->,khm,1972,50->57.66667,15.33
->,lao,1972,47.62->63.15789,32.63
->,lbn,1972,80.85->89.41176,10.59
+++,lby,1972,50.9434,
->,lca,1972,109.1->96.86924,11.21
->,ltu,1972,107.1->95.96309,10.40
->,lva,1972,113.1->93.92133,16.96
->,mar,1972,35->47.34848,35.28
->,mdv,1972,86.84->76.13636,12.33
->,mhl,1972,77.19->87.09677,12.83
+++,mlt,1972,88.22674,
->,mmr,1972,75->84.15842,12.21
->,moz,1972,37.5->44.38503,18.36
->,mrt,1972,38.46->50.79365,32.07
->,mys,1972,63.64->71.73145,12.71
->,ner,1972,25->36.84211,47.37
->,nga,1972,41.94->51.54639,22.91
->,nic,1972,122.6->100,18.43
->,npl,1972,17.65->23.75887,34.61
->,omn,1972,46.67->63.0485,35.09
->,pak,1972,27.27->32.70677,19.94
->,png,1972,44->52.55682,19.45
+++,prk,1972,72.71364,
->,pry,1972,82.22->95.18349,15.77
->,pse,1972,57.63->76.80672,33.28
->,qat,1972,92.11->108.95141,18.28
->,rwa,1972,50->58.75,17.50
->,sau,1972,30->45.45455,51.52
->,sdn,1972,28.57->36.4557,27.60
->,som,1972,20->36.49635,82.48
+++,ssd,1972,25.89286,
->,syc,1972,113->91.81637,18.75
->,syr,1972,42.11->49.64539,17.89
->,tcd,1972,18.18->22.94118,26.19
->,tgo,1972,31.82->37.88396,19.06
->,tls,1972,35.71->63.38462,77.50
->,tun,1972,27.91->41.87817,50.05
->,tur,1972,53.85->62.5,16.06
->,twn,1972,73.85->84.3038,14.16
->,tza,1972,50->66.38655,32.77
->,uga,1972,42.42->53.44828,26.00
+++,vct,1972,94.80249,
->,yem,1972,8.333->11.39241,36.71
->,zwe,1972,59.18->70.4918,19.11
->,afg,1973,9.091->15.64626,72.11
->,alb,1973,100->88.85449,11.15
+++,and,1973,98.05936,
->,are,1973,82.35->92.43354,12.24
->,bdi,1973,43.75->55.77889,27.49
->,bfa,1973,33.33->38.83495,16.52
->,bgd,1973,40->48.64865,21.62
->,bhr,1973,71.11->81.94131,15.23
->,bih,1973,69.81->82.662,18.41
->,blz,1973,92.73->82.40343,11.14
+++,brb,1973,95.12195,
+++,brn,1973,86.43881,
+++,btn,1973,33.20755,
->,caf,1973,25->40.65574,62.62
->,chn,1973,61.7->68.07018,10.32
->,civ,1973,33.33->40.22989,20.70
->,cmr,1973,44.44->50.12723,12.80
->,cod,1973,37.78->49.75369,31.69
->,cog,1973,43.14->56.49606,30.96
->,com,1973,36.84->56.47841,53.31
->,cpv,1973,59.09->68.3274,15.63
->,dji,1973,17.86->30.13699,68.74
+++,dma,1973,101.0582,
->,dza,1973,80.95->90.49296,11.79
->,egy,1973,44.68->53.50195,19.74
->,eri,1973,33.33->44.39834,33.21
->,est,1973,113->98.85496,12.52
->,eth,1973,22.22->42.79661,92.60
+++,fsm,1973,82.59053,
->,gab,1973,63.64->90.05736,41.51
->,geo,1973,107.9->95.12485,11.84
->,gin,1973,23.08->28.88889,25.17
->,gnb,1973,25->33.13953,32.56
+++,grd,1973,95.12195,
->,guy,1973,72.13->98.19639,36.14
->,hrv,1973,81.82->92.8036,13.42
->,idn,1973,57.14->67.44681,18.04
->,ind,1973,37.14->42.02899,13.16
->,irq,1973,56.6->49.44444,12.64
+++,isl,1973,97.96407,
->,jor,1973,57.38->70.79365,23.38
->,kaz,1973,111.1->95.08197,14.42
->,ken,1973,46.67->56.73289,21.56
->,khm,1973,48.28->57.98046,20.09
->,lao,1973,50->63.35616,26.71
->,lbn,1973,81.63->90.01919,10.28
->,lbr,1973,28->31.68724,13.17
+++,lby,1973,51.31579,
->,lca,1973,108.8->97.29242,10.58
->,ltu,1973,107->96.25426,10.04
->,lva,1973,112.8->94.3662,16.34
->,mar,1973,38.1->47.77778,25.40
->,mdv,1973,87.18->76.38889,12.38
->,mhl,1973,77.97->87.54941,12.29
+++,mlt,1973,88.69814,
->,mmr,1973,75.86->84.56592,11.48
->,mrt,1973,35.71->50.96525,42.72
->,ner,1973,50->36.73469,26.53
->,nga,1973,42.42->52.14106,22.92
->,nic,1973,121.9->100.28736,17.73
->,npl,1973,16.67->24.22145,45.30
->,omn,1973,48.39->63.43115,31.08
->,pak,1973,26.09->32.96703,26.36
->,png,1973,42.31->53.05556,25.40
+++,prk,1973,73.23529,
->,pry,1973,84.78->95.73034,12.92
->,pse,1973,59.02->77.26524,30.91
->,qat,1973,94.87->109.25,15.16
->,rwa,1973,47.62->59.34959,24.63
->,sau,1973,31.37->45.92145,46.39
->,sdn,1973,31.03->37.22084,19.95
->,sen,1973,50->42.55319,14.89
->,som,1973,18.18->36.87943,102.86
+++,ssd,1973,26.08696,
->,swz,1973,78.79->88.7218,12.61
->,syc,1973,110.4->92.02335,16.65
->,syr,1973,42.5->50.11547,17.92
->,tcd,1973,18.18->23.42857,28.87
->,tgo,1973,30.43->38.33333,25.97
->,tls,1973,40->63.96396,59.91
->,tun,1973,29.55->42.50614,43.84
->,tur,1973,53.66->62.72189,16.89
->,twn,1973,75->84.84472,13.13
->,tza,1973,48.65->66.84932,37.41
->,uga,1973,44.12->53.93258,22.24
+++,vct,1973,95.12195,
->,yem,1973,7.692->11.88525,54.51
->,zwe,1973,58.82->71.07143,20.83
->,afg,1974,9.091->15.89404,74.83
->,alb,1974,100->89.20973,10.79
+++,and,1974,98.42697,
->,bdi,1974,47.06->56.37255,19.79
->,bgd,1974,42.31->49.24812,16.40
->,bhr,1974,72.34->82.81938,14.49
->,bih,1974,69.09->83.16151,20.37
->,blz,1974,92.98->82.77311,10.98
+++,brb,1974,95.61753,
+++,brn,1974,86.86211,
+++,btn,1974,33.57934,
->,caf,1974,28->41.02564,46.52
->,chn,1974,61.22->68.50258,11.90
->,civ,1974,31.82->40.29851,26.65
->,cmr,1974,45.95->50.86849,10.70
->,cod,1974,38.3->50.12048,30.86
->,cog,1974,43.4->57.03276,31.41
->,com,1974,36.84->56.95793,54.61
->,cpv,1974,56.52->68.75,21.64
->,dji,1974,20.69->30.2139,46.03
+++,dma,1974,101.38169,
->,dza,1974,81.82->90.44369,10.54
->,egy,1974,44.9->53.9924,20.25
->,eri,1974,30.77->44.53441,44.73
->,est,1974,112.7->99.25,11.93
->,eth,1974,30->43.38843,44.63
+++,fsm,1974,83.03694,
->,gab,1974,65.22->90.6367,38.97
->,geo,1974,107.7->95.4386,11.38
->,gnb,1974,23.08->33.33333,44.43
->,gnq,1974,48.89->53.99568,10.44
+++,grd,1974,95.61753,
->,guy,1974,73.02->98.43137,34.80
->,hrv,1974,82.35->93.37261,13.39
->,idn,1974,58.14->68.125,17.17
->,ind,1974,37.84->42.37288,11.98
->,irq,1974,57.41->50,12.91
+++,isl,1974,98.23322,
->,jor,1974,58.73->71.62791,21.96
->,kaz,1974,109.5->95.41512,12.86
->,ken,1974,46.81->57.5431,22.93
->,khm,1974,50->58.28025,16.56
->,lao,1974,47.83->63.8796,33.56
+++,lby,1974,51.67095,
->,lva,1974,112.5->94.68822,15.83
->,mar,1974,36.36->48.37545,33.05
->,mdv,1974,87.5->76.90217,12.11
->,mli,1974,44.44->36.53846,17.78
+++,mlt,1974,89.01408,
->,mmr,1974,77.42->85.22013,10.08
->,moz,1974,38.89->45.17766,16.17
->,mrt,1974,33.33->51.69811,55.11
->,nga,1974,44.12->52.57985,19.17
->,nic,1974,117.6->100.8427,14.25
->,npl,1974,16.67->24.66216,47.94
->,omn,1974,48.48->64.01766,32.05
->,pak,1974,25->33.45196,33.81
->,png,1974,44.44->53.38753,20.13
+++,prk,1974,73.73737,
->,pry,1974,85.42->96.26374,12.69
->,pse,1974,60.32->77.86753,29.09
->,qat,1974,95.12->109.77995,15.41
->,rwa,1974,50->59.92063,19.84
->,sau,1974,32.08->46.51852,45.01
->,sdn,1974,33.33->37.7129,13.15
->,sle,1974,33.33->38.56209,15.70
->,som,1974,18.18->37.5,106.27
+++,ssd,1974,26.27119,
->,swz,1974,80->89.48655,11.86
->,syc,1974,112.2->92.40987,17.64
->,tcd,1974,16.67->23.46369,40.75
->,tgo,1974,33.33->38.63636,15.92
->,tls,1974,40->64.22287,60.56
->,tun,1974,30.43->43.09524,41.62
->,tur,1974,54.76->63.12741,15.28
->,twn,1974,77.14->85.36585,10.66
->,tza,1974,50->67.37968,34.76
->,uga,1974,45.71->54.3956,19.00
+++,vct,1974,95.61753,
->,yem,1974,7.143->11.95219,67.33
->,zwe,1974,61.54->71.5035,16.19
->,afg,1975,8.333->16.12903,93.56
->,alb,1975,100->89.70149,10.30
+++,and,1975,98.78319,
->,bdi,1975,47.06->56.45933,19.97
->,bgd,1975,40.74->49.63235,21.83
->,bhr,1975,73.47->83.47639,13.62
->,bih,1975,68.42->83.50168,22.04
->,blz,1975,93.1->83.33333,10.49
+++,brb,1975,96.10136,
+++,brn,1975,87.27273,
+++,btn,1975,33.81295,
->,caf,1975,26.92->41.37931,53.71
->,civ,1975,34.78->40.72727,17.10
->,cod,1975,37.5->50.35294,34.27
->,cog,1975,45.45->57.73585,27.03
->,com,1975,40->57.59494,43.99
->,cpv,1975,58.33->69.15254,18.55
->,dji,1975,20->30.62827,53.14
+++,dma,1975,101.86441,
->,egy,1975,47.06->54.54545,15.91
->,eri,1975,35.71->45.05929,26.18
->,est,1975,112.3->99.631,11.28
->,eth,1975,30->43.7751,45.92
+++,fsm,1975,83.60215,
->,gab,1975,65.96->91.19266,38.25
->,geo,1975,107.5->95.85731,10.83
->,gnb,1975,23.08->33.51648,45.22
->,gnq,1975,48.94->54.33404,11.02
+++,grd,1975,96.10136,
->,guy,1975,72.31->98.65643,36.44
->,hrv,1975,82.86->93.77713,13.18
->,idn,1975,60->68.63544,14.39
->,ind,1975,36.84->42.97521,16.65
->,irq,1975,57.14->50.65274,11.35
+++,isl,1975,98.6095,
->,jor,1975,59.09->72.72727,23.08
->,kaz,1975,109.2->95.85871,12.22
->,ken,1975,48.98->58.40336,19.24
->,khm,1975,50->58.69565,17.39
->,lao,1975,50->64.16938,28.34
+++,lby,1975,52.01005,
->,lca,1975,110->98.09359,10.82
->,lva,1975,113.5->95.11364,16.20
->,mar,1975,37.5->48.59155,29.58
->,mdv,1975,87.8->77.39362,11.85
->,mli,1975,44.44->37.73585,15.09
+++,mlt,1975,89.58333,
->,moz,1975,36.84->45.54455,23.63
->,mrt,1975,33.33->51.83824,55.53
->,nga,1975,44.44->52.9976,19.26
->,nic,1975,117.1->101.37363,13.43
->,npl,1975,15->25,66.67
->,omn,1975,52.94->64.36285,21.58
->,pak,1975,28->33.56401,19.87
->,png,1975,46.43->53.84615,15.97
+++,prk,1975,74.22096,
->,pry,1975,85.71->96.55914,12.66
->,pse,1975,63.08->78.28843,24.11
->,qat,1975,100->110.52632,10.53
->,rwa,1975,52.17->60.23166,15.45
->,sau,1975,32.73->47.09302,43.88
->,sdn,1975,31.25->38.42482,22.96
->,som,1975,25->37.83784,51.35
+++,ssd,1975,26.44628,
->,swz,1975,80.56->89.7619,11.42
->,syc,1975,114->92.60628,18.77
->,syr,1975,46.51->51.54185,10.82
->,tcd,1975,16.67->23.91304,43.45
->,tgo,1975,32->39.04762,22.02
->,tls,1975,37.5->64.57143,72.19
->,tun,1975,31.25->43.87991,40.42
->,tur,1975,54.55->63.51607,16.44
->,tza,1975,51.28->68.06283,32.73
->,uga,1975,45.95->54.69169,19.02
+++,vct,1975,96.10136,
->,zwe,1975,62.96->71.91781,14.23
->,afg,1976,8.333->16.3522,96.23
->,ago,1976,48.15->53.4375,10.98
+++,and,1976,99.12759,
->,bdi,1976,50->56.74419,13.49
->,bgd,1976,42.86->50.17921,17.08
->,bhr,1976,76.47->84.48637,10.48
->,bih,1976,70.69->84.13223,19.02
->,blz,1976,93.33->83.87097,10.14
+++,brb,1976,96.37405,
+++,brn,1976,87.67123,
+++,btn,1976,34.03509,
->,caf,1976,29.63->41.59021,40.37
->,civ,1976,33.33->41.28114,23.86
->,cod,1976,38->50.92166,34.00
->,cog,1976,44.83->58.41035,30.29
->,com,1976,38.1->58.02469,52.30
->,cpv,1976,60->69.53642,15.89
->,dji,1976,18.75->30.94629,65.05
+++,dma,1976,102.32558,
->,egy,1976,47.17->55.17241,16.97
->,eri,1976,33.33->45.38462,36.17
->,est,1976,112.2->100,10.87
->,eth,1976,27.27->44.14062,61.87
+++,fsm,1976,84.01585,
->,gab,1976,65.31->91.38241,39.92
->,gnb,1976,28.57->33.68984,17.92
+++,grd,1976,96.37405,
->,guy,1976,74.24->99.05838,33.43
->,hrv,1976,84.72->94.17614,11.16
->,idn,1976,59.57->69.32271,16.37
->,ind,1976,38.46->43.43164,12.93
+++,isl,1976,98.97377,
->,jor,1976,61.76->73.62963,19.22
->,kaz,1976,107.7->96.28297,10.60
->,ken,1976,49.02->59.1002,20.56
->,khm,1976,48.48->59.27052,22.26
->,lao,1976,48->64.64968,34.69
->,lbr,1976,28.57->32.83019,14.91
+++,lby,1976,52.57985,
->,lso,1976,144.1->129.56989,10.08
->,lva,1976,112.1->95.52072,14.79
->,mar,1976,36->49.14089,36.50
+++,mlt,1976,89.87688,
->,mrt,1976,37.5->52.32975,39.55
->,nga,1976,45.95->53.39578,16.20
->,nic,1976,116.7->101.60858,12.93
->,npl,1976,20->25.40193,27.01
->,omn,1976,52.78->64.90486,22.97
->,pak,1976,26.92->34.00673,26.33
->,png,1976,44.83->54.14508,20.78
+++,prk,1976,74.79109,
->,pry,1976,86.27->97.05263,12.50
->,pse,1976,64.18->78.84914,22.86
->,qat,1976,100->110.74766,10.75
->,rwa,1976,50->61.13208,22.26
->,sau,1976,33.93->47.64622,40.43
->,sdn,1976,33.33->39.01869,17.07
->,sen,1976,50->43.84236,12.32
->,som,1976,23.08->37.5,62.48
+++,ssd,1976,27.41935,
->,swz,1976,81.58->90.48724,10.92
->,syc,1976,111.5->92.97297,16.62
->,syr,1976,46.67->52.04301,11.51
->,tcd,1976,15.38->23.80952,54.81
->,tgo,1976,34.62->39.31889,13.57
->,tls,1976,35.29->65.0838,84.43
->,tun,1976,32->44.51902,39.12
->,tur,1976,56.52->63.88889,13.04
->,tza,1976,52.5->68.5422,30.56
->,uga,1976,47.37->55.2356,16.60
+++,vct,1976,96.37405,
->,zwe,1976,64.29->72.43697,12.67
->,afg,1977,7.692->16.56442,115.35
+++,and,1977,99.46294,
->,bdi,1977,47.37->57.72727,21.86
->,bgd,1977,43.33->50.6993,17.01
->,bhr,1977,77.36->85.10204,10.01
->,bih,1977,70->84.44084,20.63
->,blz,1977,95.08->84.22091,11.42
+++,brb,1977,97.00375,
+++,brn,1977,88.16199,
+++,btn,1977,34.36426,
->,caf,1977,27.59->42.21557,53.01
->,civ,1977,32->41.66667,30.21
->,cod,1977,38.46->51.35135,33.52
->,cog,1977,46.67->58.95118,26.31
->,com,1977,40.91->58.43373,42.83
->,cpv,1977,61.54->70.22654,14.12
->,dji,1977,21.21->31.25,47.34
+++,dma,1977,102.60586,
->,dza,1977,80.77->90.625,12.20
->,egy,1977,49.09->55.85106,13.77
->,eri,1977,37.5->45.69288,21.85
->,est,1977,111.9->100.35672,10.32
->,eth,1977,27.27->44.65649,63.76
+++,fsm,1977,84.54545,
->,gab,1977,66.67->92.07746,38.11
->,gin,1977,25->29.5,18.00
->,gnb,1977,26.67->33.85417,26.94
->,gnq,1977,50->55.26316,10.53
+++,grd,1977,97.00375,
->,guy,1977,75->99.26199,32.35
->,hrv,1977,85.14->94.69274,11.22
->,idn,1977,61.22->69.78558,13.99
->,ind,1977,39.02->43.86423,12.41
+++,isl,1977,99.3266,
->,jor,1977,62.86->74.52967,18.56
->,kaz,1977,107.5->96.58019,10.16
->,ken,1977,51.92->59.88024,15.33
->,khm,1977,50->59.64392,19.29
->,lao,1977,50->65.42056,30.84
->,lbr,1977,30->33.33333,11.11
+++,lby,1977,52.88462,
->,lva,1977,111.8->95.92062,14.20
->,mar,1977,38.46->49.66443,29.13
->,mdv,1977,88.1->78.3715,11.04
+++,mlt,1977,90.2834,
->,moz,1977,40->46.00939,15.02
->,mrt,1977,35.29->52.44755,48.62
->,nga,1977,46.15->53.77574,16.52
->,nic,1977,116.2->102.09974,12.13
->,npl,1977,18.18->25.70533,41.39
->,omn,1977,52.63->65.42443,24.31
->,pak,1977,28.57->34.42623,20.50
->,png,1977,46.67->54.82234,17.47
+++,prk,1977,75.2394,
->,pry,1977,88.46->97.3251,10.02
->,pse,1977,65.22->79.54198,21.96
->,qat,1977,100->111.44165,11.44
->,rwa,1977,52->61.76471,18.78
->,sau,1977,34.48->48.31933,40.14
->,sdn,1977,35.29->39.6789,12.44
->,sle,1977,35.29->39.28571,11.32
->,som,1977,23.08->37.82051,63.87
+++,ssd,1977,27.55906,
->,swz,1977,80->90.74492,13.43
->,syc,1977,113.2->92.98246,17.86
->,syr,1977,46.81->52.94118,13.10
->,tcd,1977,14.29->24.2268,69.54
->,tgo,1977,33.33->39.57704,18.74
->,tls,1977,41.18->65.84699,59.90
->,tun,1977,32.69->45.2381,38.39
->,tur,1977,56.25->64.24682,14.22
->,tza,1977,52.38->69,31.73
->,uga,1977,46.15->55.64103,20.57
+++,vct,1977,97.00375,
->,zwe,1977,63.79->72.86184,14.22
->,afg,1978,7.692->16.16766,110.19
+++,and,1978,99.78836,
->,bdi,1978,50->57.9646,15.93
->,bgd,1978,41.94->51.19454,22.07
->,bih,1978,72.13->84.89666,17.70
+++,brb,1978,97.43119,
+++,brn,1978,88.53634,
+++,btn,1978,34.44816,
->,caf,1978,30->42.39766,41.33
->,civ,1978,34.62->42.0339,21.42
->,cod,1978,39.62->51.54185,30.09
->,cog,1978,48.39->59.57447,23.11
->,com,1978,39.13->58.82353,50.33
->,cpv,1978,59.26->70.66246,19.24
->,dji,1978,20.59->31.54034,53.18
+++,dma,1978,103.03514,
->,egy,1978,49.12->56.22837,14.47
->,eri,1978,35.29->46.15385,30.78
->,eth,1978,25->44.98141,79.93
+++,fsm,1978,84.92976,
->,gab,1978,66.04->92.41379,39.94
->,gnb,1978,26.67->34.01015,27.52
->,gnq,1978,50->55.64356,11.29
+++,grd,1978,97.43119,
->,guy,1978,74.29->99.45848,33.88
->,hrv,1978,85.53->95.06173,11.14
->,idn,1978,62->70.61069,13.89
->,ind,1978,40.48->44.52926,10.00
+++,isl,1978,99.66851,
->,jor,1978,65.28->75.63739,15.87
->,ken,1978,51.85->60.89494,17.44
->,khm,1978,51.43->60,16.66
->,lao,1978,51.85->65.6535,26.62
->,lbr,1978,29.03->34.1637,17.68
+++,lby,1978,53.28638,
->,lso,1978,144.4->129.48718,10.33
->,lva,1978,111.7->96.19978,13.88
->,mar,1978,40.74->50.16393,23.13
->,mdv,1978,88.37->78.80299,10.83
+++,mlt,1978,90.81225,
->,mrt,1978,35.29->52.90102,49.90
->,ner,1978,33.33->37.5,12.51
->,nga,1978,47.5->54.36242,14.45
->,nic,1978,115.8->102.5641,11.43
->,npl,1978,17.39->26.38037,51.70
->,omn,1978,55->65.9919,19.99
->,pak,1978,27.59->34.71338,25.82
->,png,1978,46.88->55.08685,17.51
+++,prk,1978,75.7047,
->,pse,1978,67.61->79.94012,18.24
->,rwa,1978,53.85->62.58993,16.23
->,sau,1978,35->48.96836,39.91
->,sdn,1978,33.33->40.31532,20.96
->,som,1978,21.43->38.125,77.90
+++,ssd,1978,27.48092,
->,swz,1978,82.93->91.40969,10.23
->,syc,1978,114.8->93.16239,18.85
->,tcd,1978,14.29->24.1206,68.79
->,tgo,1978,34.48->39.82301,15.50
->,tls,1978,38.89->66.13333,70.05
->,tun,1978,33.33->45.91195,37.75
->,tur,1978,58->64.76868,11.67
->,tza,1978,55.81->69.68215,24.86
->,uga,1978,46.34->56.14035,21.15
+++,vct,1978,97.43119,
->,yem,1978,11.11->12.76596,14.91
->,zwe,1978,66.1->73.3871,11.02
->,afg,1979,7.143->16.37427,129.24
->,ago,1979,48.39->54.8105,13.27
+++,and,1979,100.10428,
->,bdi,1979,47.62->58.18966,22.20
->,bgd,1979,43.75->51.66667,18.10
->,bih,1979,71.43->85.33541,19.47
->,blz,1979,95.31->85.22727,10.58
+++,brb,1979,97.66607,
+++,brn,1979,89.00101,
+++,btn,1979,34.96732,
->,caf,1979,29.03->42.85714,47.63
->,civ,1979,37.04->42.24422,14.05
->,cod,1979,41.82->52.15517,24.71
->,cog,1979,48.44->60.06944,24.01
->,com,1979,41.67->59.48276,42.75
->,cpv,1979,60.71->71.2963,17.44
->,dji,1979,22.86->32.05742,40.23
+++,dma,1979,103.44828,
->,egy,1979,51.72->57.022,10.25
->,eri,1979,38.89->46.42857,19.38
->,eth,1979,25->45.28986,81.16
+++,fsm,1979,85.42714,
->,gab,1979,68.52->92.8934,35.57
->,gnb,1979,25->34.65347,38.61
->,gnq,1979,50.94->56.20155,10.33
+++,grd,1979,97.66607,
->,guy,1979,76.06->99.64602,31.01
->,idn,1979,63.46->71.21495,12.22
+++,isl,1979,100,
->,jor,1979,66.22->76.5928,15.66
->,ken,1979,53.57->61.66983,15.12
->,khm,1979,52.78->60.33994,14.32
->,lao,1979,48.28->66.17211,37.06
->,lbr,1979,31.25->34.48276,10.34
+++,lby,1979,53.7931,
->,lso,1979,145.9->129.8995,10.97
->,lva,1979,112.6->96.68094,14.14
->,mar,1979,41.38->50.47923,21.99
->,mli,1979,45.45->38.65546,14.95
+++,mlt,1979,91.1958,
->,moz,1979,40.91->46.875,14.58
->,mrt,1979,33.33->53.33333,60.02
->,ner,1979,33.33->38.26087,14.79
->,nga,1979,47.62->54.92341,15.34
->,nic,1979,115.4->102.75689,10.96
->,npl,1979,16.67->26.94611,61.64
->,omn,1979,54.76->66.33663,21.14
->,pak,1979,30->35.29412,17.65
->,png,1979,48.48->55.58252,14.65
+++,prk,1979,76.2533,
->,pse,1979,67.57->80.4699,19.09
->,qat,1979,102->112.25383,10.05
->,rwa,1979,51.85->63.15789,21.81
->,sau,1979,37.1->49.66262,33.86
->,sdn,1979,35.14->41.15044,17.10
->,som,1979,21.43->38.41463,79.26
+++,ssd,1979,27.61194,
->,syc,1979,114.3->93.5,18.20
->,tcd,1979,20->24.5098,22.55
->,tgo,1979,33.33->40.05764,20.18
->,tls,1979,36.84->66.66667,80.96
->,tun,1979,35.71->46.65314,30.64
->,tur,1979,58.82->65.09599,10.67
->,tza,1979,56.82->70.09569,23.36
->,uga,1979,47.62->56.61765,18.89
+++,vct,1979,97.66607,
->,yem,1979,10.53->13.10345,24.44
->,afg,1980,6.667->16.47727,147.15
->,ago,1980,50->55.27066,10.54
+++,and,1980,100.4111,
->,bdi,1980,52.38->58.82353,12.30
->,bgd,1980,45.45->52.443,15.39
->,bih,1980,72.31->85.91118,18.81
->,blz,1980,95.45->85.71429,10.20
+++,brb,1980,98.23944,
+++,brn,1980,89.45274,
+++,btn,1980,35.14377,
->,caf,1980,30.3->43.01676,41.97
->,civ,1980,35.71->42.90323,20.14
->,cod,1980,42.11->52.53165,24.75
->,cog,1980,50->60.71429,21.43
->,com,1980,40->59.94398,49.86
->,cpv,1980,60->71.68675,19.48
->,dji,1980,21.62->32.24299,49.14
+++,dma,1980,103.84615,
->,dom,1980,89.66->98.72727,10.11
->,egy,1980,51.67->57.52066,11.32
->,eri,1980,36.84->46.6899,26.74
->,eth,1980,30.77->45.77465,48.76
+++,fsm,1980,85.90853,
->,gab,1980,69.64->93.3665,34.07
->,gin,1980,26.32->30.09259,14.33
->,gnb,1980,29.41->34.61538,17.70
->,gnq,1980,50.91->56.54649,11.07
+++,grd,1980,98.23944,
->,guy,1980,76.71->100,30.36
->,idn,1980,64.81->71.84644,10.86
+++,isl,1980,100.32154,
->,jor,1980,68.42->77.64228,13.48
->,ken,1980,55.17->62.59259,13.45
->,khm,1980,54.05->60.66482,12.24
->,lao,1980,50->66.66667,33.33
->,lbr,1980,29.41->35.2349,19.81
+++,lby,1980,54.1573,
->,lso,1980,144.7->129.72973,10.35
->,lva,1980,111.3->97.04641,12.81
->,mar,1980,40->50.9375,27.34
+++,mlt,1980,91.56939,
->,moz,1980,39.13->46.95652,20.00
->,mrt,1980,36.84->53.57143,45.42
->,ner,1980,28.57->38.13559,33.48
->,nga,1980,50->55.34188,10.68
->,npl,1980,20->27.19298,35.96
->,omn,1980,56.82->66.99029,17.90
->,pak,1980,29.03->35.54217,22.43
->,png,1980,50->56.05701,12.11
+++,prk,1980,76.7834,
->,pse,1980,69.74->81.09668,16.28
->,rwa,1980,53.57->63.69863,18.91
->,sau,1980,38.1->50.19868,31.76
->,sdn,1980,35.9->41.95652,16.87
->,som,1980,26.67->39.28571,47.30
+++,ssd,1980,27.53623,
->,swz,1980,82.22->92.25941,12.21
->,syc,1980,114->93.50649,17.98
->,tcd,1980,18.75->24.40191,30.14
->,tgo,1980,35.48->40.44944,14.01
->,tls,1980,42.11->66.92112,58.92
->,tun,1980,36.21->47.34774,30.76
->,tza,1980,57.78->70.56075,22.12
->,uga,1980,48.84->56.9378,16.58
+++,vct,1980,98.23944,
->,yem,1980,9.524->13.37793,40.47
->,afg,1981,13.33->16.66667,25.03
+++,and,1981,100.70922,
->,bdi,1981,50->59.42623,18.85
->,bgd,1981,47.06->53.01587,12.66
->,bih,1981,73.13->86.31579,18.03
+++,brb,1981,98.61831,
+++,brn,1981,89.79392,
+++,btn,1981,35.51402,
->,caf,1981,32.35->43.44262,34.29
->,civ,1981,37.93->43.21767,13.94
->,cod,1981,43.1->52.78351,22.47
->,cog,1981,51.47->61.33333,19.16
->,com,1981,42.31->60.54795,43.11
->,cpv,1981,61.29->72.05882,17.57
->,dji,1981,21.05->32.72311,55.45
+++,dma,1981,104.22961,
->,eri,1981,40->47.11864,17.80
->,eth,1981,28.57->46.04811,61.18
+++,fsm,1981,86.49635,
->,gab,1981,70.69->93.65854,32.49
->,gnb,1981,27.78->35.21127,26.75
->,gnq,1981,50.88->57.0632,12.15
+++,grd,1981,98.61831,
->,guy,1981,78.38->100.17007,27.80
->,idn,1981,65.45->72.45081,10.70
+++,isl,1981,100.73918,
->,jor,1981,70.51->78.54305,11.39
->,ken,1981,56.67->63.53791,12.12
->,khm,1981,52.63->61.24661,16.37
->,lao,1981,51.61->67.13881,30.09
->,lbr,1981,31.43->35.50489,12.96
+++,lby,1981,54.72527,
->,lso,1981,146.2->129.80769,11.21
->,lva,1981,112.2->97.39854,13.19
->,mar,1981,40.62->51.52439,26.84
+++,mlt,1981,91.93342,
->,moz,1981,41.67->47.65957,14.37
->,mrt,1981,36.84->54.28571,47.36
->,nga,1981,50->55.9499,11.90
->,npl,1981,19.23->27.63533,43.71
->,omn,1981,58.7->67.49049,14.98
->,pak,1981,30.3->36.07038,19.04
->,png,1981,47.22->56.38051,19.40
+++,prk,1981,77.29592,
->,pse,1981,71.79->81.5864,13.65
->,rwa,1981,55.17->64.54849,17.00
->,sau,1981,40->50.91146,27.28
->,sdn,1981,37.5->42.64392,13.72
->,som,1981,25->39.30636,57.23
+++,ssd,1981,28.36879,
->,swz,1981,82.98->92.66802,11.68
->,syc,1981,115.5->93.67089,18.90
->,tcd,1981,18.75->24.65116,31.47
->,tgo,1981,36.36->40.93407,12.58
->,tls,1981,40->67.41294,68.53
->,tun,1981,36.67->48.09886,31.17
->,tza,1981,58.7->71.16705,21.24
->,uga,1981,48.89->57.37705,17.36
+++,vct,1981,98.61831,
->,yem,1981,9.091->13.63636,50.00
->,zwe,1981,67.69->74.88584,10.63
->,afg,1982,12.5->17.2973,38.38
+++,and,1982,100.999,
->,bdi,1982,52.17->60,15.01
->,bfa,1982,36.36->42.42424,16.68
->,bgd,1982,45.71->53.72671,17.54
->,bih,1982,72.46->86.85377,19.86
+++,brb,1982,98.98477,
+++,brn,1982,90.31008,
+++,btn,1982,35.97561,
->,caf,1982,31.43->43.85027,39.52
->,cod,1982,43.33->53.33333,23.09
->,cog,1982,54.29->62.0915,14.37
->,com,1982,42.86->60.96257,42.24
->,cpv,1982,62.5->72.70115,16.32
->,dji,1982,23.08->32.88591,42.49
+++,dma,1982,104.44444,
->,eri,1982,42.86->47.35099,10.48
->,eth,1982,28.57->46.48829,62.72
+++,fsm,1982,86.84211,
->,gab,1982,71.67->94.09888,31.29
->,gnb,1982,27.78->35.15982,26.57
+++,grd,1982,98.98477,
->,guy,1982,80->100.50083,25.63
+++,isl,1982,100.93555,
->,jor,1982,71.6->79.63684,11.22
->,khm,1982,53.85->61.80371,14.77
->,lao,1982,53.12->67.86704,27.76
->,lbr,1982,30.56->36.2776,18.71
+++,lby,1982,55.05376,
->,lso,1982,145->129.57746,10.64
->,lva,1982,112.1->97.84394,12.72
->,mar,1982,42.42->52.08333,22.78
->,mli,1982,46.15->39.53488,14.33
+++,mlt,1982,92.40506,
->,moz,1982,41.67->48.13278,15.51
->,mrt,1982,35->54.48916,55.68
->,nga,1982,50->56.32653,12.65
->,npl,1982,21.43->28.1337,31.28
->,omn,1982,60.42->67.84387,12.29
->,pak,1982,32.35->36.46724,12.73
->,png,1982,48.65->56.81818,16.79
+++,prk,1982,77.81955,
->,pse,1982,73.75->82.05841,11.27
->,rwa,1982,56.67->65.14658,14.96
->,sau,1982,41.79->51.6624,23.62
->,sdn,1982,38.1->43.60587,14.45
->,som,1982,23.53->39.54802,68.07
+++,ssd,1982,28.27586,
->,swz,1982,83.67->93.05556,11.22
->,syc,1982,116.9->93.98148,19.61
->,tcd,1982,17.65->25,41.64
->,tgo,1982,35.29->41.28686,16.99
->,tls,1982,42.86->68.12652,58.95
->,tun,1982,38.1->48.98711,28.58
->,tza,1982,61.7->71.81208,16.39
->,uga,1982,52.17->57.89474,10.97
+++,vct,1982,98.98477,
->,yem,1982,12.5->13.88013,11.04
->,afg,1983,11.76->17.36842,47.69
+++,and,1983,101.18227,
->,bdi,1983,54.17->60.54688,11.77
->,bgd,1983,47.22->54.24242,14.87
->,bih,1983,74.29->87.24638,17.44
+++,brb,1983,99.33665,
+++,brn,1983,90.72658,
+++,btn,1983,36.0119,
->,caf,1983,32.43->44.12533,36.06
->,civ,1983,37.5->44.14414,17.72
->,cod,1983,44.26->53.75494,21.45
->,cog,1983,55.56->62.82051,13.07
->,com,1983,44.83->61.6188,37.45
->,cpv,1983,63.64->73.03371,14.76
->,dji,1983,22.5->33.26039,47.82
+++,dma,1983,104.79651,
->,dom,1983,90.48->100.17036,10.71
->,eri,1983,39.13->47.74194,22.01
->,eth,1983,33.33->46.90554,40.73
+++,fsm,1983,87.27915,
->,gab,1983,72.58->94.52269,30.23
->,gin,1983,27.27->30.90129,13.32
->,gnb,1983,30->35.55556,18.52
+++,grd,1983,99.33665,
->,guy,1983,80.52->100.65466,25.01
+++,isl,1983,101.22951,
->,khm,1983,55->61.9171,12.58
->,lao,1983,54.55->68.10811,24.85
->,lbr,1983,31.58->36.80982,16.56
+++,lby,1983,55.57895,
->,lso,1983,146.3->129.65517,11.38
->,lva,1983,110.9->98.17629,11.47
->,mar,1983,42.86->52.61628,22.76
->,mli,1983,46.15->40.15152,13.00
+++,mlt,1983,92.75,
->,mrt,1983,38.1->54.98489,44.32
->,npl,1983,20.69->28.80435,39.22
->,omn,1983,60.78->68.48816,12.68
->,pak,1983,31.43->36.84211,17.22
->,png,1983,48.72->57.11111,17.22
+++,prk,1983,78.2984,
->,rwa,1983,58.06->65.92357,13.54
->,sau,1983,42.03->52.38693,24.64
->,som,1983,23.53->39.56044,68.13
+++,ssd,1983,28.18792,
->,swz,1983,84.31->93.61702,11.04
->,syc,1983,116.7->93.98496,19.46
->,tcd,1983,22.22->25.22124,13.51
->,tgo,1983,36.11->41.62304,15.27
->,tls,1983,40.91->68.40855,67.22
->,tun,1983,40->49.91087,24.78
->,tza,1983,61.22->72.21007,17.95
->,uga,1983,53.19->58.52018,10.02
+++,vct,1983,99.33665,
->,yem,1983,11.54->14.11043,22.27
->,afg,1984,11.76->17.4359,48.26
+++,and,1984,101.35922,
->,bdi,1984,54.17->60.8365,12.31
->,bih,1984,75.34->87.74929,16.47
+++,brb,1984,99.8374,
+++,brn,1984,91.13208,
+++,btn,1984,36.33721,
->,caf,1984,34.21->44.75703,30.83
->,civ,1984,39.39->44.57478,13.16
->,cod,1984,46.03->54.15861,17.66
->,cog,1984,56.76->63.52201,11.91
->,com,1984,45.16->61.9898,37.27
->,cpv,1984,65.71->73.42466,11.74
->,dji,1984,24.39->33.61884,37.84
+++,dma,1984,105.14286,
->,eri,1984,41.67->48.26498,15.83
->,eth,1984,31.25->47.45223,51.85
+++,fsm,1984,87.81903,
->,gab,1984,75->94.77727,26.37
->,gnb,1984,28.57->35.93074,25.76
+++,grd,1984,99.8374,
->,guy,1984,83.33->100.80257,20.97
+++,isl,1984,101.51515,
->,khm,1984,56.1->62.69036,11.75
->,lao,1984,55.88->68.78307,23.09
->,lbr,1984,33.33->37.5,12.51
+++,lby,1984,55.96708,
->,lva,1984,110.8->98.6,11.01
->,mar,1984,43.24->52.9745,22.51
+++,mlt,1984,93.07787,
->,moz,1984,42.31->48.4252,14.45
->,mrt,1984,36.36->55.16224,51.71
->,ner,1984,33.33->39.39394,18.19
->,npl,1984,20->29.52128,47.61
->,omn,1984,62.26->69.10714,11.00
->,pak,1984,32.43->37.46631,15.53
->,png,1984,50->57.6087,15.22
+++,prk,1984,78.78788,
->,rwa,1984,59.38->66.77019,12.45
->,sau,1984,45.07->53.08642,17.79
->,sdn,1984,41.3->45.43611,10.01
->,som,1984,27.78->40.32258,45.15
+++,ssd,1984,28.75817,
->,swz,1984,83.02->94.15094,13.41
->,syc,1984,118->94.1349,20.22
->,tcd,1984,21.05->25.43103,20.81
->,tgo,1984,37.84->41.94373,10.84
->,tls,1984,43.48->68.90951,58.49
->,tun,1984,41.18->50.68966,23.09
->,tza,1984,64->72.96137,14.00
+++,vct,1984,99.8374,
->,yem,1984,10.71->14.58333,36.17
->,afg,1985,11.11->17.5,57.52
+++,and,1985,101.62835,
->,bdi,1985,56->61.71004,10.20
->,bih,1985,76->88.11189,15.94
+++,brb,1985,100.15949,
+++,brn,1985,91.43389,
+++,btn,1985,36.93182,
->,caf,1985,35->45,28.57
->,civ,1985,40->44.98567,12.46
->,cod,1985,46.88->54.64896,16.57
->,cog,1985,57.89->64.35185,11.16
->,com,1985,46.88->62.59352,33.52
->,cpv,1985,66.67->73.99464,10.99
->,dji,1985,25.58->33.96226,32.77
+++,dma,1985,105.46985,
->,eri,1985,44->48.61538,10.49
->,eth,1985,31.25->47.67802,52.57
+++,fsm,1985,88.12785,
->,gab,1985,75.76->95.03012,25.44
->,gnb,1985,27.27->36.28692,33.07
+++,grd,1985,100.15949,
->,guy,1985,84.81->100.94488,19.02
+++,isl,1985,101.89243,
->,lao,1985,57.14->69.25065,21.19
->,lbr,1985,32.5->38.32853,17.93
+++,lby,1985,56.45161,
->,lva,1985,110.7->98.91412,10.65
->,mar,1985,47.37->53.4626,12.86
+++,mlt,1985,93.51285,
->,mrt,1985,39.13->55.6196,42.14
->,npl,1985,21.88->29.87013,36.52
->,pak,1985,34.21->37.69634,10.19
->,png,1985,50->58.08511,16.17
+++,prk,1985,79.26103,
->,rwa,1985,60.61->67.57576,11.49
->,sau,1985,46.58->53.69697,15.28
->,som,1985,26.32->40.31414,53.17
+++,ssd,1985,28.66242,
->,swz,1985,83.64->94.48529,12.97
->,syc,1985,117.7->94.27754,19.90
->,tcd,1985,20->25.63025,28.15
->,tls,1985,44->69.54545,58.06
->,tun,1985,41.43->51.75292,24.92
->,tza,1985,64.71->73.52941,13.63
+++,vct,1985,100.15949,
->,wsm,1985,112.5->100.62657,10.55
->,yem,1985,10.34->15.0289,45.35
->,afg,1986,10.53->17.56098,66.77
+++,and,1986,101.98675,
->,bfa,1986,38.46->44.52055,15.76
->,bgd,1986,50->56.21469,12.43
->,bih,1986,76.62->88.46154,15.45
+++,brb,1986,100.62598,
+++,brn,1986,91.81985,
+++,btn,1986,37.22222,
->,caf,1986,36.59->45.47677,24.29
->,cod,1986,46.97->55.01859,17.14
->,com,1986,50->63.01703,26.03
->,dji,1986,25->34.49692,37.99
+++,dma,1986,105.78512,
->,eth,1986,35.29->48.33837,36.97
+++,fsm,1986,88.63892,
->,gab,1986,76.47->95.4142,24.77
->,gnb,1986,31.82->36.47541,14.63
+++,grd,1986,100.62598,
->,guy,1986,87.5->101.08192,15.52
+++,isl,1986,102.1611,
->,lao,1986,58.33->69.69697,19.49
->,lbr,1986,33.33->38.93557,16.82
+++,lby,1986,57.00197,
->,lva,1986,110.6->99.31774,10.20
->,mar,1986,47.5->54.05405,13.80
->,mli,1986,46.67->41.25874,11.59
+++,mlt,1986,93.93939,
->,mrt,1986,41.67->55.89888,34.15
->,npl,1986,21.21->30.45685,43.60
->,pak,1986,33.33->38.16794,14.52
+++,prk,1986,79.81221,
->,rwa,1986,61.76->68.3432,10.66
->,sau,1986,47.37->54.46961,14.99
->,som,1986,30->40.81633,36.05
+++,ssd,1986,29.19255,
->,swz,1986,84.21->94.80287,12.58
->,syc,1986,119->94.55307,20.54
->,tcd,1986,19.05->25.81967,35.54
->,tgo,1986,37.5->42.43902,13.17
->,tls,1986,46.15->70,51.68
->,tun,1986,43.06->52.82714,22.68
->,tza,1986,67.31->74.07407,10.05
+++,vct,1986,100.62598,
->,wsm,1986,113.6->100.98401,11.11
->,yem,1986,12.9->15.40616,19.43
->,afg,1987,10.53->17.61905,67.32
+++,and,1987,102.2409,
->,bdi,1987,55.56->62.54417,12.57
->,bgd,1987,51.28->56.90608,10.97
->,bih,1987,77.22->89.05405,15.33
+++,brb,1987,101.07527,
+++,brn,1987,92.19601,
+++,btn,1987,37.39837,
->,caf,1987,38.1->45.80336,20.22
->,cod,1987,47.76->55.45455,16.11
->,com,1987,50->63.80952,27.62
->,dji,1987,26.09->34.73896,33.15
+++,dma,1987,106.08931,
->,eri,1987,44.44->49.12281,10.54
->,eth,1987,33.33->48.67257,46.03
+++,fsm,1987,89.13525,
->,gab,1987,78.26->95.78488,22.39
->,gnb,1987,30.43->36.8,20.93
+++,grd,1987,101.07527,
->,guy,1987,88.89->101.36571,14.03
+++,isl,1987,102.42248,
->,lao,1987,59.46->70.12346,17.93
->,lbr,1987,34.88->39.8374,14.21
+++,lby,1987,57.52896,
->,lso,1987,143.5->129.11392,10.03
->,mar,1987,48.78->54.7619,12.26
->,mli,1987,46.67->41.4966,11.09
+++,mlt,1987,94.35774,
->,moz,1987,44.83->49.45055,10.31
->,mrt,1987,40->56.31868,40.80
->,npl,1987,22.86->31.26551,36.77
->,pak,1987,34.15->38.86139,13.80
+++,prk,1987,80.25404,
->,sau,1987,50->55.33411,10.67
->,som,1987,30->40.79602,35.99
+++,ssd,1987,29.09091,
->,swz,1987,86.44->95.27972,10.23
->,syc,1987,120.3->94.55041,21.40
->,tgo,1987,39.02->42.95943,10.10
->,tls,1987,46.43->70.282,51.37
->,tun,1987,44.59->53.83412,20.73
->,tza,1987,66.67->74.59677,11.89
+++,vct,1987,101.07527,
->,wsm,1987,113.3->101.20773,10.67
->,yem,1987,12.12->15.80381,30.39
->,afg,1988,10->18.13953,81.40
+++,and,1988,102.39631,
->,bgd,1988,52.5->57.83784,10.17
->,bih,1988,78.75->89.50863,13.66
+++,brb,1988,101.35542,
+++,brn,1988,92.56272,
+++,btn,1988,37.93103,
->,caf,1988,39.53->46.24413,16.98
->,cod,1988,50->55.97148,11.94
->,com,1988,54.05->64.4186,19.18
->,dji,1988,25.53->35.23622,38.02
+++,dma,1988,106.38298,
->,eri,1988,44.83->49.71429,10.90
->,eth,1988,36.84->49.13793,33.38
+++,fsm,1988,89.51965,
->,gab,1988,78.87->96,21.72
->,gnb,1988,33.33->36.96498,10.91
+++,grd,1988,101.35542,
->,guy,1988,91.46->101.49031,10.97
+++,isl,1988,102.67686,
->,lao,1988,60.53->70.77295,16.92
->,lbr,1988,34.09->40.52632,18.88
+++,lby,1988,58.03403,
->,mar,1988,50->55.29716,10.59
+++,mlt,1988,94.64923,
->,mrt,1988,40.74->56.83646,39.51
->,ner,1988,36.36->40.41096,11.14
->,npl,1988,25->31.96126,27.85
+++,prk,1988,80.79545,
->,som,1988,28.57->41.26214,44.42
+++,ssd,1988,29.5858,
->,syc,1988,119.7->94.68085,20.90
->,tcd,1988,22.73->26.17188,15.14
->,tls,1988,48.28->70.91295,46.88
->,tun,1988,44.74->55,22.93
+++,vct,1988,101.35542,
->,wsm,1988,114.3->101.54211,11.16
->,yem,1988,14.29->16.09499,12.63
->,afg,1989,10->18.09955,81.00
+++,and,1989,102.63876,
->,bfa,1989,40->45.28302,13.21
->,bih,1989,79.27->89.94778,13.47
+++,brb,1989,101.77515,
+++,brn,1989,92.92035,
+++,btn,1989,38.0829,
->,caf,1989,40.91->46.66667,14.07
->,cod,1989,50.72->56.46853,11.33
->,com,1989,53.85->64.77273,20.28
->,dji,1989,26.53->35.64547,34.36
+++,dma,1989,106.79739,
->,eth,1989,35->49.7191,42.05
+++,fsm,1989,89.98924,
->,gab,1989,80.56->96.34831,19.60
->,gnb,1989,32->37.5,17.19
+++,grd,1989,101.77515,
+++,isl,1989,102.92453,
->,lao,1989,58.97->71.22642,20.78
->,lbr,1989,34.78->41.58163,19.56
+++,lby,1989,58.51852,
->,lso,1989,143.8->128.74494,10.47
->,mar,1989,50->55.80808,11.62
->,mli,1989,50->41.93548,16.13
+++,mlt,1989,94.92925,
->,mrt,1989,42.86->57.06806,33.15
->,npl,1989,23.68->32.46445,37.10
+++,prk,1989,81.31991,
->,som,1989,31.82->41.70616,31.07
+++,ssd,1989,29.88506,
->,syc,1989,119.4->94.68223,20.70
->,tcd,1989,21.74->26.23574,20.68
->,tls,1989,48.39->71.36929,47.49
->,tun,1989,46.15->56.15836,21.69
+++,vct,1989,101.77515,
->,wsm,1989,114.1->101.98135,10.62
->,yem,1989,13.89->16.66667,19.99
->,afg,1990,9.524->18.58407,95.13
+++,and,1990,102.87511,
->,bih,1990,79.76->90.37227,13.31
+++,brb,1990,102.03193,
+++,brn,1990,93.35083,
+++,btn,1990,38.48101,
->,caf,1990,42.22->47.19101,11.77
->,cod,1990,51.43->56.84932,10.54
->,com,1990,57.5->65.55556,14.01
->,dji,1990,28->36.03774,28.71
+++,dma,1990,106.93196,
->,eth,1990,40->50.13699,25.34
+++,fsm,1990,90.44586,
->,gab,1990,82.19->96.54696,17.47
+++,grd,1990,102.03193,
+++,isl,1990,103.16574,
->,lao,1990,60->71.82448,19.71
->,lbr,1990,36.17->42.32673,17.02
+++,lby,1990,58.87681,
->,lso,1990,142.9->128.31683,10.21
->,mar,1990,51.11->56.2963,10.15
+++,mlt,1990,95.31616,
->,mrt,1990,44.83->57.54476,28.36
->,npl,1990,25.64->33.33333,30.01
+++,prk,1990,81.71806,
->,som,1990,31.82->41.93548,31.79
+++,ssd,1990,29.77528,
->,syc,1990,118.8->94.93029,20.09
->,tls,1990,53.12->71.80527,35.18
->,tun,1990,47.5->57.38636,20.81
+++,vct,1990,102.03193,
->,wsm,1990,115.1->102.17391,11.23
->,yem,1990,13.16->17.16418,30.43
->,afg,1991,14.29->18.53448,29.70
+++,and,1991,103.01686,
->,bih,1991,80.23->90.78283,13.15
+++,brb,1991,102.56776,
+++,brn,1991,93.60415,
+++,btn,1991,38.86139,
->,com,1991,57.14->66.08696,15.66
->,dji,1991,28.85->36.41405,26.22
+++,dma,1991,107.19697,
->,eth,1991,38.1->50.53476,32.64
+++,fsm,1991,90.89005,
->,gab,1991,82.43->96.875,17.52
->,gnb,1991,33.33->38.1295,14.40
+++,grd,1991,102.56776,
+++,isl,1991,103.40074,
->,lao,1991,60.98->72.23476,18.46
->,lbr,1991,37.5->43.40528,15.75
+++,lby,1991,59.50266,
->,lso,1991,144->128.15534,11.00
+++,mlt,1991,95.58653,
->,mrt,1991,46.67->58,24.28
->,npl,1991,27.5->33.93665,23.41
+++,prk,1991,82.21258,
->,som,1991,30.43->42.34234,39.15
+++,ssd,1991,30.05464,
->,syc,1991,120->95.04337,20.80
->,tcd,1991,24->26.81159,11.71
->,tls,1991,52.94->72.42063,36.80
->,tun,1991,48.78->58.59697,20.12
+++,vct,1991,102.56776,
->,wsm,1991,114.8->102.47191,10.74
->,yem,1991,15->17.59036,17.27
->,afg,1992,13.64->18.90756,38.62
+++,and,1992,103.24277,
->,bfa,1992,41.18->47.09302,14.36
->,bih,1992,81.61->91.19107,11.74
+++,brb,1992,102.80112,
+++,brn,1992,93.93681,
+++,btn,1992,39.22518,
->,com,1992,60.47->66.80851,10.48
->,dji,1992,30.19->36.77536,21.81
+++,dma,1992,107.57764,
->,eth,1992,40.91->51.17493,25.09
+++,fsm,1992,91.22807,
->,gab,1992,84->97.05882,15.55
+++,grd,1992,102.80112,
+++,isl,1992,103.62976,
->,lao,1992,61.9->72.84768,17.69
->,lbr,1992,36.73->44.4186,20.93
+++,lby,1992,59.82609,
->,lso,1992,143.1->127.94677,10.59
+++,mlt,1992,96.0739,
->,mrt,1992,46.88->58.19071,24.13
->,npl,1992,26.19->34.73451,32.63
+++,prk,1992,82.69231,
->,som,1992,34.78->42.73128,22.86
+++,ssd,1992,30.48128,
->,syc,1992,119.7->95.15152,20.51
->,tcd,1992,23.08->27.20848,17.89
->,tls,1992,54.29->72.81553,34.12
->,tun,1992,50->60,20.00
+++,vct,1992,102.80112,
->,wsm,1992,115.7->102.75938,11.18
->,yem,1992,14.29->18.2243,27.53
->,afg,1993,13.64->18.85246,38.21
+++,and,1993,103.4662,
->,bih,1993,82.02->91.69719,11.80
+++,brb,1993,103.16369,
+++,brn,1993,94.34122,
+++,btn,1993,39.57346,
->,com,1993,60->67.35967,12.27
->,dji,1993,29.09->37.30018,28.22
+++,dma,1993,107.81441,
->,eth,1993,39.13->51.39949,31.36
+++,fsm,1993,91.64969,
->,gab,1993,85.53->97.23684,13.69
->,gnb,1993,34.48->38.56655,11.85
+++,grd,1993,103.16369,
+++,isl,1993,103.85305,
->,lao,1993,62.79->73.43413,16.95
->,lbr,1993,38->45.59819,20.00
+++,lby,1993,60.477,
->,mli,1993,50->43.93064,12.14
+++,mlt,1993,96.32606,
->,mrt,1993,45.45->58.47255,28.65
->,npl,1993,27.91->35.71429,27.96
+++,prk,1993,83.15789,
->,som,1993,33.33->42.91845,28.77
+++,ssd,1993,30.72917,
->,syc,1993,120.8->95.25504,21.15
->,tls,1993,56.76->73.38403,29.29
->,tun,1993,50->61.31953,22.64
+++,vct,1993,103.16369,
->,wsm,1993,116.7->103.03359,11.71
->,yem,1993,15.91->18.77828,18.03
->,afg,1994,13.04->19.2,47.24
+++,and,1994,103.59589,
->,bih,1994,82.42->92.06731,11.71
+++,brb,1994,103.51351,
+++,brn,1994,94.57429,
+++,btn,1994,40.0463,
->,bwa,1994,123.9->109.7561,11.42
->,dji,1994,30.36->37.73913,24.31
+++,dma,1994,107.92317,
->,eth,1994,41.67->51.99005,24.77
+++,fsm,1994,92.0603,
->,gab,1994,84.62->97.27979,14.96
+++,grd,1994,103.51351,
+++,isl,1994,104.0708,
->,lao,1994,63.64->73.83966,16.03
->,lbr,1994,39.22->46.60832,18.84
+++,lby,1994,60.93489,
+++,mlt,1994,96.6895,
->,mrt,1994,47.06->59.11215,25.61
->,npl,1994,28.89->36.44068,26.14
+++,prk,1994,83.71369,
->,som,1994,36->43.09623,19.71
+++,ssd,1994,30.96447,
->,syc,1994,120.5->95.35424,20.87
->,tcd,1994,25->27.60943,10.44
->,tls,1994,57.89->73.79182,27.47
->,tun,1994,51.72->62.86073,21.54
+++,vct,1994,103.51351,
->,wsm,1994,116.5->103.29787,11.33
->,yem,1994,15.56->19.51754,25.43
->,afg,1995,12.5->19.14062,53.12
+++,and,1995,103.81033,
->,bfa,1995,42.11->48.92473,16.18
->,bih,1995,83.7->92.43499,10.44
+++,brb,1995,103.85126,
+++,brn,1995,94.96284,
+++,btn,1995,40.36281,
->,bwa,1995,122.9->109.39335,10.99
->,dji,1995,31.03->38.05461,22.64
+++,dma,1995,108.27423,
->,eth,1995,40->52.55474,31.39
+++,fsm,1995,92.46032,
->,gab,1995,86.08->97.32143,13.06
->,gnb,1995,35.48->39.35484,10.92
+++,grd,1995,103.85126,
+++,isl,1995,104.28696,
->,lao,1995,64.44->74.38017,15.43
->,lbr,1995,40.38->47.65957,18.03
+++,lby,1995,61.3748,
->,lso,1995,141.8->126.83363,10.55
+++,mlt,1995,97.04545,
->,mrt,1995,48.57->59.36073,22.22
->,npl,1995,30.43->37.26708,22.47
+++,prk,1995,84.15133,
->,som,1995,36->43.26531,20.18
+++,ssd,1995,31.18812,
->,syc,1995,120->95.55809,20.37
->,tls,1995,60->74.49909,24.17
->,tun,1995,52.81->64.39024,21.93
+++,vct,1995,103.85126,
->,wsm,1995,117.4->103.44468,11.89
->,yem,1995,17.02->20.16985,18.51
->,afg,1996,12.5->19.39163,55.13
+++,and,1996,103.93305,
->,bih,1996,84.04->92.90698,10.55
+++,brb,1996,104.17755,
+++,brn,1996,95.26144,
+++,btn,1996,40.79823,
->,bwa,1996,122.4->109.56023,10.49
->,dji,1996,32.2->38.62876,19.97
+++,dma,1996,108.48837,
->,eth,1996,44->52.96912,20.38
+++,fsm,1996,92.85015,
->,gab,1996,87.5->97.35849,11.27
+++,grd,1996,104.17755,
+++,isl,1996,104.49827,
->,lao,1996,67.39->74.79839,10.99
->,lbr,1996,39.62->48.54772,22.53
+++,lby,1996,61.95827,
->,lso,1996,141.1->126.84211,10.10
->,mli,1996,50->44.91979,10.16
+++,mlt,1996,97.3064,
->,mrt,1996,50->59.59821,19.20
->,npl,1996,31.25->38.13387,22.03
+++,prk,1996,84.57661,
->,som,1996,38.46->43.8247,13.95
+++,ssd,1996,31.40097,
->,syc,1996,119.7->95.96413,19.83
->,tls,1996,60.98->74.91103,22.85
->,tun,1996,53.85->65.66986,21.95
+++,vct,1996,104.17755,
->,wsm,1996,117->103.7037,11.36
->,yem,1996,18.37->20.73922,12.90
->,afg,1997,12->19.7026,64.19
+++,and,1997,104.13907,
->,bfa,1997,45->50.5102,12.24
+++,brb,1997,104.35897,
+++,brn,1997,95.55735,
+++,btn,1997,40.99783,
->,bwa,1997,124->109.71963,11.52
->,dji,1997,32.79->39.01639,18.99
+++,dma,1997,108.69565,
->,eth,1997,46.15->53.48837,15.90
+++,fsm,1997,93.23017,
->,gab,1997,87.65->97.39454,11.12
+++,grd,1997,104.35897,
+++,isl,1997,104.79042,
->,lao,1997,68.09->75.34517,10.66
->,lbr,1997,40.74->49.39271,21.24
+++,lby,1997,62.51969,
->,lso,1997,142.1->126.6323,10.89
+++,mlt,1997,97.78024,
->,mrt,1997,50->60.17505,20.35
->,npl,1997,32.65->38.88889,19.11
+++,prk,1997,85.08946,
->,som,1997,37.04->43.96887,18.71
+++,ssd,1997,31.60377,
->,syc,1997,120.8->96.24724,20.33
->,tls,1997,62.79->75.47826,20.21
->,tun,1997,54.35->66.86251,23.02
+++,vct,1997,104.35897,
->,wsm,1997,116.8->103.95538,11.00
->,yem,1997,18->21.27237,18.18
->,afg,1998,15.38->19.92754,29.57
+++,and,1998,104.17349,
+++,brb,1998,104.79193,
+++,brn,1998,95.84333,
+++,btn,1998,41.40127,
->,bwa,1998,125.5->110.05484,12.31
->,dji,1998,33.87->39.54984,16.77
+++,dma,1998,109.01917,
->,eth,1998,44.44->53.86364,21.21
+++,fsm,1998,93.60076,
+++,grd,1998,104.79193,
+++,isl,1998,104.99154,
->,lao,1998,68.75->75.86873,10.35
->,lbr,1998,41.82->50,19.56
+++,lby,1998,63.06028,
->,lso,1998,141.4->126.59933,10.47
+++,mlt,1998,97.91895,
->,mrt,1998,51.28->60.59957,18.17
->,npl,1998,34->39.61165,16.50
+++,prk,1998,85.4902,
+++,ssd,1998,31.65138,
->,syc,1998,120.5->96.52174,19.90
->,tls,1998,65.91->76.02041,15.34
->,tun,1998,55.32->68.05075,23.01
+++,vct,1998,104.79193,
->,wsm,1998,117.7->104.2,11.47
->,yem,1998,19.23->21.92308,14.00
->,afg,1999,15.38->20.14134,30.96
+++,and,1999,104.37247,
+++,brb,1999,105.08685,
+++,brn,1999,96.12342,
+++,btn,1999,41.78794,
->,bwa,1999,124.5->110.37567,11.34
->,dji,1999,34.38->40.06309,16.53
+++,dma,1999,109.101,
->,eth,1999,46.43->54.34298,17.04
+++,fsm,1999,94.0566,
+++,grd,1999,105.08685,
+++,isl,1999,105.18828,
->,lbr,1999,42.86->50.7722,18.46
+++,lby,1999,63.58118,
->,lso,1999,142.4->126.56766,11.12
->,mli,1999,52.38->46.0396,12.10
+++,mlt,1999,98.37662,
->,mrt,1999,55->61.00629,10.92
->,npl,1999,34.62->40.30418,16.42
+++,prk,1999,85.97679,
->,som,1999,39.29->44.81481,14.06
+++,ssd,1999,31.83857,
->,syc,1999,121.5->96.78801,20.34
->,tls,1999,65.22->76.5391,17.36
->,tun,1999,56.84->69.161,21.68
+++,vct,1999,105.08685,
->,wsm,1999,117.5->104.43787,11.12
->,yem,1999,18.52->22.38806,20.89
->,afg,2000,14.81->20.34483,37.37
+++,and,2000,104.48718,
+++,brb,2000,105.36585,
+++,brn,2000,96.39781,
+++,btn,2000,42.27642,
->,bwa,2000,125.9->110.48951,12.24
->,chn,2000,91.46->82.17054,10.16
+++,dma,2000,109.28962,
->,eth,2000,48.28->54.90196,13.72
+++,fsm,2000,94.3203,
+++,grd,2000,105.36585,
+++,isl,2000,105.29801,
->,lbr,2000,42.11->51.50943,22.32
+++,lby,2000,63.9881,
->,lso,2000,141.7->126.53722,10.70
+++,mlt,2000,98.61111,
->,npl,2000,35.85->40.96834,14.28
+++,prk,2000,86.45038,
+++,ssd,2000,32.31441,
->,syc,2000,121.2->97.1519,19.84
->,tls,2000,68.09->77.03583,13.14
->,tun,2000,58.33->70.23411,20.41
+++,vct,2000,105.36585,
->,wsm,2000,118.4->104.66926,11.60
->,yem,2000,20->22.82609,14.13
->,afg,2001,14.81->20.53872,38.68
+++,and,2001,104.59952,
->,bfa,2001,47.83->52.99539,10.80
+++,brb,2001,105.64226,
+++,brn,2001,96.66667,
+++,btn,2001,42.62948,
->,bwa,2001,125.5->110.78767,11.72
+++,dma,2001,109.47255,
->,eth,2001,48.28->55.22388,14.38
+++,fsm,2001,94.75621,
+++,grd,2001,105.64226,
+++,isl,2001,105.48731,
->,kwt,2001,113.9->102.37603,10.12
->,lbr,2001,43.1->52.21402,21.15
+++,lby,2001,64.52555,
->,lso,2001,142.6->126.50794,11.28
+++,mlt,2001,98.94515,
->,npl,2001,36.36->41.7122,14.72
+++,prk,2001,86.81733,
->,som,2001,41.38->45.58304,10.16
+++,ssd,2001,32.47863,
->,syc,2001,121->97.5026,19.42
->,tls,2001,69.39->77.54777,11.76
->,tun,2001,58.16->71.27193,22.54
+++,vct,2001,105.64226,
->,wsm,2001,118.2->104.89443,11.26
->,yem,2001,21.05->23.41549,11.24
->,afg,2002,14.29->20.72368,45.02
+++,and,2002,104.78807,
->,bfa,2002,47.83->53.36323,11.57
+++,brb,2002,105.90319,
+++,brn,2002,96.93016,
+++,btn,2002,43.07992,
->,bwa,2002,126.8->111.07383,12.40
->,chn,2002,92.86->83.10011,10.51
+++,dma,2002,109.65005,
->,eth,2002,50->55.74113,11.48
+++,fsm,2002,95.09091,
+++,grd,2002,105.90319,
+++,isl,2002,105.59157,
->,kwt,2002,115.3->102.5355,11.07
->,lbr,2002,44.83->52.88809,17.97
+++,lby,2002,65.1363,
->,lso,2002,141.9->126.63551,10.76
+++,mlt,2002,99.27083,
->,npl,2002,37.5->42.32143,12.86
->,omn,2002,87.65->78.52605,10.41
+++,prk,2002,87.26766,
+++,ssd,2002,32.91667,
->,syc,2002,122->97.74359,19.88
->,tun,2002,59.6->72.27616,21.27
+++,vct,2002,105.90319,
->,wsm,2002,120.2->105.11848,12.55
->,afg,2003,13.79->20.90032,51.56
+++,and,2003,104.8174,
+++,brb,2003,106.03949,
+++,brn,2003,97.26236,
+++,btn,2003,43.40344,
->,bwa,2003,128.1->111.16585,13.22
->,chn,2003,94.12->83.6518,11.12
+++,dma,2003,109.82236,
+++,fsm,2003,95.41779,
+++,grd,2003,106.03949,
+++,isl,2003,105.77386,
->,kwt,2003,116.4->102.68924,11.78
->,lbr,2003,45.76->53.53357,16.99
+++,lby,2003,65.6338,
->,lso,2003,142.9->126.41221,11.54
+++,mlt,2003,99.58848,
->,omn,2003,89.02->78.90137,11.37
+++,prk,2003,87.70642,
+++,ssd,2003,32.92683,
->,syc,2003,121.7->98.07887,19.41
->,tun,2003,61->73.21998,20.03
+++,vct,2003,106.03949,
->,wsm,2003,118.8->105.33209,11.34
->,yem,2003,21.67->24.37396,12.48
->,afg,2004,17.24->21.31661,23.65
+++,and,2004,104.92308,
->,bfa,2004,48->55.12821,14.85
+++,brb,2004,106.28571,
+++,brn,2004,97.43976,
+++,btn,2004,43.82022,
->,bwa,2004,129.3->111.41479,13.83
->,chn,2004,95.29->84.08377,11.76
+++,dma,2004,109.9897,
->,dza,2004,96.97->87.06897,10.21
->,eri,2004,63.46->56.58153,10.84
+++,fsm,2004,95.74091,
->,gnb,2004,47.37->42.5641,10.15
+++,grd,2004,106.28571,
+++,isl,2004,105.95711,
->,kwt,2004,116.2->102.83757,11.50
->,lbr,2004,46.67->54.32526,16.40
+++,lby,2004,66.11342,
->,lso,2004,142.2->126.53673,11.01
+++,mlt,2004,99.89848,
->,moz,2004,60.98->53.64078,12.04
->,omn,2004,90.36->79.48403,12.04
+++,prk,2004,88.21396,
+++,ssd,2004,33.33333,
->,syc,2004,121.4->98.40319,18.94
->,tun,2004,61.39->74.05858,20.64
+++,vct,2004,106.28571,
->,wsm,2004,119.8->105.54017,11.90
->,afg,2005,16.67->21.40673,28.41
+++,and,2005,105.10671,
+++,brb,2005,106.64414,
+++,brn,2005,97.76119,
+++,btn,2005,44.22018,
->,bwa,2005,128.8->111.49606,13.43
->,chn,2005,96.51->84.69493,12.24
+++,dma,2005,110.05076,
->,dza,2005,97.01->87.20113,10.11
+++,fsm,2005,96.05263,
+++,grd,2005,106.64414,
+++,isl,2005,106.05346,
->,kwt,2005,117.6->102.98077,12.43
->,lbr,2005,45.9->54.82234,19.44
+++,lby,2005,66.71196,
->,lso,2005,143.1->126.47059,11.62
+++,mlt,2005,100.2006,
->,moz,2005,61.9->53.79147,13.10
->,omn,2005,90.48->79.95169,11.64
+++,prk,2005,88.63026,
->,sau,2005,79.25->70.68345,10.81
+++,ssd,2005,33.59073,
->,syc,2005,122.4->98.62205,19.43
->,tun,2005,62.75->75.05155,19.60
+++,vct,2005,106.64414,
->,wsm,2005,119.6->105.65178,11.66
->,afg,2006,16.13->21.49254,33.25
+++,and,2006,105.13208,
->,bfa,2006,50->56.09756,12.20
+++,brb,2006,106.87361,
+++,brn,2006,97.93052,
+++,btn,2006,44.70377,
->,bwa,2006,130->111.90108,13.92
->,chn,2006,97.7->85.11723,12.88
+++,dma,2006,110.21021,
->,eri,2006,65.45->57.5188,12.12
+++,fsm,2006,96.44406,
+++,grd,2006,106.87361,
+++,isl,2006,106.15265,
->,kwt,2006,120.3->103.12204,14.28
->,lbr,2006,47.54->55.55556,16.86
+++,lby,2006,67.28972,
->,lso,2006,144.6->126.40693,12.58
+++,mlt,2006,100.49505,
->,moz,2006,61.9->54.16667,12.49
->,omn,2006,92.86->80.4038,13.41
->,pak,2006,56.72->50.9375,10.19
+++,prk,2006,89.03625,
->,sau,2006,80.37->71.4032,11.16
+++,ssd,2006,33.58491,
->,syc,2006,122.1->98.931,18.98
->,tgo,2006,57.14->51.1811,10.43
->,tun,2006,63.11->75.91463,20.29
+++,vct,2006,106.87361,
->,wsm,2006,120.4->105.85059,12.08
->,afg,2007,16.13->21.86589,35.56
+++,and,2007,105.2356,
+++,brb,2007,107.09607,
+++,brn,2007,98.1685,
+++,btn,2007,45.07042,
->,bwa,2007,133.3->112.12121,15.89
->,chn,2007,98.85->85.61368,13.39
+++,dma,2007,110.36525,
->,eri,2007,64.91->58.01105,10.63
+++,fsm,2007,96.74099,
->,gnb,2007,50->44.01914,11.96
+++,grd,2007,107.09607,
+++,isl,2007,106.32716,
->,kwt,2007,120->103.25885,13.95
->,lbr,2007,48.39->56.00649,15.74
+++,lby,2007,67.62779,
->,lso,2007,143.9->126.52482,12.07
+++,mlt,2007,100.78201,
->,moz,2007,62.79->54.29864,13.52
->,omn,2007,94.12->80.84112,14.11
->,pak,2007,57.97->51.60796,10.97
+++,prk,2007,89.34498,
->,sau,2007,81.48->72.10526,11.51
->,sle,2007,55.56->49.87654,10.23
+++,ssd,2007,33.94834,
->,syc,2007,121.8->99.1371,18.61
->,tgo,2007,57.81->51.69753,10.57
->,tun,2007,64.42->76.57658,18.87
+++,vct,2007,107.09607,
->,wsm,2007,120.2->105.95556,11.85
->,afg,2008,18.75->22.22222,18.52
+++,and,2008,105.25926,
->,bfa,2008,51.85->57.14286,10.21
+++,brb,2008,107.31183,
+++,brn,2008,98.40232,
+++,btn,2008,45.59585,
->,bwa,2008,132.8->112.33284,15.41
->,chn,2008,100->86.09732,13.90
+++,dma,2008,110.4187,
->,eri,2008,67.24->58.48375,13.02
+++,fsm,2008,97.03138,
->,gnb,2008,51.22->44.39252,13.33
+++,grd,2008,107.31183,
+++,isl,2008,106.34072,
->,ken,2008,97.83->87.83931,10.21
->,kwt,2008,121.3->103.39138,14.76
->,lbr,2008,50->56.6879,13.38
+++,lby,2008,68.29897,
->,lso,2008,144.8->126.4624,12.66
+++,mlt,2008,100.96525,
->,moz,2008,62.79->54.64602,12.97
->,omn,2008,95.35->81.47296,14.55
->,pak,2008,58.57->52.25225,10.79
+++,prk,2008,89.81002,
->,sau,2008,82.57->72.70364,11.95
+++,ssd,2008,34.17266,
->,syc,2008,121.6->99.43182,18.23
->,tgo,2008,58.46->52.19365,10.72
->,tun,2008,64.76->77.39388,19.51
->,tza,2008,95.45->85.554,10.37
+++,vct,2008,107.31183,
->,wsm,2008,120->106.15114,11.54
->,afg,2009,18.75->22.28412,18.85
+++,and,2009,105.35977,
+++,brb,2009,107.41525,
+++,brn,2009,98.63211,
+++,btn,2009,46.02369,
->,bwa,2009,136.1->112.53644,17.31
->,caf,2009,62.9->56.45412,10.25
->,chn,2009,100->86.56863,13.43
+++,dma,2009,110.56676,
->,dza,2009,98.57->88.65711,10.06
->,eri,2009,67.8->59.0106,12.96
+++,fsm,2009,97.23386,
->,gnb,2009,50->44.74886,10.50
+++,grd,2009,107.41525,
+++,isl,2009,106.43452,
->,ken,2009,98.92->88.31726,10.72
->,kwt,2009,122.7->103.61337,15.56
->,lbr,2009,49.21->57.25429,16.35
+++,lby,2009,68.82129,
->,lso,2009,144.1->126.36612,12.31
+++,mlt,2009,101.23928,
->,moz,2009,65.12->54.97835,15.57
->,ner,2009,52->46.8,10.00
->,omn,2009,96.55->81.87995,15.19
->,pak,2009,60.56->52.80236,12.81
+++,prk,2009,90.18771,
->,sau,2009,83.64->73.43616,12.20
->,sle,2009,58.33->50.70755,13.07
+++,ssd,2009,34.38596,
->,syc,2009,121.3->99.71936,17.79
->,tgo,2009,59.09->52.67062,10.86
->,tun,2009,65.09->78.1889,20.12
->,tza,2009,96.97->86.04972,11.26
+++,vct,2009,107.41525,
->,wsm,2009,119.8->106.25,11.31
+++,afg,2010,22.55435,
+++,ago,2010,70.49924,
+++,alb,2010,101.41593,
+++,and,2010,105.45852,
+++,are,2010,105.11073,
+++,arg,2010,107.73967,
+++,arm,2010,103.87205,
+++,atg,2010,109.80861,
+++,aus,2010,102.21566,
+++,aut,2010,100.23923,
+++,aze,2010,100,
+++,bdi,2010,75.40984,
+++,bel,2010,104.06321,
+++,ben,2010,46.62698,
+++,bfa,2010,58.08824,
+++,bgd,2010,75.04216,
+++,bgr,2010,106.31665,
+++,bhr,2010,106.88525,
+++,bhs,2010,106.7053,
+++,bih,2010,98.30349,
+++,blr,2010,104.89978,
+++,blz,2010,98.24369,
+++,bol,2010,89.40594,
+++,bra,2010,112.13282,
+++,brb,2010,107.62004,
+++,brn,2010,98.78658,
+++,btn,2010,46.43449,
+++,bwa,2010,112.57143,
+++,caf,2010,56.94656,
+++,can,2010,101.4775,
+++,che,2010,97.72242,
+++,chl,2010,103.55078,
+++,chn,2010,87.02807,
+++,civ,2010,57.87671,
+++,cmr,2010,77.83133,
+++,cod,2010,67.27053,
+++,cog,2010,83.66285,
+++,col,2010,106.17021,
+++,com,2010,77.81022,
+++,cpv,2010,85.96215,
+++,cri,2010,108.45824,
+++,cub,2010,104.90694,
+++,cyp,2010,103.17109,
+++,cze,2010,102.21566,
+++,deu,2010,101.12024,
+++,dji,2010,45.66624,
+++,dma,2010,110.61611,
+++,dnk,2010,103.64546,
+++,dom,2010,110.16043,
+++,dza,2010,88.98848,
+++,ecu,2010,104.3,
+++,egy,2010,79.67086,
+++,eri,2010,59.34256,
+++,esp,2010,104.51931,
+++,est,2010,107.98747,
+++,eth,2010,59.21288,
+++,fin,2010,105.64103,
+++,fji,2010,102.82332,
+++,fra,2010,105.54675,
+++,fsm,2010,97.59536,
+++,gab,2010,98.74739,
+++,gbr,2010,101.78699,
+++,geo,2010,104.11677,
+++,gha,2010,75.91499,
+++,gin,2010,39.33333,
+++,gmb,2010,51.09983,
+++,gnb,2010,45.08929,
+++,gnq,2010,71.80617,
+++,grc,2010,103.22074,
+++,grd,2010,107.62004,
+++,gtm,2010,85.67294,
+++,guy,2010,104.47451,
+++,hnd,2010,107.02479,
+++,hrv,2010,105.91928,
+++,hti,2010,81.38298,
+++,hun,2010,103.44828,
+++,idn,2010,92.25875,
+++,ind,2010,65.18424,
+++,irl,2010,104.61073,
+++,irn,2010,85.89133,
+++,irq,2010,78.45304,
+++,isl,2010,106.52663,
+++,isr,2010,103.63761,
+++,ita,2010,103.26748,
+++,jam,2010,106.74956,
+++,jor,2010,98.64061,
+++,jpn,2010,101.98358,
+++,kaz,2010,103.6805,
+++,ken,2010,88.68922,
+++,kgz,2010,103.87965,
+++,khm,2010,75.48872,
+++,kir,2010,102.66963,
+++,kor,2010,97.88881,
+++,kwt,2010,103.64769,
+++,lao,2010,81.35338,
+++,lbn,2010,104.65808,
+++,lbr,2010,57.95107,
+++,lby,2010,69.24035,
+++,lca,2010,108.69141,
+++,lka,2010,103.15186,
+++,lso,2010,126.30872,
+++,ltu,2010,103.99079,
+++,lux,2010,102.06264,
+++,lva,2010,106.6615,
+++,mar,2010,68.11594,
+++,mda,2010,107.55957,
+++,mdg,2010,90.70866,
+++,mdv,2010,93.94773,
+++,mex,2010,98.12438,
+++,mhl,2010,101.95072,
+++,mkd,2010,102.48075,
+++,mli,2010,50,
+++,mlt,2010,101.50659,
+++,mmr,2010,101.90616,
+++,mne,2010,100.40917,
+++,mng,2010,110.60904,
+++,moz,2010,55.29661,
+++,mrt,2010,65.71429,
+++,mus,2010,98.24923,
+++,mwi,2010,67.6876,
+++,mys,2010,100.72529,
+++,nam,2010,105.41814,
+++,ner,2010,47.26562,
+++,nga,2010,71.6647,
+++,nic,2010,111.51762,
+++,nld,2010,100.07138,
+++,nor,2010,103.06407,
+++,npl,2010,47.2561,
+++,nzl,2010,103.8961,
+++,omn,2010,82.38573,
+++,pak,2010,53.40087,
+++,pan,2010,108.53432,
+++,per,2010,94.55663,
+++,phl,2010,107.46848,
+++,png,2010,70.30223,
+++,pol,2010,104.97033,
+++,prk,2010,90.55649,
+++,prt,2010,109.18367,
+++,pry,2010,109.30233,
+++,pse,2010,95.18072,
+++,qat,2010,122.27662,
+++,rou,2010,100.92379,
+++,rus,2010,105.09745,
+++,rwa,2010,86.14565,
+++,sau,2010,74.00508,
+++,sdn,2010,71.85714,
+++,sen,2010,61.08597,
+++,sgp,2010,97.81791,
+++,slb,2010,85.34799,
+++,sle,2010,51.15207,
+++,slv,2010,96.99422,
+++,som,2010,48.7106,
+++,srb,2010,103.125,
+++,ssd,2010,34.93151,
+++,stp,2010,80.82976,
+++,sur,2010,99.89259,
+++,svk,2010,102.77778,
+++,svn,2010,105.30835,
+++,swe,2010,104.0201,
+++,swz,2010,101.88889,
+++,syc,2010,99.90766,
+++,syr,2010,81.8872,
+++,tcd,2010,32.32558,
+++,tgo,2010,53.207,
+++,tha,2010,101.20219,
+++,tjk,2010,93.04858,
+++,tkm,2010,100.75873,
+++,tls,2010,82,
+++,ton,2010,102.78276,
+++,tto,2010,105.83263,
+++,tun,2010,78.86647,
+++,tur,2010,82.60417,
+++,twn,2010,100.15004,
+++,tza,2010,86.54891,
+++,uga,2010,72.73936,
+++,ukr,2010,104.10448,
+++,ury,2010,109.56522,
+++,usa,2010,102.69504,
+++,uzb,2010,100.9901,
+++,vct,2010,107.62004,
+++,ven,2010,108.53659,
+++,vnm,2010,98.00443,
+++,vut,2010,93.65629,
+++,wsm,2010,106.34648,
+++,yem,2010,27.58133,
+++,zaf,2010,103.19458,
+++,zmb,2010,83.11688,
+++,zwe,2010,89.91354,
+++,afg,2011,22.87234,
+++,ago,2011,71.17385,
+++,alb,2011,101.66229,
+++,and,2011,105.48341,
+++,are,2011,105.21008,
+++,arg,2011,107.82609,
+++,arm,2011,103.99667,
+++,atg,2011,109.86582,
+++,aus,2011,102.34261,
+++,aut,2011,100.39494,
+++,aze,2011,100.23904,
+++,bdi,2011,75.9519,
+++,bel,2011,104.17599,
+++,ben,2011,47.27626,
+++,bfa,2011,58.78136,
+++,bgd,2011,75.70248,
+++,bgr,2011,106.33631,
+++,bhr,2011,107.00431,
+++,bhs,2011,106.79771,
+++,bih,2011,98.69767,
+++,blr,2011,104.92285,
+++,blz,2011,98.48649,
+++,bol,2011,89.83382,
+++,bra,2011,112.43719,
+++,brb,2011,107.81893,
+++,brn,2011,98.93843,
+++,btn,2011,46.82927,
+++,bwa,2011,112.90323,
+++,caf,2011,57.57121,
+++,can,2011,101.60214,
+++,che,2011,97.95198,
+++,chl,2011,103.67647,
+++,chn,2011,87.48806,
+++,civ,2011,58.31933,
+++,cmr,2011,78.3848,
+++,cod,2011,67.77646,
+++,cog,2011,84.18891,
+++,col,2011,106.40084,
+++,com,2011,78.36676,
+++,cpv,2011,86.53251,
+++,cri,2011,108.43882,
+++,cub,2011,105.01672,
+++,cyp,2011,103.21637,
+++,cze,2011,102.34432,
+++,deu,2011,101.25833,
+++,dji,2011,46.12452,
+++,dma,2011,110.75772,
+++,dnk,2011,103.75887,
+++,dom,2011,110.33755,
+++,dza,2011,89.43396,
+++,ecu,2011,104.43787,
+++,egy,2011,80.30593,
+++,eri,2011,59.93209,
+++,esp,2011,104.63038,
+++,est,2011,107.90698,
+++,eth,2011,59.57821,
+++,fin,2011,105.66449,
+++,fji,2011,103.06031,
+++,fra,2011,105.56863,
+++,fsm,2011,97.8671,
+++,gab,2011,98.96907,
+++,gbr,2011,101.84266,
+++,geo,2011,104.1543,
+++,gha,2011,76.39535,
+++,gin,2011,39.47939,
+++,gmb,2011,51.57546,
+++,gnb,2011,45.63319,
+++,gnq,2011,72.34273,
+++,grc,2011,103.3437,
+++,grd,2011,107.81893,
+++,gtm,2011,86.20199,
+++,guy,2011,104.72279,
+++,hnd,2011,107.30717,
+++,hrv,2011,106.02837,
+++,hti,2011,81.85379,
+++,hun,2011,103.57143,
+++,idn,2011,92.68548,
+++,ind,2011,65.75,
+++,irl,2011,104.7191,
+++,irn,2011,86.37218,
+++,irq,2011,78.99891,
+++,isl,2011,106.62202,
+++,isr,2011,103.74915,
+++,ita,2011,103.38855,
+++,jam,2011,106.93591,
+++,jor,2011,98.99075,
+++,jpn,2011,102.03666,
+++,kaz,2011,103.8014,
+++,ken,2011,89.14405,
+++,kgz,2011,104.00314,
+++,khm,2011,76.0709,
+++,kir,2011,102.96378,
+++,kor,2011,98.04606,
+++,kwt,2011,103.77193,
+++,lao,2011,81.85841,
+++,lbn,2011,104.88759,
+++,lbr,2011,58.47076,
+++,lby,2011,69.85294,
+++,lca,2011,108.76686,
+++,lka,2011,103.39623,
+++,lso,2011,126.38522,
+++,ltu,2011,104.03349,
+++,lux,2011,102.19365,
+++,lva,2011,106.75883,
+++,mar,2011,68.61199,
+++,mda,2011,107.56098,
+++,mdg,2011,91.19011,
+++,mdv,2011,94.32432,
+++,mex,2011,98.34469,
+++,mhl,2011,102.22672,
+++,mkd,2011,102.62267,
+++,mli,2011,50.18315,
+++,mlt,2011,101.76744,
+++,mmr,2011,102.30548,
+++,mne,2011,100.56634,
+++,mng,2011,110.76625,
+++,moz,2011,55.48654,
+++,mrt,2011,66.17162,
+++,mus,2011,98.57868,
+++,mwi,2011,68.32579,
+++,mys,2011,100.98566,
+++,nam,2011,105.67787,
+++,ner,2011,47.52852,
+++,nga,2011,72.00929,
+++,nic,2011,111.71771,
+++,nld,2011,100.28329,
+++,nor,2011,103.17899,
+++,npl,2011,47.90419,
+++,nzl,2011,103.93419,
+++,omn,2011,82.87596,
+++,pak,2011,53.97727,
+++,pan,2011,108.61595,
+++,per,2011,94.87847,
+++,phl,2011,107.67018,
+++,png,2011,70.80103,
+++,pol,2011,105.00368,
+++,prk,2011,90.99249,
+++,prt,2011,109.24623,
+++,pry,2011,109.50745,
+++,pse,2011,95.42543,
+++,qat,2011,122.40964,
+++,rou,2011,101.06789,
+++,rus,2011,105.1263,
+++,rwa,2011,86.58537,
+++,sau,2011,74.70687,
+++,sdn,2011,72.57384,
+++,sen,2011,61.41907,
+++,sgp,2011,97.99107,
+++,slb,2011,85.85132,
+++,sle,2011,51.57658,
+++,slv,2011,97.38041,
+++,som,2011,48.88268,
+++,srb,2011,103.25543,
+++,ssd,2011,35.11706,
+++,stp,2011,81.32022,
+++,sur,2011,100.21164,
+++,svk,2011,102.90742,
+++,svn,2011,105.41377,
+++,swe,2011,104.05694,
+++,swz,2011,102.18818,
+++,syc,2011,100.09124,
+++,syr,2011,82.56684,
+++,tcd,2011,32.72727,
+++,tgo,2011,53.64807,
+++,tha,2011,101.507,
+++,tjk,2011,93.27801,
+++,tkm,2011,100.90158,
+++,tls,2011,82.59162,
+++,ton,2011,103.01954,
+++,tto,2011,106.02007,
+++,tun,2011,79.52607,
+++,tur,2011,83.05955,
+++,twn,2011,100.37202,
+++,tza,2011,86.8984,
+++,uga,2011,73.20261,
+++,ukr,2011,104.13589,
+++,ury,2011,109.64661,
+++,usa,2011,102.81889,
+++,uzb,2011,101.22549,
+++,vct,2011,107.81893,
+++,ven,2011,108.72618,
+++,vnm,2011,98.25328,
+++,vut,2011,93.98411,
+++,wsm,2011,106.53096,
+++,yem,2011,28.11634,
+++,zaf,2011,103.4384,
+++,zmb,2011,83.37209,
+++,zwe,2011,90.41746,
+++,afg,2012,23.11688,
+++,ago,2012,71.72012,
+++,alb,2012,101.90311,
+++,and,2012,105.50787,
+++,are,2012,105.3112,
+++,arg,2012,107.91058,
+++,arm,2012,104.20445,
+++,atg,2012,109.84375,
+++,aus,2012,102.46734,
+++,aut,2012,100.70478,
+++,aze,2012,100.47393,
+++,bdi,2012,76.62083,
+++,bel,2012,104.28677,
+++,ben,2012,47.61905,
+++,bfa,2012,59.09091,
+++,bgd,2012,76.17504,
+++,bgr,2012,106.44122,
+++,bhr,2012,107.12009,
+++,bhs,2012,106.80162,
+++,bih,2012,98.9899,
+++,blr,2012,104.94545,
+++,blz,2012,98.9339,
+++,bol,2012,90.26037,
+++,bra,2012,112.60816,
+++,brb,2012,108.01217,
+++,brn,2012,99.22753,
+++,btn,2012,47.36842,
+++,bwa,2012,113.0854,
+++,caf,2012,58.02651,
+++,can,2012,101.72528,
+++,che,2012,98.178,
+++,chl,2012,103.79951,
+++,chn,2012,87.92453,
+++,civ,2012,58.91089,
+++,cmr,2012,78.83041,
+++,cod,2012,68.30409,
+++,cog,2012,84.70111,
+++,col,2012,106.61841,
+++,com,2012,78.90295,
+++,cpv,2012,86.93009,
+++,cri,2012,108.52391,
+++,cub,2012,105.21092,
+++,cyp,2012,103.33575,
+++,cze,2012,102.47273,
+++,deu,2012,101.39398,
+++,dji,2012,46.625,
+++,dma,2012,110.80332,
+++,dnk,2012,103.87051,
+++,dom,2012,110.61394,
+++,dza,2012,89.74042,
+++,ecu,2012,104.57198,
+++,egy,2012,80.75472,
+++,eri,2012,60.39933,
+++,esp,2012,104.82315,
+++,est,2012,107.98771,
+++,eth,2012,60,
+++,fin,2012,105.69164,
+++,fji,2012,103.29181,
+++,fra,2012,105.74981,
+++,fsm,2012,98.13312,
+++,gab,2012,98.98271,
+++,gbr,2012,102.03938,
+++,geo,2012,104.26471,
+++,gha,2012,76.74685,
+++,gin,2012,39.91507,
+++,gmb,2012,52.11726,
+++,gnb,2012,45.84222,
+++,gnq,2012,72.86325,
+++,grc,2012,103.54391,
+++,grd,2012,108.01217,
+++,gtm,2012,86.73184,
+++,guy,2012,104.8583,
+++,hnd,2012,107.57979,
+++,hrv,2012,106.22261,
+++,hti,2012,82.54172,
+++,hun,2012,103.76923,
+++,idn,2012,93.20288,
+++,ind,2012,66.29766,
+++,irl,2012,104.74777,
+++,irn,2012,86.82746,
+++,irq,2012,79.42122,
+++,isl,2012,106.71091,
+++,isr,2012,103.7889,
+++,ita,2012,103.50746,
+++,jam,2012,107.02515,
+++,jor,2012,99.25125,
+++,jpn,2012,102.15779,
+++,kaz,2012,103.92006,
+++,ken,2012,89.49537,
+++,kgz,2012,104.12131,
+++,khm,2012,76.52174,
+++,kir,2012,103.35861,
+++,kor,2012,98.33795,
+++,kwt,2012,103.8961,
+++,lao,2012,82.34443,
+++,lbn,2012,105.01446,
+++,lbr,2012,59.20471,
+++,lby,2012,70.36145,
+++,lca,2012,108.93536,
+++,lka,2012,103.63467,
+++,lso,2012,126.32944,
+++,ltu,2012,104.22961,
+++,lux,2012,102.32384,
+++,lva,2012,106.84932,
+++,mar,2012,69.19505,
+++,mda,2012,107.56235,
+++,mdg,2012,91.65402,
+++,mdv,2012,94.82072,
+++,mex,2012,98.75,
+++,mhl,2012,102.49501,
+++,mkd,2012,102.76151,
+++,mli,2012,50.89606,
+++,mlt,2012,101.92837,
+++,mmr,2012,102.68741,
+++,mne,2012,100.72058,
+++,mng,2012,110.91954,
+++,moz,2012,55.98377,
+++,mrt,2012,66.66667,
+++,mus,2012,98.8978,
+++,mwi,2012,68.84273,
+++,mys,2012,101.23894,
+++,nam,2012,105.9293,
+++,ner,2012,47.95539,
+++,nga,2012,72.54005,
+++,nic,2012,111.91099,
+++,nld,2012,100.42164,
+++,nor,2012,103.22359,
+++,npl,2012,48.45815,
+++,nzl,2012,104.04542,
+++,omn,2012,83.35135,
+++,pak,2012,54.7486,
+++,pan,2012,108.78623,
+++,per,2012,95.27491,
+++,phl,2012,107.8673,
+++,png,2012,71.3198,
+++,pol,2012,105.03282,
+++,prk,2012,91.26134,
+++,prt,2012,109.41526,
+++,pry,2012,109.70655,
+++,pse,2012,95.75045,
+++,qat,2012,122.53855,
+++,rou,2012,101.21029,
+++,rus,2012,105.23213,
+++,rwa,2012,87.17949,
+++,sau,2012,75.31069,
+++,sdn,2012,73.13019,
+++,sen,2012,62.03905,
+++,sgp,2012,98.2327,
+++,slb,2012,86.43868,
+++,sle,2012,51.98238,
+++,slv,2012,97.75785,
+++,som,2012,49.45355,
+++,srb,2012,103.38284,
+++,ssd,2012,35.29412,
+++,stp,2012,81.65517,
+++,sur,2012,100.52138,
+++,svk,2012,103.11314,
+++,svn,2012,105.59387,
+++,swe,2012,104.16667,
+++,swz,2012,102.37069,
+++,syc,2012,100.36069,
+++,syr,2012,83.03477,
+++,tcd,2012,32.88889,
+++,tgo,2012,54.21348,
+++,tha,2012,101.80467,
+++,tjk,2012,93.50329,
+++,tkm,2012,101.1169,
+++,tls,2012,83.03342,
+++,ton,2012,103.16344,
+++,tto,2012,106.12076,
+++,tun,2012,80.16838,
+++,tur,2012,83.60324,
+++,twn,2012,100.51622,
+++,tza,2012,87.36842,
+++,uga,2012,73.77892,
+++,ukr,2012,104.16667,
+++,ury,2012,109.71698,
+++,usa,2012,102.86914,
+++,uzb,2012,101.3754,
+++,vct,2012,108.01217,
+++,ven,2012,108.80317,
+++,vnm,2012,98.60065,
+++,vut,2012,94.30168,
+++,wsm,2012,106.62196,
+++,yem,2012,28.62958,
+++,zaf,2012,103.67925,
+++,zmb,2012,83.94495,
+++,zwe,2012,90.82397,
+++,afg,2013,23.35025,
+++,ago,2013,72.2063,
+++,alb,2013,102.05128,
+++,and,2013,105.53191,
+++,are,2013,105.32787,
+++,arg,2013,107.9932,
+++,arm,2013,104.40457,
+++,atg,2013,109.82212,
+++,aus,2013,102.58993,
+++,aut,2013,100.85337,
+++,aze,2013,100.70423,
+++,bdi,2013,77.11538,
+++,bel,2013,104.32234,
+++,ben,2013,47.94776,
+++,bfa,2013,59.72696,
+++,bgd,2013,76.78855,
+++,bgr,2013,106.53907,
+++,bhr,2013,107.2327,
+++,bhs,2013,106.89103,
+++,bih,2013,99.27536,
+++,blr,2013,105.04323,
+++,blz,2013,99.15966,
+++,bol,2013,90.5804,
+++,bra,2013,112.77372,
+++,brb,2013,108.2,
+++,brn,2013,99.30362,
+++,btn,2013,47.73083,
+++,bwa,2013,113.24324,
+++,caf,2013,58.61071,
+++,can,2013,101.781,
+++,che,2013,98.40056,
+++,chl,2013,104,
+++,chn,2013,88.36127,
+++,civ,2013,59.48136,
+++,cmr,2013,79.26267,
+++,cod,2013,68.7788,
+++,cog,2013,85.2,
+++,col,2013,106.82977,
+++,com,2013,79.41989,
+++,cpv,2013,87.33234,
+++,cri,2013,108.71795,
+++,cub,2013,105.3148,
+++,cyp,2013,103.52518,
+++,cze,2013,102.5974,
+++,deu,2013,101.52727,
+++,dji,2013,47.23247,
+++,dma,2013,110.84777,
+++,dnk,2013,103.91061,
+++,dom,2013,110.66667,
+++,dza,2013,90.04854,
+++,ecu,2013,104.80307,
+++,egy,2013,81.36067,
+++,eri,2013,61.01142,
+++,esp,2013,104.93238,
+++,est,2013,108.06697,
+++,eth,2013,60.50847,
+++,fin,2013,105.71429,
+++,fji,2013,103.42707,
+++,fra,2013,105.84615,
+++,fsm,2013,98.31325,
+++,gab,2013,99.29648,
+++,gbr,2013,102.09205,
+++,geo,2013,104.30029,
+++,gha,2013,77.28814,
+++,gin,2013,40.33264,
+++,gmb,2013,52.55591,
+++,gnb,2013,46.34656,
+++,gnq,2013,73.36842,
+++,grc,2013,103.66133,
+++,grd,2013,108.2,
+++,gtm,2013,87.10562,
+++,guy,2013,104.99002,
+++,hnd,2013,107.97386,
+++,hrv,2013,106.41804,
+++,hti,2013,82.97604,
+++,hun,2013,103.8872,
+++,idn,2013,93.60406,
+++,ind,2013,66.82809,
+++,irl,2013,104.85294,
+++,irn,2013,87.28271,
+++,irq,2013,80.02114,
+++,isl,2013,106.72515,
+++,isr,2013,103.83065,
+++,ita,2013,103.62426,
+++,jam,2013,107.20412,
+++,jor,2013,99.42387,
+++,jpn,2013,102.20884,
+++,kaz,2013,104.03656,
+++,ken,2013,89.92879,
+++,kgz,2013,104.24056,
+++,khm,2013,76.9559,
+++,kir,2013,103.63248,
+++,kor,2013,98.5567,
+++,kwt,2013,103.92827,
+++,lao,2013,82.69504,
+++,lbn,2013,105.23311,
+++,lbr,2013,59.68208,
+++,lby,2013,70.93713,
+++,lca,2013,109.00563,
+++,lka,2013,103.77185,
+++,lso,2013,126.24204,
+++,ltu,2013,104.26966,
+++,lux,2013,102.526,
+++,lva,2013,106.9434,
+++,mar,2013,69.75684,
+++,mda,2013,107.64331,
+++,mdg,2013,92.10134,
+++,mdv,2013,95.16971,
+++,mex,2013,98.95636,
+++,mhl,2013,102.65748,
+++,mkd,2013,103.06545,
+++,mli,2013,51.04895,
+++,mlt,2013,102.2686,
+++,mmr,2013,103.05556,
+++,mne,2013,100.95087,
+++,mng,2013,110.96408,
+++,moz,2013,56.15079,
+++,mrt,2013,67.09062,
+++,mus,2013,99.20949,
+++,mwi,2013,69.34307,
+++,mys,2013,101.48731,
+++,nam,2013,106.06061,
+++,ner,2013,48.18841,
+++,nga,2013,73.05524,
+++,nic,2013,112.09781,
+++,nld,2013,100.62762,
+++,nor,2013,103.3356,
+++,npl,2013,48.91775,
+++,nzl,2013,104.08163,
+++,omn,2013,83.81257,
+++,pak,2013,55.28121,
+++,pan,2013,108.86303,
+++,per,2013,95.58199,
+++,phl,2013,107.96626,
+++,png,2013,71.78527,
+++,pol,2013,105.13748,
+++,prk,2013,91.68026,
+++,prt,2013,109.47266,
+++,pry,2013,109.89989,
+++,pse,2013,96.15728,
+++,qat,2013,122.40373,
+++,rou,2013,101.34933,
+++,rus,2013,105.33626,
+++,rwa,2013,87.43719,
+++,sau,2013,75.83948,
+++,sdn,2013,73.80628,
+++,sen,2013,62.42038,
+++,sgp,2013,98.54121,
+++,slb,2013,86.90614,
+++,sle,2013,52.37069,
+++,slv,2013,98.01325,
+++,som,2013,50,
+++,srb,2013,103.59184,
+++,ssd,2013,35.78275,
+++,stp,2013,82.11382,
+++,sur,2013,100.8222,
+++,svk,2013,103.31325,
+++,svn,2013,105.61457,
+++,swe,2013,104.20463,
+++,swz,2013,102.65393,
+++,syc,2013,100.62389,
+++,syr,2013,83.59294,
+++,tcd,2013,33.33333,
+++,tgo,2013,54.75862,
+++,tha,2013,102.09205,
+++,tjk,2013,93.72453,
+++,tkm,2013,101.25461,
+++,tls,2013,83.4596,
+++,ton,2013,103.3913,
+++,tto,2013,106.21931,
+++,tun,2013,80.86876,
+++,tur,2013,84.13174,
+++,twn,2013,100.65789,
+++,tza,2013,87.6943,
+++,uga,2013,74.33628,
+++,ukr,2013,104.27227,
+++,ury,2013,109.88806,
+++,usa,2013,102.98819,
+++,uzb,2013,101.60256,
+++,vct,2013,108.2,
+++,ven,2013,109.08203,
+++,vnm,2013,98.93843,
+++,vut,2013,94.71947,
+++,wsm,2013,106.71642,
+++,yem,2013,29.16112,
+++,zaf,2013,103.8175,
+++,zmb,2013,84.29379,
+++,zwe,2013,91.21184,
+++,afg,2014,23.51485,
+++,ago,2014,72.85513,
+++,alb,2014,102.28233,
+++,and,2014,105.62984,
+++,are,2014,105.51053,
+++,arg,2014,108.07401,
+++,arm,2014,104.51977,
+++,atg,2014,109.80092,
+++,aus,2014,102.63721,
+++,aut,2014,101.0761,
+++,aze,2014,100.85271,
+++,bdi,2014,77.58945,
+++,bel,2014,104.42992,
+++,ben,2014,48.44607,
+++,bfa,2014,60,
+++,bgd,2014,77.3791,
+++,bgr,2014,106.55608,
+++,bhr,2014,107.45342,
+++,bhs,2014,106.97859,
+++,bih,2014,99.55277,
+++,blr,2014,105.06781,
+++,blz,2014,99.4824,
+++,bol,2014,91.07143,
+++,bra,2014,112.91866,
+++,brb,2014,108.28402,
+++,brn,2014,99.51624,
+++,btn,2014,48.23349,
+++,bwa,2014,113.41301,
+++,caf,2014,59.09091,
+++,can,2014,101.83486,
+++,che,2014,98.61878,
+++,chl,2014,104.11718,
+++,chn,2014,88.77645,
+++,civ,2014,59.93641,
+++,cmr,2014,79.68218,
+++,cod,2014,69.46652,
+++,cog,2014,85.7848,
+++,col,2014,107.04225,
+++,com,2014,79.8103,
+++,cpv,2014,87.84773,
+++,cri,2014,108.79676,
+++,cub,2014,105.50162,
+++,cyp,2014,103.56633,
+++,cze,2014,102.72206,
+++,deu,2014,101.7316,
+++,dji,2014,47.64208,
+++,dma,2014,110.99099,
+++,dnk,2014,103.9501,
+++,dom,2014,110.82996,
+++,dza,2014,90.45346,
+++,ecu,2014,104.92891,
+++,egy,2014,81.86004,
+++,eri,2014,61.44,
+++,esp,2014,105.03541,
+++,est,2014,108.06938,
+++,eth,2014,60.8985,
+++,fin,2014,105.74061,
+++,fji,2014,103.649,
+++,fra,2014,105.94512,
+++,fsm,2014,98.56916,
+++,gab,2014,99.40476,
+++,gbr,2014,102.21453,
+++,geo,2014,104.33526,
+++,gha,2014,77.72829,
+++,gin,2014,40.65041,
+++,gmb,2014,53.1348,
+++,gnb,2014,46.73469,
+++,gnq,2014,74.03946,
+++,grc,2014,103.85488,
+++,grd,2014,108.28402,
+++,gtm,2014,87.60108,
+++,guy,2014,105.21654,
+++,hnd,2014,108.22622,
+++,hrv,2014,106.51801,
+++,hti,2014,83.62283,
+++,hun,2014,104.00302,
+++,idn,2014,93.99399,
+++,ind,2014,67.38095,
+++,irl,2014,104.95627,
+++,irn,2014,87.71454,
+++,irq,2014,80.41667,
+++,isl,2014,106.81653,
+++,isr,2014,103.93858,
+++,ita,2014,103.66569,
+++,jam,2014,107.20339,
+++,jor,2014,99.674,
+++,jpn,2014,102.32713,
+++,kaz,2014,104.15094,
+++,ken,2014,90.26104,
+++,kgz,2014,104.43425,
+++,khm,2014,77.51397,
+++,kir,2014,103.90295,
+++,kor,2014,98.77217,
+++,kwt,2014,104.04722,
+++,lao,2014,83.14763,
+++,lbn,2014,105.44601,
+++,lbr,2014,60.28369,
+++,lby,2014,71.52859,
+++,lca,2014,109.17516,
+++,lka,2014,104,
+++,lso,2014,126.19048,
+++,ltu,2014,104.30906,
+++,lux,2014,102.65096,
+++,lva,2014,107.03593,
+++,mar,2014,70.19374,
+++,mda,2014,107.64381,
+++,mdg,2014,92.39766,
+++,mdv,2014,95.63543,
+++,mex,2014,99.34396,
+++,mhl,2014,103.01263,
+++,mkd,2014,103.19672,
+++,mli,2014,51.53584,
+++,mlt,2014,102.51121,
+++,mmr,2014,103.27422,
+++,mne,2014,101.09804,
+++,mng,2014,111.11111,
+++,moz,2014,56.50485,
+++,mrt,2014,67.5507,
+++,mus,2014,99.4152,
+++,mwi,2014,69.82759,
+++,mys,2014,101.72861,
+++,nam,2014,106.29834,
+++,ner,2014,48.58156,
+++,nga,2014,73.66667,
+++,nic,2014,112.40506,
+++,nld,2014,100.76125,
+++,nor,2014,103.37838,
+++,npl,2014,49.57507,
+++,nzl,2014,104.18994,
+++,omn,2014,84.26023,
+++,pak,2014,55.79515,
+++,pan,2014,108.84173,
+++,per,2014,95.96299,
+++,phl,2014,108.1557,
+++,png,2014,72.26994,
+++,pol,2014,105.24049,
+++,prk,2014,92.0904,
+++,prt,2014,109.63391,
+++,pry,2014,110.07667,
+++,pse,2014,96.46643,
+++,qat,2014,122.52874,
+++,rou,2014,101.56134,
+++,rus,2014,105.36232,
+++,rwa,2014,87.99342,
+++,sau,2014,76.49919,
+++,sdn,2014,74.46237,
+++,sen,2014,62.91667,
+++,sgp,2014,98.70036,
+++,slb,2014,87.47153,
+++,sle,2014,52.74262,
+++,slv,2014,98.36957,
+++,som,2014,50.13055,
+++,srb,2014,103.63196,
+++,ssd,2014,35.82555,
+++,stp,2014,82.55659,
+++,sur,2014,101.01317,
+++,svk,2014,103.4354,
+++,svn,2014,105.71429,
+++,swe,2014,104.31154,
+++,swz,2014,102.82427,
+++,syc,2014,100.79295,
+++,syr,2014,84.13511,
+++,tcd,2014,33.6887,
+++,tgo,2014,55.20974,
+++,tha,2014,102.37358,
+++,tjk,2014,94.02262,
+++,tkm,2014,101.46306,
+++,tls,2014,83.99504,
+++,ton,2014,103.5284,
+++,tto,2014,106.31579,
+++,tun,2014,81.4781,
+++,tur,2014,84.54724,
+++,twn,2014,100.8702,
+++,tza,2014,88.26531,
+++,uga,2014,74.87562,
+++,ukr,2014,104.30416,
+++,ury,2014,109.95392,
+++,usa,2014,103.10559,
+++,uzb,2014,101.8254,
+++,vct,2014,108.28402,
+++,ven,2014,109.15222,
+++,vnm,2014,99.26778,
+++,vut,2014,95.12459,
+++,wsm,2014,106.80886,
+++,yem,2014,29.50392,
+++,zaf,2014,104.13983,
+++,zmb,2014,84.63252,
+++,zwe,2014,91.6819,
+++,afg,2015,23.72881,
+++,ago,2015,73.34254,
+++,alb,2015,102.50836,
+++,and,2015,105.58269,
+++,are,2015,105.52442,
+++,arg,2015,108.24313,
+++,arm,2015,104.63259,
+++,atg,2015,109.78756,
+++,aus,2015,102.75618,
+++,aut,2015,101.21858,
+++,aze,2015,101.07527,
+++,bdi,2015,77.90055,
+++,bel,2015,104.46364,
+++,ben,2015,48.83721,
+++,bfa,2015,60.58632,
+++,bgd,2015,77.94793,
+++,bgr,2015,106.57277,
+++,bhr,2015,107.55873,
+++,bhs,2015,107.06436,
+++,bih,2015,99.82332,
+++,blr,2015,105.09194,
+++,blz,2015,99.89785,
+++,bol,2015,91.46568,
+++,bra,2015,113.0742,
+++,brb,2015,108.46304,
+++,brn,2015,99.72565,
+++,btn,2015,48.71795,
+++,bwa,2015,113.55932,
+++,caf,2015,59.5537,
+++,can,2015,101.9544,
+++,che,2015,98.83482,
+++,chl,2015,104.15361,
+++,chn,2015,89.19164,
+++,civ,2015,60.46875,
+++,cmr,2015,80.29115,
+++,cod,2015,70.02237,
+++,cog,2015,86.25731,
+++,col,2015,107.24206,
+++,com,2015,80.29294,
+++,cpv,2015,88.21839,
+++,cri,2015,108.87338,
+++,cub,2015,105.60448,
+++,cyp,2015,103.60934,
+++,cze,2015,102.84293,
+++,deu,2015,101.8598,
+++,dji,2015,48.21429,
+++,dma,2015,111.03203,
+++,dnk,2015,104.05777,
+++,dom,2015,110.97804,
+++,dza,2015,90.84507,
+++,ecu,2015,105.145,
+++,egy,2015,82.43858,
+++,eri,2015,61.91223,
+++,esp,2015,105.14019,
+++,est,2015,108.14649,
+++,eth,2015,61.27451,
+++,fin,2015,105.83685,
+++,fji,2015,103.86598,
+++,fra,2015,106.0423,
+++,fsm,2015,98.81983,
+++,gab,2015,99.60784,
+++,gbr,2015,102.33516,
+++,geo,2015,104.44444,
+++,gha,2015,78.15587,
+++,gin,2015,41.15308,
+++,gmb,2015,53.53846,
+++,gnb,2015,47.2,
+++,gnq,2015,74.51382,
+++,grc,2015,103.89222,
+++,grd,2015,108.46304,
+++,gtm,2015,88.07947,
+++,guy,2015,105.33981,
+++,hnd,2015,108.47029,
+++,hrv,2015,106.61578,
+++,hti,2015,84.14634,
+++,hun,2015,104.11677,
+++,idn,2015,94.4664,
+++,ind,2015,67.87808,
+++,irl,2015,104.98555,
+++,irn,2015,88.2248,
+++,irq,2015,80.98664,
+++,isl,2015,106.82962,
+++,isr,2015,103.97878,
+++,ita,2015,103.85455,
+++,jam,2015,107.37636,
+++,jor,2015,99.91935,
+++,jpn,2015,102.44386,
+++,kaz,2015,104.26647,
+++,ken,2015,90.58474,
+++,kgz,2015,104.4697,
+++,khm,2015,78.05213,
+++,kir,2015,104.16233,
+++,kor,2015,98.98443,
+++,kwt,2015,104.1632,
+++,lao,2015,83.58413,
+++,lbn,2015,105.5607,
+++,lbr,2015,60.86351,
+++,lby,2015,71.98622,
+++,lca,2015,109.24062,
+++,lka,2015,104.22282,
+++,lso,2015,126.10837,
+++,ltu,2015,104.42152,
+++,lux,2015,102.77372,
+++,lva,2015,107.12166,
+++,mar,2015,70.86384,
+++,mda,2015,107.64431,
+++,mdg,2015,92.81609,
+++,mdv,2015,95.9596,
+++,mex,2015,99.62997,
+++,mhl,2015,103.25983,
+++,mkd,2015,103.32522,
+++,mli,2015,52,
+++,mlt,2015,102.74823,
+++,mmr,2015,103.61446,
+++,mne,2015,101.31988,
+++,mng,2015,111.25461,
+++,moz,2015,56.84411,
+++,mrt,2015,67.99387,
+++,mus,2015,99.71126,
+++,mwi,2015,70.33898,
+++,mys,2015,101.96581,
+++,nam,2015,106.64488,
+++,ner,2015,48.78893,
+++,nga,2015,74.07002,
+++,nic,2015,112.43781,
+++,nld,2015,100.89286,
+++,nor,2015,103.48993,
+++,npl,2015,50.06954,
+++,nzl,2015,104.2273,
+++,omn,2015,84.69493,
+++,pak,2015,56.42384,
+++,pan,2015,108.91608,
+++,per,2015,96.25624,
+++,phl,2015,108.34097,
+++,png,2015,72.94686,
+++,pol,2015,105.19573,
+++,prk,2015,92.41214,
+++,prt,2015,109.69582,
+++,pry,2015,110.25918,
+++,pse,2015,96.76856,
+++,qat,2015,122.39819,
+++,rou,2015,101.69492,
+++,rus,2015,105.4637,
+++,rwa,2015,88.3871,
+++,sau,2015,77.06496,
+++,sdn,2015,75,
+++,sen,2015,63.46939,
+++,sgp,2015,98.92704,
+++,slb,2015,88.00448,
+++,sle,2015,53.19588,
+++,slv,2015,98.60814,
+++,som,2015,50.5102,
+++,srb,2015,103.83387,
+++,ssd,2015,36.17021,
+++,stp,2015,83.11518,
+++,sur,2015,101.2987,
+++,svk,2015,103.55556,
+++,svn,2015,105.7377,
+++,swe,2015,104.34783,
+++,swz,2015,103.09278,
+++,syc,2015,101.0453,
+++,syr,2015,84.66196,
+++,tcd,2015,34.02923,
+++,tgo,2015,55.71809,
+++,tha,2015,102.64496,
+++,tjk,2015,94.24,
+++,tkm,2015,101.59536,
+++,tls,2015,84.39024,
+++,ton,2015,103.74787,
+++,tto,2015,106.41026,
+++,tun,2015,81.98198,
+++,tur,2015,85.04854,
+++,twn,2015,100.93458,
+++,tza,2015,88.69347,
+++,uga,2015,75.3978,
+++,ukr,2015,104.40654,
+++,ury,2015,110.01821,
+++,usa,2015,103.15068,
+++,uzb,2015,101.96541,
+++,vct,2015,108.46304,
+++,ven,2015,109.31559,
+++,vnm,2015,99.5872,
+++,vut,2015,95.41089,
+++,wsm,2015,106.89376,
+++,yem,2015,30.12821,
+++,zaf,2015,104.26885,
+++,zmb,2015,85.07135,
+++,zwe,2015,92.05776,
