@@,geo,time,mean_years_in_school_men_25_to_34_years,changes(%)
->,afg,1970,1->1.36,36.00
->,ago,1970,2.3->2.77,20.43
+++,and,1970,8.35,
->,arm,1970,7.8->6.97,10.64
->,atg,1970,8->7.09,11.38
->,aus,1970,9.9->8.76,11.52
->,aut,1970,9.3->8.36,10.11
->,bdi,1970,1.5->1.84,22.67
->,ben,1970,1.7->1.98,16.47
->,bfa,1970,0.6->0.95,58.33
->,blr,1970,8.6->7.63,11.28
->,blz,1970,5.4->4.36,19.26
+++,brb,1970,4.61,
+++,brn,1970,8.65,
+++,btn,1970,2.46,
->,bwa,1970,2->2.22,11.00
->,caf,1970,2.2->2.84,29.09
->,chn,1970,4.5->5.37,19.33
->,civ,1970,2->2.43,21.50
->,cod,1970,4.3->3.79,11.86
->,com,1970,1.8->2.8,55.56
->,cpv,1970,2.1->2.61,24.29
->,cub,1970,6.9->6.2,10.14
->,cze,1970,10.8->8.67,19.72
->,deu,1970,9->7.83,13.00
->,dji,1970,2.8->3.41,21.79
+++,dma,1970,5.34,
->,dza,1970,1.9->2.6,36.84
->,eri,1970,1.2->2.23,85.83
->,esp,1970,4.6->6.48,40.87
->,eth,1970,1->2.18,118.00
->,fji,1970,7.3->6.47,11.37
+++,fsm,1970,6.8,
->,gab,1970,4.2->4.9,16.67
->,gbr,1970,9.8->8.64,11.84
->,gha,1970,4.6->3.92,14.78
->,gin,1970,1.2->1.67,39.17
->,gmb,1970,1.7->2.33,37.06
->,gnb,1970,1.2->1.59,32.50
+++,grd,1970,4.61,
->,gtm,1970,2.5->2.98,19.20
->,guy,1970,6->4.69,21.83
->,hti,1970,1.7->2.93,72.35
->,idn,1970,3.9->4.39,12.56
->,irq,1970,5.3->3.28,38.11
+++,isl,1970,7.94,
->,jam,1970,6.6->5.59,15.30
->,kwt,1970,3.9->4.75,21.79
->,lao,1970,2.2->2.72,23.64
+++,lby,1970,3.54,
->,mar,1970,2.1->2.51,19.52
->,mda,1970,8.1->7,13.58
->,mdg,1970,2.4->2.65,10.42
->,mdv,1970,4->3.36,16.00
->,mhl,1970,5.7->4.75,16.67
->,mli,1970,0.8->0.93,16.25
+++,mlt,1970,6.67,
->,mne,1970,7.9->6.82,13.67
->,mng,1970,6.6->5.49,16.82
->,mrt,1970,1.4->2.4,71.43
->,mus,1970,3.8->4.27,12.37
->,mwi,1970,2.5->2.89,15.60
->,nam,1970,3.3->3.86,16.97
->,ner,1970,0.4->0.9,125.00
->,nga,1970,3.1->3.7,19.35
->,nor,1970,8.1->8.95,10.49
->,npl,1970,1.7->2.69,58.24
->,nzl,1970,7.8->8.62,10.51
->,omn,1970,2.9->4.14,42.76
->,pak,1970,2.1->2.52,20.00
->,per,1970,5.4->6.32,17.04
->,png,1970,2.5->3.36,34.40
+++,prk,1970,6.43,
->,rwa,1970,2->2.28,14.00
->,sau,1970,5.2->6.24,20.00
->,sdn,1970,2.7->3.79,40.37
->,sen,1970,1.4->1.74,24.29
->,sgp,1970,5.7->6.59,15.61
->,som,1970,1->1.3,30.00
+++,ssd,1970,1.06,
->,svk,1970,7.2->7.99,10.97
->,swz,1970,3.1->3.69,19.03
->,tcd,1970,1.1->1.62,47.27
->,tgo,1970,2.2->2.79,26.82
->,tha,1970,5.1->4.56,10.59
->,tls,1970,1.5->3.1,106.67
->,tun,1970,4.3->3.7,13.95
->,tur,1970,3.8->4.75,25.00
->,twn,1970,6.3->7.6,20.63
->,ukr,1970,9.1->7.57,16.81
+++,vct,1970,4.61,
->,vnm,1970,5.7->4.52,20.70
->,yem,1970,1.2->2.24,86.67
->,zaf,1970,4.2->5.67,35.00
->,zmb,1970,4.6->3.97,13.70
->,afg,1971,1.1->1.39,26.36
->,ago,1971,2.4->2.84,18.33
+++,and,1971,8.48,
->,arm,1971,7.9->7.1,10.13
->,atg,1971,8.2->7.22,11.95
->,aus,1971,10->8.9,11.00
->,bdi,1971,1.6->1.89,18.12
->,ben,1971,1.7->2.03,19.41
->,bfa,1971,0.6->0.98,63.33
->,blr,1971,8.7->7.76,10.80
->,blz,1971,5.6->4.46,20.36
+++,brb,1971,4.71,
+++,brn,1971,8.79,
+++,btn,1971,2.52,
->,caf,1971,2.3->2.91,26.52
->,chn,1971,4.7->5.48,16.60
->,civ,1971,2.1->2.49,18.57
->,cod,1971,4.5->3.88,13.78
->,com,1971,1.9->2.87,51.05
->,cpv,1971,2.2->2.68,21.82
->,cze,1971,11->8.81,19.91
->,deu,1971,9.1->7.98,12.31
->,dji,1971,2.9->3.49,20.34
+++,dma,1971,5.45,
->,dza,1971,2->2.68,34.00
->,eri,1971,1.2->2.29,90.83
->,esp,1971,4.8->6.61,37.71
->,eth,1971,1->2.24,124.00
->,fji,1971,7.4->6.58,11.08
+++,fsm,1971,6.93,
->,gab,1971,4.4->5.01,13.86
->,gbr,1971,10->8.78,12.20
->,gha,1971,4.7->4.01,14.68
->,gin,1971,1.3->1.71,31.54
->,gmb,1971,1.8->2.39,32.78
->,gnb,1971,1.2->1.63,35.83
+++,grd,1971,4.71,
->,gtm,1971,2.6->3.05,17.31
->,guy,1971,6.1->4.79,21.48
->,hti,1971,1.8->3.01,67.22
->,irq,1971,5.5->3.39,38.36
+++,isl,1971,8.08,
->,jam,1971,6.7->5.71,14.78
->,kwt,1971,4.1->4.87,18.78
->,lao,1971,2.3->2.79,21.30
+++,lby,1971,3.63,
->,mar,1971,2.2->2.57,16.82
->,mda,1971,8.3->7.13,14.10
->,mdv,1971,4.1->3.44,16.10
->,mhl,1971,6->4.85,19.17
->,mli,1971,0.8->0.95,18.75
+++,mlt,1971,6.78,
->,mne,1971,8.1->6.94,14.32
->,mng,1971,6.8->5.6,17.65
->,mrt,1971,1.4->2.46,75.71
->,nam,1971,3.4->3.95,16.18
->,ner,1971,0.4->0.93,132.50
->,nga,1971,3.3->3.79,14.85
->,npl,1971,1.8->2.75,52.78
->,omn,1971,3.1->4.24,36.77
->,pak,1971,2.2->2.59,17.73
->,per,1971,5.6->6.45,15.18
->,png,1971,2.6->3.44,32.31
+++,prk,1971,6.55,
->,rwa,1971,2.1->2.34,11.43
->,sau,1971,5.3->6.36,20.00
->,sdn,1971,2.9->3.87,33.45
->,sen,1971,1.5->1.79,19.33
->,sgp,1971,5.9->6.72,13.90
->,som,1971,1.1->1.34,21.82
+++,ssd,1971,1.09,
->,swz,1971,3.2->3.79,18.44
->,tcd,1971,1.1->1.66,50.91
->,tgo,1971,2.3->2.86,24.35
->,tha,1971,5.2->4.66,10.38
->,tls,1971,1.5->3.18,112.00
->,tun,1971,4.4->3.82,13.18
->,tur,1971,3.9->4.86,24.62
->,twn,1971,6.5->7.75,19.23
->,ukr,1971,9.3->7.71,17.10
+++,vct,1971,4.71,
->,vnm,1971,5.9->4.61,21.86
->,yem,1971,1.3->2.3,76.92
->,zaf,1971,4.4->5.77,31.14
->,zmb,1971,4.8->4.06,15.42
->,afg,1972,1.1->1.43,30.00
->,ago,1972,2.5->2.91,16.40
+++,and,1972,8.62,
->,arm,1972,8.1->7.23,10.74
->,atg,1972,8.4->7.35,12.50
->,aus,1972,10.2->9.04,11.37
->,bdi,1972,1.6->1.94,21.25
->,ben,1972,1.8->2.08,15.56
->,bfa,1972,0.7->1.01,44.29
->,blr,1972,8.9->7.89,11.35
->,blz,1972,5.8->4.56,21.38
+++,brb,1972,4.81,
+++,brn,1972,8.93,
+++,btn,1972,2.58,
->,caf,1972,2.4->2.98,24.17
->,che,1972,10.1->8.98,11.09
->,chn,1972,4.8->5.59,16.46
->,civ,1972,2.1->2.55,21.43
->,cod,1972,4.7->3.97,15.53
->,com,1972,2->2.94,47.00
->,cpv,1972,2.3->2.74,19.13
->,cri,1972,5.4->4.85,10.19
->,cub,1972,7.2->6.46,10.28
->,cze,1972,11.2->8.95,20.09
->,deu,1972,9.3->8.12,12.69
->,dji,1972,3->3.57,19.00
+++,dma,1972,5.56,
->,dza,1972,2.1->2.76,31.43
->,eri,1972,1.3->2.35,80.77
->,esp,1972,4.9->6.73,37.35
->,eth,1972,1->2.3,130.00
->,fji,1972,7.6->6.69,11.97
+++,fsm,1972,7.05,
->,gab,1972,4.6->5.12,11.30
->,gbr,1972,10.2->8.92,12.55
->,gha,1972,4.9->4.11,16.12
->,gin,1972,1.4->1.76,25.71
->,gmb,1972,1.8->2.45,36.11
->,gnb,1972,1.3->1.68,29.23
+++,grd,1972,4.81,
->,gtm,1972,2.7->3.12,15.56
->,guy,1972,6.3->4.89,22.38
->,hti,1972,1.9->3.09,62.63
->,irq,1972,5.6->3.49,37.68
+++,isl,1972,8.21,
->,jam,1972,6.9->5.83,15.51
->,kwt,1972,4.2->4.98,18.57
->,lao,1972,2.4->2.85,18.75
+++,lby,1972,3.71,
->,mar,1972,2.3->2.64,14.78
->,mda,1972,8.5->7.26,14.59
->,mdv,1972,4.2->3.52,16.19
->,mhl,1972,6.2->4.96,20.00
+++,mlt,1972,6.88,
->,mne,1972,8.2->7.07,13.78
->,mng,1972,6.9->5.72,17.10
->,mrt,1972,1.5->2.52,68.00
->,nam,1972,3.6->4.04,12.22
->,ner,1972,0.5->0.95,90.00
->,nga,1972,3.4->3.88,14.12
->,npl,1972,1.9->2.82,48.42
->,omn,1972,3.2->4.33,35.31
->,pak,1972,2.3->2.66,15.65
->,per,1972,5.8->6.58,13.45
->,png,1972,2.7->3.52,30.37
+++,prk,1972,6.67,
->,pry,1972,4.9->4.36,11.02
->,sau,1972,5.5->6.49,18.00
->,sdn,1972,3->3.95,31.67
->,sen,1972,1.5->1.83,22.00
->,sgp,1972,6->6.86,14.33
->,som,1972,1.2->1.37,14.17
+++,ssd,1972,1.12,
->,swz,1972,3.4->3.89,14.41
->,tcd,1972,1.2->1.7,41.67
->,tgo,1972,2.5->2.93,17.20
->,tha,1972,5.3->4.76,10.19
->,tls,1972,1.6->3.25,103.12
->,tun,1972,4.6->3.94,14.35
->,tur,1972,4.1->4.96,20.98
->,twn,1972,6.8->7.9,16.18
->,ukr,1972,9.4->7.85,16.49
+++,vct,1972,4.81,
->,vnm,1972,6->4.71,21.50
->,yem,1972,1.3->2.37,82.31
->,zaf,1972,4.6->5.88,27.83
->,zmb,1972,4.9->4.16,15.10
->,afg,1973,1.2->1.47,22.50
->,ago,1973,2.7->2.98,10.37
+++,and,1973,8.76,
->,arm,1973,8.2->7.36,10.24
->,atg,1973,8.6->7.48,13.02
->,aus,1973,10.3->9.17,10.97
->,bdi,1973,1.7->1.99,17.06
->,ben,1973,1.9->2.13,12.11
->,bfa,1973,0.7->1.03,47.14
->,blr,1973,9.1->8.03,11.76
->,blz,1973,5.9->4.66,21.02
+++,brb,1973,4.92,
+++,brn,1973,9.07,
+++,btn,1973,2.65,
->,caf,1973,2.5->3.05,22.00
->,che,1973,10.3->9.13,11.36
->,chn,1973,5->5.7,14.00
->,civ,1973,2.2->2.61,18.64
->,cod,1973,4.8->4.06,15.42
->,com,1973,2->3.01,50.50
->,cpv,1973,2.4->2.81,17.08
->,cub,1973,7.4->6.6,10.81
->,cze,1973,11.3->9.09,19.56
->,deu,1973,9.5->8.26,13.05
->,dji,1973,3.1->3.65,17.74
+++,dma,1973,5.67,
->,dza,1973,2.2->2.84,29.09
->,eri,1973,1.4->2.41,72.14
->,esp,1973,5.1->6.86,34.51
->,eth,1973,1.1->2.36,114.55
->,fji,1973,7.7->6.8,11.69
+++,fsm,1973,7.18,
->,gbr,1973,10.3->9.06,12.04
->,gha,1973,5.1->4.21,17.45
->,gin,1973,1.4->1.8,28.57
->,gmb,1973,1.9->2.51,32.11
->,gnb,1973,1.4->1.72,22.86
+++,grd,1973,4.92,
->,gtm,1973,2.8->3.2,14.29
->,guy,1973,6.5->4.99,23.23
->,hti,1973,2->3.17,58.50
->,irq,1973,5.7->3.6,36.84
+++,isl,1973,8.35,
->,jam,1973,7.1->5.95,16.20
->,kwt,1973,4.4->5.1,15.91
->,lao,1973,2.5->2.92,16.80
+++,lby,1973,3.8,
->,mar,1973,2.4->2.7,12.50
->,mda,1973,8.6->7.39,14.07
->,mdv,1973,4.2->3.6,14.29
->,mhl,1973,6.4->5.06,20.94
->,mli,1973,0.9->1.01,12.22
+++,mlt,1973,6.99,
->,mne,1973,8.4->7.2,14.29
->,mng,1973,7.1->5.83,17.89
->,mrt,1973,1.6->2.59,61.87
->,ner,1973,0.5->0.98,96.00
->,nga,1973,3.6->3.97,10.28
->,npl,1973,2->2.89,44.50
->,omn,1973,3.4->4.43,30.29
->,pak,1973,2.4->2.73,13.75
->,per,1973,6->6.71,11.83
->,png,1973,2.8->3.6,28.57
+++,prk,1973,6.8,
->,pry,1973,5->4.45,11.00
->,sau,1973,5.6->6.62,18.21
->,sdn,1973,3.1->4.03,30.00
->,sen,1973,1.6->1.88,17.50
->,sgp,1973,6.2->6.99,12.74
->,som,1973,1.2->1.41,17.50
+++,ssd,1973,1.15,
->,swz,1973,3.5->3.99,14.00
->,tcd,1973,1.3->1.75,34.62
->,tgo,1973,2.6->3,15.38
->,tls,1973,1.6->3.33,108.12
->,tun,1973,4.8->4.07,15.21
->,tur,1973,4.3->5.07,17.91
->,twn,1973,7.1->8.05,13.38
->,ukr,1973,9.6->7.99,16.77
+++,vct,1973,4.92,
->,vnm,1973,6.2->4.82,22.26
->,yem,1973,1.4->2.44,74.29
->,zaf,1973,4.8->5.98,24.58
->,zmb,1973,5.1->4.26,16.47
->,afg,1974,1.3->1.51,16.15
+++,and,1974,8.9,
->,are,1974,5.6->5.02,10.36
->,arm,1974,8.4->7.49,10.83
->,atg,1974,8.7->7.61,12.53
->,aus,1974,10.4->9.31,10.48
->,bdi,1974,1.8->2.04,13.33
->,bfa,1974,0.8->1.06,32.50
->,blr,1974,9.3->8.16,12.26
->,blz,1974,6.1->4.76,21.97
+++,brb,1974,5.02,
+++,brn,1974,9.21,
+++,btn,1974,2.71,
->,caf,1974,2.7->3.12,15.56
->,che,1974,10.5->9.27,11.71
->,chn,1974,5.1->5.81,13.92
->,civ,1974,2.3->2.68,16.52
->,cod,1974,5->4.15,17.00
->,com,1974,2.1->3.09,47.14
->,cpv,1974,2.5->2.88,15.20
->,cri,1974,5.7->5.05,11.40
->,cub,1974,7.6->6.73,11.45
->,cze,1974,11.5->9.23,19.74
->,deu,1974,9.6->8.41,12.40
->,dji,1974,3.2->3.74,16.88
+++,dma,1974,5.79,
->,dnk,1974,10.5->9.45,10.00
->,dza,1974,2.3->2.93,27.39
->,eri,1974,1.5->2.47,64.67
->,esp,1974,5.3->6.99,31.89
->,eth,1974,1.1->2.42,120.00
->,fji,1974,7.9->6.91,12.53
+++,fsm,1974,7.31,
->,gbr,1974,10.5->9.2,12.38
->,gha,1974,5.3->4.31,18.68
->,gin,1974,1.5->1.85,23.33
->,gmb,1974,2->2.58,29.00
->,gnb,1974,1.4->1.77,26.43
+++,grd,1974,5.02,
->,gtm,1974,2.9->3.27,12.76
->,guy,1974,6.6->5.1,22.73
->,hti,1974,2.1->3.26,55.24
->,irn,1974,4.2->3.78,10.00
->,irq,1974,5.9->3.72,36.95
+++,isl,1974,8.49,
->,jam,1974,7.3->6.07,16.85
->,kir,1974,6.1->5.42,11.15
->,kwt,1974,4.5->5.22,16.00
->,lao,1974,2.6->2.99,15.00
->,lbr,1974,2.8->2.5,10.71
+++,lby,1974,3.89,
->,lca,1974,6.3->5.65,10.32
->,mar,1974,2.5->2.77,10.80
->,mda,1974,8.8->7.51,14.66
->,mdv,1974,4.3->3.68,14.42
->,mhl,1974,6.6->5.17,21.67
+++,mlt,1974,7.1,
->,mne,1974,8.6->7.33,14.77
->,mng,1974,7.2->5.94,17.50
->,mrt,1974,1.6->2.65,65.62
->,ner,1974,0.5->1.01,102.00
->,nga,1974,3.7->4.07,10.00
->,npl,1974,2.1->2.96,40.95
->,omn,1974,3.5->4.53,29.43
->,per,1974,6.2->6.84,10.32
->,png,1974,2.9->3.69,27.24
+++,prk,1974,6.93,
->,pry,1974,5.2->4.55,12.50
->,sau,1974,5.8->6.75,16.38
->,sdn,1974,3.2->4.11,28.44
->,sen,1974,1.7->1.93,13.53
->,sgp,1974,6.4->7.13,11.41
->,som,1974,1.3->1.44,10.77
+++,ssd,1974,1.18,
->,swz,1974,3.7->4.09,10.54
->,tcd,1974,1.3->1.79,37.69
->,tgo,1974,2.7->3.08,14.07
->,tha,1974,5.6->4.96,11.43
->,tls,1974,1.7->3.41,100.59
->,tun,1974,4.9->4.2,14.29
->,tur,1974,4.5->5.18,15.11
->,twn,1974,7.3->8.2,12.33
->,ukr,1974,9.8->8.13,17.04
+++,vct,1974,5.02,
->,vnm,1974,6.3->4.92,21.90
->,yem,1974,1.5->2.51,67.33
->,zaf,1974,5->6.09,21.80
->,zmb,1974,5.2->4.36,16.15
->,afg,1975,1.3->1.55,19.23
+++,and,1975,9.04,
->,are,1975,5.8->5.15,11.21
->,arm,1975,8.5->7.62,10.35
->,atg,1975,8.9->7.75,12.92
->,aus,1975,10.5->9.45,10.00
->,ben,1975,2->2.24,12.00
->,bfa,1975,0.8->1.09,36.25
->,bhr,1975,5.2->4.66,10.38
->,blr,1975,9.4->8.29,11.81
->,blz,1975,6.2->4.86,21.61
+++,brb,1975,5.13,
+++,brn,1975,9.35,
+++,btn,1975,2.78,
->,caf,1975,2.8->3.19,13.93
->,che,1975,10.7->9.41,12.06
->,chn,1975,5.3->5.93,11.89
->,civ,1975,2.4->2.75,14.58
->,cod,1975,5.2->4.25,18.27
->,com,1975,2.2->3.16,43.64
->,cpv,1975,2.6->2.95,13.46
->,cri,1975,5.9->5.16,12.54
->,cub,1975,7.8->6.87,11.92
->,cze,1975,11.6->9.37,19.22
->,deu,1975,9.8->8.56,12.65
->,dji,1975,3.4->3.82,12.35
+++,dma,1975,5.9,
->,dnk,1975,10.7->9.59,10.37
->,dza,1975,2.4->3.02,25.83
->,eri,1975,1.6->2.53,58.12
->,esp,1975,5.5->7.13,29.64
->,eth,1975,1.2->2.49,107.50
->,fji,1975,8->7.02,12.25
+++,fsm,1975,7.44,
->,gbr,1975,10.7->9.34,12.71
->,gha,1975,5.4->4.41,18.33
->,gin,1975,1.6->1.9,18.75
->,gmb,1975,2.1->2.64,25.71
->,gnb,1975,1.5->1.82,21.33
+++,grd,1975,5.13,
->,gtm,1975,3->3.35,11.67
->,guy,1975,6.8->5.21,23.38
->,hti,1975,2.2->3.34,51.82
->,irq,1975,6->3.83,36.17
+++,isl,1975,8.63,
->,jam,1975,7.5->6.2,17.33
->,kir,1975,6.2->5.52,10.97
->,kwt,1975,4.7->5.34,13.62
->,lao,1975,2.7->3.07,13.70
->,lbr,1975,2.9->2.58,11.03
+++,lby,1975,3.98,
->,mda,1975,9->7.64,15.11
->,mdv,1975,4.4->3.76,14.55
->,mhl,1975,6.8->5.28,22.35
+++,mlt,1975,7.2,
->,mne,1975,8.7->7.46,14.25
->,mng,1975,7.4->6.06,18.11
->,mrt,1975,1.7->2.72,60.00
->,ner,1975,0.5->1.03,106.00
->,npl,1975,2.2->3.04,38.18
->,omn,1975,3.7->4.63,25.14
->,png,1975,3->3.77,25.67
+++,prk,1975,7.06,
->,pry,1975,5.3->4.65,12.26
->,qat,1975,4.7->4.18,11.06
->,sau,1975,6->6.88,14.67
->,sdn,1975,3.4->4.19,23.24
->,sgp,1975,6.5->7.27,11.85
->,som,1975,1.3->1.48,13.85
+++,ssd,1975,1.21,
->,tcd,1975,1.4->1.84,31.43
->,tgo,1975,2.8->3.15,12.50
->,tha,1975,5.7->5.07,11.05
->,tls,1975,1.8->3.5,94.44
->,ton,1975,8.2->7.32,10.73
->,tun,1975,5.1->4.33,15.10
->,tur,1975,4.7->5.29,12.55
->,ukr,1975,9.9->8.27,16.46
+++,vct,1975,5.13,
->,vnm,1975,6.4->5.02,21.56
->,yem,1975,1.6->2.58,61.25
->,zaf,1975,5.1->6.19,21.37
->,zmb,1975,5.4->4.46,17.41
->,afg,1976,1.4->1.59,13.57
+++,and,1976,9.17,
->,are,1976,6->5.29,11.83
->,arm,1976,8.7->7.75,10.92
->,atg,1976,9.1->7.88,13.41
->,bfa,1976,0.8->1.12,40.00
->,bgd,1976,3.1->2.79,10.00
->,bhr,1976,5.4->4.77,11.67
->,blr,1976,9.6->8.43,12.19
->,blz,1976,6.4->4.96,22.50
+++,brb,1976,5.24,
+++,brn,1976,9.49,
+++,btn,1976,2.85,
->,caf,1976,2.9->3.27,12.76
->,che,1976,10.9->9.56,12.29
->,chn,1976,5.4->6.05,12.04
->,civ,1976,2.5->2.81,12.40
->,cod,1976,5.3->4.34,18.11
->,com,1976,2.3->3.24,40.87
->,cpv,1976,2.7->3.02,11.85
->,cri,1976,6->5.27,12.17
->,cub,1976,7.9->7.01,11.27
->,cze,1976,11.8->9.51,19.41
->,deu,1976,10->8.71,12.90
->,dji,1976,3.5->3.91,11.71
+++,dma,1976,6.02,
->,dza,1976,2.5->3.11,24.40
->,eri,1976,1.7->2.6,52.94
->,esp,1976,5.7->7.26,27.37
->,eth,1976,1.2->2.56,113.33
->,fji,1976,8.2->7.13,13.05
+++,fsm,1976,7.57,
->,gbr,1976,10.8->9.48,12.22
->,gha,1976,5.6->4.51,19.46
->,gin,1976,1.7->1.95,14.71
->,gmb,1976,2.2->2.71,23.18
->,gnb,1976,1.6->1.87,16.88
+++,grd,1976,5.24,
->,gtm,1976,3.1->3.43,10.65
->,guy,1976,7->5.31,24.14
->,hti,1976,2.3->3.43,49.13
->,ind,1976,4.2->3.73,11.19
->,irq,1976,6.1->3.96,35.08
+++,isl,1976,8.77,
->,jam,1976,7.6->6.33,16.71
->,kir,1976,6.4->5.63,12.03
->,kwt,1976,4.8->5.47,13.96
->,lao,1976,2.8->3.14,12.14
->,lbr,1976,3->2.65,11.67
+++,lby,1976,4.07,
->,lca,1976,6.6->5.88,10.91
->,mda,1976,9.2->7.77,15.54
->,mdv,1976,4.5->3.84,14.67
->,mhl,1976,7->5.39,23.00
+++,mlt,1976,7.31,
->,mne,1976,8.9->7.59,14.72
->,mng,1976,7.5->6.18,17.60
->,mrt,1976,1.7->2.79,64.12
->,ner,1976,0.6->1.06,76.67
->,npl,1976,2.3->3.11,35.22
->,omn,1976,3.8->4.73,24.47
->,png,1976,3.1->3.86,24.52
+++,prk,1976,7.18,
->,pry,1976,5.4->4.75,12.04
->,qat,1976,4.8->4.28,10.83
->,sau,1976,6.1->7.01,14.92
->,sdn,1976,3.5->4.28,22.29
->,sen,1976,1.8->2.03,12.78
->,sgp,1976,6.7->7.42,10.75
->,slv,1976,4.5->4.04,10.22
+++,ssd,1976,1.24,
->,sur,1976,5.6->4.99,10.89
->,tcd,1976,1.4->1.89,35.00
->,tgo,1976,2.9->3.23,11.38
->,tha,1976,5.8->5.17,10.86
->,tls,1976,1.8->3.58,98.89
->,ton,1976,8.4->7.45,11.31
->,tun,1976,5.3->4.47,15.66
->,tur,1976,4.8->5.4,12.50
->,ukr,1976,10.1->8.41,16.73
+++,vct,1976,5.24,
->,vnm,1976,6.5->5.13,21.08
->,yem,1976,1.7->2.66,56.47
->,zaf,1976,5.3->6.3,18.87
->,zmb,1976,5.5->4.56,17.09
->,afg,1977,1.4->1.63,16.43
+++,and,1977,9.31,
->,are,1977,6.2->5.43,12.42
->,arm,1977,8.8->7.88,10.45
->,atg,1977,9.3->8.01,13.87
->,bdi,1977,2->2.2,10.00
->,bfa,1977,0.9->1.15,27.78
->,bgd,1977,3.2->2.86,10.63
->,bhr,1977,5.6->4.9,12.50
->,blr,1977,9.8->8.57,12.55
->,blz,1977,6.5->5.07,22.00
+++,brb,1977,5.34,
+++,brn,1977,9.63,
+++,btn,1977,2.91,
->,caf,1977,3->3.34,11.33
->,che,1977,11.1->9.7,12.61
->,chn,1977,5.6->6.16,10.00
->,cod,1977,5.5->4.44,19.27
->,cog,1977,6.2->5.53,10.81
->,com,1977,2.4->3.32,38.33
->,cpv,1977,2.8->3.09,10.36
->,cri,1977,6.2->5.37,13.39
->,cub,1977,8.1->7.15,11.73
->,cze,1977,11.9->9.66,18.82
->,deu,1977,10.1->8.86,12.28
->,dji,1977,3.6->4,11.11
+++,dma,1977,6.14,
->,dnk,1977,11->9.87,10.27
->,dza,1977,2.7->3.2,18.52
->,eri,1977,1.8->2.67,48.33
->,esp,1977,5.9->7.4,25.42
->,eth,1977,1.3->2.62,101.54
->,fji,1977,8.3->7.23,12.89
+++,fsm,1977,7.7,
->,gbr,1977,11->9.62,12.55
->,gha,1977,5.7->4.62,18.95
->,gin,1977,1.8->2,11.11
->,gmb,1977,2.3->2.78,20.87
->,gnb,1977,1.6->1.92,20.00
+++,grd,1977,5.34,
->,guy,1977,7.1->5.42,23.66
->,hrv,1977,8->7.16,10.50
->,hti,1977,2.5->3.52,40.80
->,ind,1977,4.3->3.83,10.93
->,irq,1977,6.3->4.08,35.24
+++,isl,1977,8.91,
->,jam,1977,7.8->6.46,17.18
->,kir,1977,6.6->5.73,13.18
->,kwt,1977,4.9->5.6,14.29
->,lao,1977,2.9->3.21,10.69
->,lbr,1977,3.1->2.73,11.94
+++,lby,1977,4.16,
->,lca,1977,6.7->6,10.45
->,mda,1977,9.3->7.9,15.05
->,mdv,1977,4.5->3.93,12.67
->,mhl,1977,7.2->5.5,23.61
+++,mlt,1977,7.41,
->,mne,1977,9->7.72,14.22
->,mng,1977,7.6->6.29,17.24
->,mrt,1977,1.8->2.86,58.89
->,ner,1977,0.6->1.09,81.67
->,npl,1977,2.4->3.19,32.92
->,omn,1977,4->4.83,20.75
->,png,1977,3.3->3.94,19.39
+++,prk,1977,7.31,
->,pry,1977,5.5->4.86,11.64
->,pse,1977,7.3->6.55,10.27
->,qat,1977,5->4.37,12.60
->,sau,1977,6.3->7.14,13.33
->,sdn,1977,3.6->4.36,21.11
->,sgp,1977,6.8->7.56,11.18
->,sle,1977,1.9->1.68,11.58
+++,ssd,1977,1.27,
->,sur,1977,5.7->5.1,10.53
->,tcd,1977,1.5->1.94,29.33
->,tha,1977,5.9->5.28,10.51
->,tls,1977,1.9->3.66,92.63
->,ton,1977,8.6->7.57,11.98
->,tun,1977,5.5->4.62,16.00
->,tur,1977,5->5.51,10.20
->,ukr,1977,10.2->8.55,16.18
+++,vct,1977,5.34,
->,vnm,1977,6.7->5.23,21.94
->,yem,1977,1.8->2.74,52.22
->,zaf,1977,5.5->6.4,16.36
->,zmb,1977,5.6->4.67,16.61
->,afg,1978,1.5->1.67,11.33
+++,and,1978,9.45,
->,are,1978,6.4->5.57,12.97
->,arm,1978,9->8.02,10.89
->,atg,1978,9.5->8.15,14.21
->,bfa,1978,0.9->1.18,31.11
->,bgd,1978,3.3->2.93,11.21
->,bhr,1978,5.8->5.02,13.45
->,blr,1978,9.9->8.7,12.12
->,blz,1978,6.7->5.17,22.84
+++,brb,1978,5.45,
+++,brn,1978,9.77,
+++,btn,1978,2.99,
->,caf,1978,3.1->3.42,10.32
->,che,1978,11.3->9.85,12.83
->,chn,1978,5.7->6.28,10.18
->,cod,1978,5.6->4.54,18.93
->,cog,1978,6.4->5.64,11.88
->,com,1978,2.5->3.4,36.00
->,cri,1978,6.3->5.48,13.02
->,cub,1978,8.3->7.29,12.17
->,cze,1978,12->9.8,18.33
->,deu,1978,10.2->9,11.76
->,dji,1978,3.7->4.09,10.54
+++,dma,1978,6.26,
->,dza,1978,2.8->3.3,17.86
->,eri,1978,1.9->2.73,43.68
->,esp,1978,6.1->7.53,23.44
->,eth,1978,1.3->2.69,106.92
->,fji,1978,8.4->7.34,12.62
+++,fsm,1978,7.83,
->,gbr,1978,11.1->9.76,12.07
->,gha,1978,5.9->4.72,20.00
->,gin,1978,1.8->2.05,13.89
->,gmb,1978,2.3->2.85,23.91
->,gnb,1978,1.7->1.97,15.88
+++,grd,1978,5.45,
->,guy,1978,7.3->5.54,24.11
->,hti,1978,2.6->3.62,39.23
->,ind,1978,4.4->3.93,10.68
->,irq,1978,6.4->4.21,34.22
+++,isl,1978,9.05,
->,jam,1978,8->6.59,17.62
->,kir,1978,6.7->5.83,12.99
->,kwt,1978,5.1->5.73,12.35
->,lbr,1978,3.3->2.81,14.85
+++,lby,1978,4.26,
->,lca,1978,6.9->6.11,11.45
->,mda,1978,9.5->8.03,15.47
->,mdv,1978,4.6->4.01,12.83
->,mhl,1978,7.4->5.61,24.19
+++,mlt,1978,7.51,
->,mne,1978,9.2->7.85,14.67
->,mng,1978,7.8->6.41,17.82
->,mrt,1978,1.9->2.93,54.21
->,ner,1978,0.6->1.12,86.67
->,npl,1978,2.5->3.26,30.40
->,omn,1978,4.2->4.94,17.62
->,png,1978,3.4->4.03,18.53
+++,prk,1978,7.45,
->,pry,1978,5.7->4.96,12.98
->,pse,1978,7.5->6.68,10.93
->,qat,1978,5.1->4.47,12.35
->,sau,1978,6.4->7.27,13.59
->,sdn,1978,3.8->4.44,16.84
->,sgp,1978,7->7.71,10.14
->,slv,1978,4.8->4.26,11.25
+++,ssd,1978,1.31,
->,sur,1978,5.9->5.21,11.69
->,tcd,1978,1.6->1.99,24.37
->,tha,1978,6->5.39,10.17
->,tls,1978,2->3.75,87.50
->,ton,1978,8.8->7.7,12.50
->,tun,1978,5.7->4.77,16.32
->,ukr,1978,10.4->8.7,16.35
+++,vct,1978,5.45,
->,vnm,1978,6.8->5.34,21.47
->,yem,1978,1.9->2.82,48.42
->,zaf,1978,5.7->6.51,14.21
->,zmb,1978,5.8->4.78,17.59
+++,and,1979,9.59,
->,are,1979,6.6->5.72,13.33
->,arm,1979,9.1->8.15,10.44
->,atg,1979,9.6->8.28,13.75
->,bfa,1979,1->1.21,21.00
->,bgd,1979,3.4->3,11.76
->,bhr,1979,6->5.14,14.33
->,blr,1979,10.1->8.84,12.48
->,blz,1979,6.8->5.28,22.35
+++,brb,1979,5.57,
+++,brn,1979,9.91,
+++,btn,1979,3.06,
->,che,1979,11.5->9.99,13.13
->,cod,1979,5.8->4.64,20.00
->,cog,1979,6.6->5.76,12.73
->,com,1979,2.6->3.48,33.85
->,cri,1979,6.5->5.59,14.00
->,cub,1979,8.4->7.43,11.55
->,cze,1979,12.1->9.94,17.85
->,deu,1979,10.4->9.15,12.02
+++,dma,1979,6.38,
->,dnk,1979,11.3->10.14,10.27
->,dza,1979,2.9->3.4,17.24
->,eri,1979,2->2.8,40.00
->,esp,1979,6.3->7.67,21.75
->,eth,1979,1.4->2.76,97.14
->,fji,1979,8.6->7.45,13.37
+++,fsm,1979,7.96,
->,gbr,1979,11.2->9.91,11.52
->,gha,1979,6.1->4.83,20.82
->,gin,1979,1.9->2.1,10.53
->,gmb,1979,2.4->2.92,21.67
->,gnb,1979,1.8->2.02,12.22
+++,grd,1979,5.57,
->,guy,1979,7.4->5.65,23.65
->,hrv,1979,8.3->7.41,10.72
->,hti,1979,2.7->3.71,37.41
->,ind,1979,4.6->4.03,12.39
->,irq,1979,6.5->4.35,33.08
+++,isl,1979,9.19,
->,jam,1979,8.1->6.72,17.04
->,kir,1979,6.9->5.93,14.06
->,kor,1979,11.3->10.13,10.35
->,kwt,1979,5.2->5.86,12.69
->,lbr,1979,3.4->2.9,14.71
+++,lby,1979,4.35,
->,lca,1979,7->6.23,11.00
->,mda,1979,9.7->8.16,15.88
->,mdv,1979,4.7->4.1,12.77
->,mhl,1979,7.6->5.72,24.74
+++,mlt,1979,7.61,
->,mne,1979,9.3->7.99,14.09
->,mng,1979,7.9->6.53,17.34
->,mrt,1979,2->3,50.00
->,ner,1979,0.7->1.15,64.29
->,npl,1979,2.6->3.34,28.46
->,omn,1979,4.4->5.05,14.77
->,png,1979,3.5->4.12,17.71
+++,prk,1979,7.58,
->,pry,1979,5.8->5.06,12.76
->,pse,1979,7.7->6.81,11.56
->,qat,1979,5.3->4.57,13.77
->,sau,1979,6.6->7.41,12.27
->,sdn,1979,3.9->4.52,15.90
->,slb,1979,4.4->3.94,10.45
->,slv,1979,4.9->4.38,10.61
+++,ssd,1979,1.34,
->,sur,1979,6->5.32,11.33
->,tcd,1979,1.6->2.04,27.50
->,tls,1979,2.1->3.84,82.86
->,ton,1979,8.9->7.82,12.13
->,tun,1979,5.9->4.93,16.44
->,ukr,1979,10.5->8.84,15.81
+++,vct,1979,5.57,
->,vnm,1979,6.9->5.45,21.01
->,yem,1979,2->2.9,45.00
->,zaf,1979,5.9->6.62,12.20
->,zmb,1979,5.9->4.88,17.29
+++,and,1980,9.73,
->,are,1980,6.8->5.88,13.53
->,atg,1980,9.8->8.42,14.08
->,bfa,1980,1->1.25,25.00
->,bgd,1980,3.5->3.07,12.29
->,bhr,1980,6.3->5.27,16.35
->,blr,1980,10.2->8.98,11.96
->,blz,1980,7->5.39,23.00
+++,brb,1980,5.68,
+++,brn,1980,10.05,
+++,btn,1980,3.13,
->,che,1980,11.7->10.14,13.33
->,cod,1980,6->4.74,21.00
->,cog,1980,6.8->5.88,13.53
->,com,1980,2.7->3.57,32.22
->,cri,1980,6.7->5.7,14.93
->,cub,1980,8.6->7.58,11.86
->,cze,1980,12.2->10.08,17.38
->,deu,1980,10.5->9.3,11.43
+++,dma,1980,6.5,
->,dza,1980,3.1->3.5,12.90
->,eri,1980,2.1->2.87,36.67
->,esp,1980,6.5->7.81,20.15
->,eth,1980,1.5->2.84,89.33
->,fji,1980,8.7->7.56,13.10
+++,fsm,1980,8.09,
->,gbr,1980,11.4->10.05,11.84
->,gha,1980,6.2->4.94,20.32
->,gmb,1980,2.5->2.99,19.60
->,gnq,1980,5.9->5.27,10.68
+++,grd,1980,5.68,
->,guy,1980,7.6->5.76,24.21
->,hrv,1980,8.4->7.54,10.24
->,hti,1980,2.8->3.81,36.07
->,ind,1980,4.7->4.13,12.13
->,irq,1980,6.6->4.48,32.12
+++,isl,1980,9.33,
->,jam,1980,8.3->6.86,17.35
->,kir,1980,7->6.03,13.86
->,kor,1980,11.5->10.27,10.70
->,kwt,1980,5.3->6,13.21
->,lbr,1980,3.6->2.98,17.22
+++,lby,1980,4.45,
->,lca,1980,7.2->6.35,11.81
->,mda,1980,9.9->8.29,16.26
->,mdv,1980,4.7->4.18,11.06
->,mhl,1980,7.8->5.84,25.13
+++,mlt,1980,7.71,
->,mmr,1980,4.1->3.65,10.98
->,mne,1980,9.5->8.12,14.53
->,mng,1980,8->6.65,16.87
->,mrt,1980,2->3.08,54.00
->,ner,1980,0.7->1.18,68.57
->,npl,1980,2.8->3.42,22.14
->,omn,1980,4.6->5.15,11.96
->,png,1980,3.6->4.21,16.94
+++,prk,1980,7.71,
->,pry,1980,5.9->5.17,12.37
->,pse,1980,7.9->6.93,12.28
->,qat,1980,5.4->4.67,13.52
->,sau,1980,6.8->7.55,11.03
->,sdn,1980,4.1->4.6,12.20
->,slb,1980,4.5->4.04,10.22
->,sle,1980,2.1->1.86,11.43
+++,ssd,1980,1.38,
->,sur,1980,6.1->5.43,10.98
->,tcd,1980,1.7->2.09,22.94
->,tls,1980,2.1->3.93,87.14
->,ton,1980,9.1->7.94,12.75
->,tun,1980,6.1->5.09,16.56
->,tza,1980,4.8->4.28,10.83
->,ukr,1980,10.7->8.99,15.98
+++,vct,1980,5.68,
->,vnm,1980,7->5.55,20.71
->,yem,1980,2.2->2.99,35.91
->,zaf,1980,6->6.72,12.00
->,zmb,1980,6.1->4.99,18.20
->,alb,1981,8.3->7.46,10.12
+++,and,1981,9.87,
->,are,1981,7.1->6.04,14.93
->,arm,1981,9.4->8.41,10.53
->,atg,1981,10->8.56,14.40
->,bfa,1981,1.1->1.28,16.36
->,bgd,1981,3.6->3.15,12.50
->,bhr,1981,6.5->5.4,16.92
->,blr,1981,10.4->9.12,12.31
->,blz,1981,7.1->5.5,22.54
+++,brb,1981,5.79,
+++,brn,1981,10.19,
+++,btn,1981,3.21,
->,che,1981,11.8->10.28,12.88
->,cod,1981,6.1->4.85,20.49
->,cog,1981,7->6,14.29
->,com,1981,2.8->3.65,30.36
->,cri,1981,6.8->5.81,14.56
->,cub,1981,8.8->7.72,12.27
->,cze,1981,12.3->10.21,16.99
->,deu,1981,10.6->9.45,10.85
+++,dma,1981,6.62,
->,eri,1981,2.2->2.95,34.09
->,esp,1981,6.7->7.96,18.81
->,eth,1981,1.5->2.91,94.00
->,fji,1981,8.8->7.67,12.84
+++,fsm,1981,8.22,
->,gbr,1981,11.5->10.19,11.39
->,gha,1981,6.4->5.05,21.09
->,gmb,1981,2.6->3.07,18.08
->,gnq,1981,6->5.38,10.33
+++,grd,1981,5.79,
->,guy,1981,7.7->5.88,23.64
->,hrv,1981,8.6->7.67,10.81
->,hti,1981,2.9->3.91,34.83
->,ind,1981,4.9->4.24,13.47
->,irq,1981,6.7->4.63,30.90
+++,isl,1981,9.47,
->,jam,1981,8.4->7,16.67
->,ken,1981,6.2->5.54,10.65
->,kir,1981,7.2->6.14,14.72
->,kor,1981,11.7->10.4,11.11
->,kwt,1981,5.5->6.14,11.64
->,lbr,1981,3.7->3.07,17.03
+++,lby,1981,4.55,
->,lca,1981,7.3->6.47,11.37
->,mda,1981,10->8.43,15.70
->,mhl,1981,8->5.95,25.62
+++,mlt,1981,7.81,
->,mmr,1981,4.2->3.73,11.19
->,mne,1981,9.6->8.25,14.06
->,mng,1981,8.1->6.77,16.42
->,mrt,1981,2.1->3.15,50.00
->,ner,1981,0.8->1.21,51.25
->,npl,1981,2.9->3.51,21.03
->,png,1981,3.8->4.31,13.42
+++,prk,1981,7.84,
->,pry,1981,6->5.28,12.00
->,pse,1981,8.1->7.06,12.84
->,qat,1981,5.6->4.77,14.82
->,sau,1981,6.9->7.68,11.30
->,sdn,1981,4.2->4.69,11.67
->,sgp,1981,7.4->8.17,10.41
->,slb,1981,4.7->4.15,11.70
->,sle,1981,2.2->1.92,12.73
->,slv,1981,5.2->4.63,10.96
+++,ssd,1981,1.41,
->,sur,1981,6.3->5.54,12.06
->,tcd,1981,1.8->2.15,19.44
->,tls,1981,2.2->4.02,82.73
->,ton,1981,9.2->8.07,12.28
->,tun,1981,6.3->5.26,16.51
->,tza,1981,4.9->4.37,10.82
->,ukr,1981,10.8->9.13,15.46
+++,vct,1981,5.79,
->,vnm,1981,7.1->5.66,20.28
->,yem,1981,2.3->3.08,33.91
->,zaf,1981,6.2->6.83,10.16
->,zmb,1981,6.2->5.1,17.74
+++,and,1982,10.01,
->,are,1982,7.3->6.2,15.07
->,arm,1982,9.5->8.54,10.11
->,atg,1982,10.2->8.69,14.80
->,bfa,1982,1.2->1.32,10.00
->,bgd,1982,3.7->3.22,12.97
->,bhr,1982,6.7->5.53,17.46
->,blr,1982,10.5->9.26,11.81
->,blz,1982,7.2->5.61,22.08
+++,brb,1982,5.91,
+++,brn,1982,10.32,
+++,btn,1982,3.28,
->,che,1982,12->10.43,13.08
->,cod,1982,6.3->4.95,21.43
->,cog,1982,7.2->6.12,15.00
->,com,1982,2.9->3.74,28.97
->,cri,1982,7->5.92,15.43
->,cub,1982,8.9->7.87,11.57
->,cze,1982,12.4->10.35,16.53
->,deu,1982,10.7->9.6,10.28
+++,dma,1982,6.75,
->,dom,1982,6.4->5.75,10.16
->,eri,1982,2.3->3.02,31.30
->,esp,1982,6.9->8.1,17.39
->,eth,1982,1.6->2.99,86.88
->,fji,1982,8.9->7.77,12.70
+++,fsm,1982,8.36,
->,gbr,1982,11.6->10.33,10.95
->,gha,1982,6.5->5.16,20.62
->,gmb,1982,2.8->3.15,12.50
->,gnq,1982,6.2->5.49,11.45
+++,grd,1982,5.91,
->,guy,1982,7.8->5.99,23.21
->,hnd,1982,4.4->3.93,10.68
->,hrv,1982,8.8->7.79,11.48
->,hti,1982,3.1->4.02,29.68
->,ind,1982,5->4.34,13.20
->,irq,1982,6.8->4.77,29.85
+++,isl,1982,9.62,
->,jam,1982,8.6->7.14,16.98
->,ken,1982,6.4->5.68,11.25
->,khm,1982,4.2->3.77,10.24
->,kir,1982,7.3->6.24,14.52
->,kor,1982,11.8->10.54,10.68
->,kwt,1982,5.6->6.29,12.32
->,lbr,1982,3.9->3.17,18.72
+++,lby,1982,4.65,
->,lca,1982,7.4->6.59,10.95
->,mda,1982,10.2->8.56,16.08
->,mhl,1982,8.1->6.07,25.06
+++,mlt,1982,7.9,
->,mmr,1982,4.3->3.82,11.16
->,mne,1982,9.7->8.39,13.51
->,mng,1982,8.2->6.89,15.98
->,moz,1982,2.7->2.41,10.74
->,mrt,1982,2.2->3.23,46.82
->,ner,1982,0.8->1.25,56.25
->,npl,1982,3->3.59,19.67
->,png,1982,3.9->4.4,12.82
+++,prk,1982,7.98,
->,pry,1982,6.1->5.38,11.80
->,pse,1982,8.3->7.19,13.37
->,qat,1982,5.7->4.87,14.56
->,sau,1982,7.1->7.82,10.14
->,slb,1982,4.8->4.25,11.46
->,sle,1982,2.2->1.98,10.00
->,slv,1982,5.3->4.76,10.19
+++,ssd,1982,1.45,
->,sur,1982,6.4->5.65,11.72
->,tcd,1982,1.9->2.2,15.79
->,tls,1982,2.3->4.11,78.70
->,ton,1982,9.4->8.19,12.87
->,tun,1982,6.5->5.43,16.46
->,tza,1982,5->4.47,10.60
->,ukr,1982,10.9->9.28,14.86
+++,vct,1982,5.91,
->,vnm,1982,7.2->5.77,19.86
->,yem,1982,2.5->3.17,26.80
->,zmb,1982,6.3->5.22,17.14
+++,and,1983,10.15,
->,are,1983,7.5->6.37,15.07
->,atg,1983,10.4->8.83,15.10
->,bfa,1983,1.2->1.35,12.50
->,bgd,1983,3.8->3.3,13.16
->,bhr,1983,6.9->5.67,17.83
->,blr,1983,10.7->9.4,12.15
->,blz,1983,7.4->5.73,22.57
+++,brb,1983,6.03,
+++,brn,1983,10.46,
+++,btn,1983,3.36,
->,che,1983,12.1->10.57,12.64
->,cod,1983,6.4->5.06,20.94
->,cog,1983,7.4->6.24,15.68
->,com,1983,3.1->3.83,23.55
->,cri,1983,7.1->6.04,14.93
->,cub,1983,9.1->8.01,11.98
->,cze,1983,12.5->10.49,16.08
->,deu,1983,10.9->9.75,10.55
+++,dma,1983,6.88,
->,eri,1983,2.5->3.1,24.00
->,esp,1983,7.1->8.24,16.06
->,eth,1983,1.7->3.07,80.59
->,fji,1983,9->7.88,12.44
+++,fsm,1983,8.49,
->,gbr,1983,11.7->10.47,10.51
->,gha,1983,6.6->5.27,20.15
->,gmb,1983,2.9->3.22,11.03
->,gnq,1983,6.4->5.6,12.50
+++,grd,1983,6.03,
->,guy,1983,8->6.11,23.62
->,hnd,1983,4.5->4.03,10.44
->,hrv,1983,8.9->7.92,11.01
->,hti,1983,3.2->4.12,28.75
->,ind,1983,5.1->4.45,12.75
->,irq,1983,6.9->4.93,28.55
+++,isl,1983,9.76,
->,jam,1983,8.7->7.28,16.32
->,ken,1983,6.5->5.82,10.46
->,khm,1983,4.3->3.86,10.23
->,kir,1983,7.5->6.34,15.47
->,kor,1983,12->10.67,11.08
->,kwt,1983,5.7->6.43,12.81
->,lbr,1983,4->3.26,18.50
+++,lby,1983,4.75,
->,lca,1983,7.6->6.71,11.71
->,mda,1983,10.3->8.69,15.63
->,mhl,1983,8.3->6.19,25.42
+++,mlt,1983,8,
->,mmr,1983,4.4->3.9,11.36
->,mne,1983,9.9->8.53,13.84
->,mng,1983,8.3->7.01,15.54
->,moz,1983,2.8->2.47,11.79
->,mrt,1983,2.3->3.31,43.91
->,ner,1983,0.9->1.28,42.22
->,npl,1983,3.2->3.68,15.00
->,pan,1983,8.2->7.36,10.24
+++,prk,1983,8.11,
->,pry,1983,6.2->5.49,11.45
->,pse,1983,8.5->7.32,13.88
->,qat,1983,5.9->4.98,15.59
->,sgp,1983,7.7->8.49,10.26
->,slb,1983,5->4.36,12.80
->,sle,1983,2.3->2.05,10.87
->,slv,1983,5.5->4.89,11.09
+++,ssd,1983,1.49,
->,sur,1983,6.5->5.77,11.23
->,tcd,1983,2->2.26,13.00
->,tls,1983,2.4->4.21,75.42
->,ton,1983,9.5->8.31,12.53
->,tun,1983,6.7->5.61,16.27
->,tza,1983,5.1->4.57,10.39
->,ukr,1983,11.1->9.42,15.14
+++,vct,1983,6.03,
->,vnm,1983,7.3->5.88,19.45
->,yem,1983,2.7->3.26,20.74
->,zmb,1983,6.5->5.33,18.00
+++,and,1984,10.3,
->,are,1984,7.7->6.55,14.94
->,atg,1984,10.6->8.97,15.38
->,bgd,1984,3.9->3.38,13.33
->,bhr,1984,7.1->5.8,18.31
->,blr,1984,10.8->9.54,11.67
->,blz,1984,7.5->5.84,22.13
+++,brb,1984,6.15,
+++,brn,1984,10.6,
+++,btn,1984,3.44,
->,che,1984,12.2->10.72,12.13
->,cod,1984,6.6->5.17,21.67
->,cog,1984,7.6->6.36,16.32
->,com,1984,3.2->3.92,22.50
->,cri,1984,7.3->6.15,15.75
->,cub,1984,9.2->8.16,11.30
->,cze,1984,12.6->10.62,15.71
+++,dma,1984,7,
->,dom,1984,6.7->6,10.45
->,eri,1984,2.6->3.17,21.92
->,esp,1984,7.3->8.39,14.93
->,eth,1984,1.7->3.14,84.71
->,fji,1984,9.1->7.98,12.31
+++,fsm,1984,8.62,
->,gbr,1984,11.8->10.61,10.08
->,gha,1984,6.8->5.39,20.74
->,gnq,1984,6.5->5.72,12.00
+++,grd,1984,6.15,
->,guy,1984,8.1->6.23,23.09
->,hnd,1984,4.7->4.14,11.91
->,hrv,1984,9->8.04,10.67
->,hti,1984,3.3->4.23,28.18
->,ind,1984,5.2->4.57,12.12
->,irq,1984,7->5.08,27.43
+++,isl,1984,9.9,
->,jam,1984,8.9->7.42,16.63
->,ken,1984,6.7->5.96,11.04
->,khm,1984,4.4->3.94,10.45
->,kir,1984,7.6->6.44,15.26
->,kor,1984,12.2->10.81,11.39
->,kwt,1984,5.8->6.58,13.45
->,lbr,1984,4.2->3.36,20.00
+++,lby,1984,4.86,
->,lca,1984,7.7->6.84,11.17
->,mda,1984,10.5->8.82,16.00
->,mhl,1984,8.5->6.31,25.76
+++,mlt,1984,8.09,
->,mmr,1984,4.5->3.99,11.33
->,mne,1984,10->8.66,13.40
->,mng,1984,8.4->7.13,15.12
->,mrt,1984,2.4->3.39,41.25
->,ner,1984,0.9->1.32,46.67
->,npl,1984,3.3->3.76,13.94
+++,prk,1984,8.25,
->,pry,1984,6.3->5.6,11.11
->,pse,1984,8.7->7.45,14.37
->,qat,1984,6->5.08,15.33
->,sgp,1984,7.8->8.66,11.03
->,slb,1984,5.2->4.47,14.04
->,sle,1984,2.4->2.12,11.67
->,slv,1984,5.6->5.02,10.36
+++,ssd,1984,1.53,
->,sur,1984,6.7->5.88,12.24
->,tcd,1984,2->2.32,16.00
->,tls,1984,2.5->4.31,72.40
->,ton,1984,9.7->8.43,13.09
->,tun,1984,7->5.8,17.14
->,tza,1984,5.2->4.66,10.38
->,uga,1984,5.1->4.56,10.59
->,ukr,1984,11.2->9.57,14.55
+++,vct,1984,6.15,
->,vnm,1984,7.4->5.99,19.05
->,yem,1984,2.9->3.36,15.86
->,zmb,1984,6.6->5.44,17.58
+++,and,1985,10.44,
->,are,1985,8->6.73,15.87
->,atg,1985,10.7->9.11,14.86
->,bgd,1985,4->3.46,13.50
->,bhr,1985,7.3->5.94,18.63
->,blr,1985,10.9->9.68,11.19
->,blz,1985,7.6->5.96,21.58
+++,brb,1985,6.27,
+++,brn,1985,10.74,
+++,btn,1985,3.52,
->,che,1985,12.3->10.86,11.71
->,cod,1985,6.7->5.27,21.34
->,cog,1985,7.8->6.48,16.92
->,com,1985,3.4->4.01,17.94
->,cri,1985,7.5->6.26,16.53
->,cub,1985,9.4->8.31,11.60
->,cze,1985,12.6->10.76,14.60
+++,dma,1985,7.13,
->,eri,1985,2.7->3.25,20.37
->,esp,1985,7.5->8.54,13.87
->,eth,1985,1.8->3.23,79.44
->,fji,1985,9.3->8.08,13.12
+++,fsm,1985,8.76,
->,gha,1985,6.9->5.5,20.29
->,gnq,1985,6.6->5.83,11.67
+++,grd,1985,6.27,
->,guy,1985,8.2->6.35,22.56
->,hnd,1985,4.8->4.25,11.46
->,hrv,1985,9.2->8.17,11.20
->,hti,1985,3.5->4.34,24.00
->,ind,1985,5.4->4.68,13.33
->,irq,1985,7.1->5.24,26.20
+++,isl,1985,10.04,
->,jam,1985,9->7.57,15.89
->,ken,1985,6.8->6.1,10.29
->,kir,1985,7.8->6.54,16.15
->,kor,1985,12.3->10.94,11.06
->,kwt,1985,5.9->6.74,14.24
->,lbr,1985,4.3->3.47,19.30
+++,lby,1985,4.96,
->,lca,1985,7.8->6.96,10.77
->,mar,1985,4.1->3.61,11.95
->,mda,1985,10.6->8.95,15.57
->,mdg,1985,4.2->3.78,10.00
->,mhl,1985,8.6->6.43,25.23
->,mli,1985,1.6->1.4,12.50
+++,mlt,1985,8.17,
->,mmr,1985,4.6->4.08,11.30
->,mne,1985,10.1->8.8,12.87
->,mng,1985,8.4->7.25,13.69
->,moz,1985,2.9->2.6,10.34
->,mrt,1985,2.5->3.47,38.80
->,ner,1985,1->1.35,35.00
->,npl,1985,3.4->3.85,13.24
->,pan,1985,8.5->7.62,10.35
+++,prk,1985,8.39,
->,pse,1985,8.9->7.58,14.83
->,qat,1985,6.1->5.19,14.92
->,sgp,1985,8->8.83,10.38
->,slb,1985,5.3->4.59,13.40
->,sle,1985,2.5->2.19,12.40
+++,ssd,1985,1.57,
->,sur,1985,6.8->6,11.76
->,tcd,1985,2.1->2.38,13.33
->,tls,1985,2.7->4.4,62.96
->,ton,1985,9.8->8.55,12.76
->,tun,1985,7.2->5.99,16.81
->,tza,1985,5.4->4.76,11.85
->,uga,1985,5.2->4.66,10.38
->,ukr,1985,11.3->9.72,13.98
+++,vct,1985,6.27,
->,vnm,1985,7.5->6.11,18.53
->,yem,1985,3.1->3.46,11.61
->,zmb,1985,6.7->5.56,17.01
+++,and,1986,10.57,
->,are,1986,8.2->6.92,15.61
->,atg,1986,10.9->9.25,15.14
->,bgd,1986,4->3.54,11.50
->,bhr,1986,7.5->6.08,18.93
->,blr,1986,11->9.82,10.73
->,blz,1986,7.7->6.07,21.17
+++,brb,1986,6.39,
+++,brn,1986,10.88,
+++,btn,1986,3.6,
->,che,1986,12.4->11,11.29
->,cod,1986,6.8->5.38,20.88
->,cog,1986,7.9->6.6,16.46
->,com,1986,3.5->4.11,17.43
->,cri,1986,7.6->6.38,16.05
->,cub,1986,9.5->8.46,10.95
->,cze,1986,12.7->10.89,14.25
+++,dma,1986,7.26,
->,eri,1986,2.8->3.33,18.93
->,esp,1986,7.7->8.68,12.73
->,eth,1986,1.9->3.31,74.21
->,fji,1986,9.4->8.18,12.98
+++,fsm,1986,8.89,
->,gha,1986,7->5.62,19.71
->,gnq,1986,6.8->5.95,12.50
+++,grd,1986,6.39,
->,guy,1986,8.3->6.47,22.05
->,hnd,1986,4.9->4.36,11.02
->,hrv,1986,9.3->8.29,10.86
->,hti,1986,3.6->4.45,23.61
->,ind,1986,5.5->4.8,12.73
->,irq,1986,7.1->5.41,23.80
+++,isl,1986,10.18,
->,jam,1986,9.1->7.71,15.27
->,ken,1986,7->6.25,10.71
->,kir,1986,7.9->6.63,16.08
->,kor,1986,12.5->11.08,11.36
->,kwt,1986,6->6.9,15.00
->,lbr,1986,4.4->3.57,18.86
+++,lby,1986,5.07,
->,lca,1986,7.9->7.08,10.38
->,mar,1986,4.2->3.7,11.90
->,mda,1986,10.8->9.08,15.93
->,mdg,1986,4.3->3.86,10.23
->,mhl,1986,8.7->6.55,24.71
->,mli,1986,1.6->1.43,10.63
+++,mlt,1986,8.25,
->,mmr,1986,4.7->4.17,11.28
->,mne,1986,10.2->8.94,12.35
->,mng,1986,8.5->7.36,13.41
->,moz,1986,3->2.67,11.00
->,mrt,1986,2.6->3.56,36.92
->,ner,1986,1->1.39,39.00
+++,prk,1986,8.52,
->,pse,1986,9->7.71,14.33
->,qat,1986,6.2->5.3,14.52
->,sgp,1986,8.1->9,11.11
->,slb,1986,5.5->4.71,14.36
->,slv,1986,5.9->5.3,10.17
+++,ssd,1986,1.61,
->,sur,1986,6.9->6.12,11.30
->,tcd,1986,2.2->2.44,10.91
->,tls,1986,2.8->4.5,60.71
->,ton,1986,9.9->8.66,12.53
->,tun,1986,7.4->6.19,16.35
->,tza,1986,5.5->4.86,11.64
->,uga,1986,5.3->4.76,10.19
->,ukr,1986,11.4->9.86,13.51
+++,vct,1986,6.39,
->,vnm,1986,7.5->6.22,17.07
->,yem,1986,3.2->3.57,11.56
->,zmb,1986,6.8->5.68,16.47
+++,and,1987,10.71,
->,are,1987,8.4->7.12,15.24
->,atg,1987,11->9.39,14.64
->,bgd,1987,4.1->3.62,11.71
->,bhr,1987,7.7->6.22,19.22
->,blr,1987,11.1->9.96,10.27
->,blz,1987,7.8->6.19,20.64
+++,brb,1987,6.51,
+++,brn,1987,11.02,
+++,btn,1987,3.69,
->,che,1987,12.5->11.14,10.88
->,cod,1987,6.9->5.5,20.29
->,cog,1987,8.1->6.72,17.04
->,com,1987,3.7->4.2,13.51
->,cri,1987,7.8->6.49,16.79
->,cub,1987,9.7->8.6,11.34
->,cze,1987,12.8->11.02,13.91
+++,dma,1987,7.39,
->,eri,1987,2.9->3.42,17.93
->,esp,1987,7.9->8.83,11.77
->,eth,1987,2->3.39,69.50
->,fji,1987,9.5->8.28,12.84
+++,fsm,1987,9.02,
->,gha,1987,7.1->5.74,19.15
->,gnq,1987,6.9->6.07,12.03
+++,grd,1987,6.51,
->,guy,1987,8.4->6.59,21.55
->,hnd,1987,5.1->4.47,12.35
->,hrv,1987,9.4->8.41,10.53
->,hti,1987,3.8->4.57,20.26
->,ind,1987,5.6->4.91,12.32
->,irq,1987,7.1->5.58,21.41
+++,isl,1987,10.32,
->,jam,1987,9.3->7.86,15.48
->,kir,1987,8.1->6.73,16.91
->,kor,1987,12.6->11.21,11.03
->,kwt,1987,6.1->7.06,15.74
->,lbr,1987,4.6->3.69,19.78
+++,lby,1987,5.18,
->,mar,1987,4.3->3.78,12.09
->,mda,1987,10.9->9.2,15.60
->,mhl,1987,8.8->6.67,24.20
->,mli,1987,1.7->1.47,13.53
+++,mlt,1987,8.33,
->,mmr,1987,4.8->4.26,11.25
->,mne,1987,10.3->9.07,11.94
->,mng,1987,8.6->7.48,13.02
->,moz,1987,3.1->2.73,11.94
->,mrt,1987,2.7->3.64,34.81
->,ner,1987,1.1->1.43,30.00
+++,prk,1987,8.66,
->,pse,1987,9.2->7.84,14.78
->,qat,1987,6.3->5.41,14.13
->,sgp,1987,8.2->9.17,11.83
->,slb,1987,5.6->4.83,13.75
->,sle,1987,2.6->2.34,10.00
+++,ssd,1987,1.65,
->,sur,1987,7->6.24,10.86
->,tls,1987,2.9->4.61,58.97
->,ton,1987,10->8.78,12.20
->,tun,1987,7.6->6.39,15.92
->,tza,1987,5.6->4.96,11.43
->,ukr,1987,11.5->10.01,12.96
+++,vct,1987,6.51,
->,vnm,1987,7.6->6.33,16.71
->,zmb,1987,6.9->5.79,16.09
+++,and,1988,10.85,
->,are,1988,8.6->7.32,14.88
->,atg,1988,11.2->9.53,14.91
->,bgd,1988,4.2->3.7,11.90
->,bhr,1988,7.8->6.37,18.33
->,blz,1988,7.9->6.31,20.13
+++,brb,1988,6.64,
+++,brn,1988,11.16,
+++,btn,1988,3.77,
->,che,1988,12.6->11.28,10.48
->,cod,1988,7->5.61,19.86
->,cog,1988,8.2->6.85,16.46
->,com,1988,3.9->4.3,10.26
->,cri,1988,7.9->6.61,16.33
->,cub,1988,9.8->8.75,10.71
->,cze,1988,12.8->11.15,12.89
+++,dma,1988,7.52,
->,eri,1988,3.1->3.5,12.90
->,esp,1988,8->8.98,12.25
->,eth,1988,2.1->3.48,65.71
->,fji,1988,9.6->8.38,12.71
+++,fsm,1988,9.16,
->,gha,1988,7.2->5.85,18.75
->,gnq,1988,7->6.19,11.57
+++,grd,1988,6.64,
->,guy,1988,8.5->6.71,21.06
->,hnd,1988,5.2->4.59,11.73
->,hrv,1988,9.5->8.54,10.11
->,hti,1988,4->4.69,17.25
->,ind,1988,5.7->5.04,11.58
->,irq,1988,7->5.75,17.86
+++,isl,1988,10.46,
->,jam,1988,9.4->8.01,14.79
->,kir,1988,8.2->6.83,16.71
->,kor,1988,12.8->11.35,11.33
->,kwt,1988,6.2->7.22,16.45
->,lbr,1988,4.7->3.8,19.15
+++,lby,1988,5.29,
->,mar,1988,4.5->3.87,14.00
->,mda,1988,11->9.33,15.18
->,mhl,1988,8.8->6.8,22.73
->,mli,1988,1.7->1.51,11.18
+++,mlt,1988,8.41,
->,mmr,1988,4.9->4.36,11.02
->,mne,1988,10.4->9.21,11.44
->,mng,1988,8.6->7.6,11.63
->,moz,1988,3.2->2.8,12.50
->,mrt,1988,2.8->3.73,33.21
->,ner,1988,1.2->1.46,21.67
->,nic,1988,5.4->4.85,10.19
->,pan,1988,8.9->8,10.11
+++,prk,1988,8.8,
->,pse,1988,9.3->7.97,14.30
->,qat,1988,6.4->5.52,13.75
->,sgp,1988,8.4->9.35,11.31
->,slb,1988,5.7->4.96,12.98
->,sle,1988,2.7->2.42,10.37
->,som,1988,2.3->2.06,10.43
+++,ssd,1988,1.69,
->,sur,1988,7.1->6.36,10.42
->,tls,1988,3.1->4.71,51.94
->,ton,1988,10.2->8.89,12.84
->,tun,1988,7.8->6.6,15.38
->,tza,1988,5.7->5.06,11.23
->,ukr,1988,11.6->10.16,12.41
+++,vct,1988,6.64,
->,vnm,1988,7.6->6.44,15.26
->,zmb,1988,7->5.91,15.57
+++,and,1989,10.99,
->,are,1989,8.8->7.53,14.43
->,atg,1989,11.3->9.67,14.42
->,bgd,1989,4.3->3.79,11.86
->,bhr,1989,8->6.51,18.63
->,blz,1989,8->6.43,19.63
+++,brb,1989,6.76,
+++,brn,1989,11.3,
+++,btn,1989,3.86,
->,che,1989,12.7->11.42,10.08
->,cod,1989,7.1->5.72,19.44
->,cog,1989,8.3->6.97,16.02
->,com,1989,4->4.4,10.00
->,cri,1989,8.1->6.72,17.04
->,cub,1989,9.9->8.9,10.10
->,cze,1989,12.8->11.27,11.95
+++,dma,1989,7.65,
->,eri,1989,3.2->3.59,12.19
->,esp,1989,8.2->9.13,11.34
->,eth,1989,2.1->3.56,69.52
->,fji,1989,9.7->8.48,12.58
+++,fsm,1989,9.29,
->,gha,1989,7.3->5.97,18.22
->,gnq,1989,7.1->6.31,11.13
+++,grd,1989,6.76,
->,guy,1989,8.6->6.84,20.47
->,hnd,1989,5.3->4.71,11.13
->,hti,1989,4.1->4.81,17.32
->,ind,1989,5.8->5.16,11.03
->,irq,1989,6.9->5.93,14.06
+++,isl,1989,10.6,
->,jam,1989,9.5->8.16,14.11
->,kir,1989,8.3->6.92,16.63
->,kor,1989,12.9->11.48,11.01
->,kwt,1989,6.3->7.39,17.30
->,lbr,1989,4.8->3.92,18.33
+++,lby,1989,5.4,
->,mar,1989,4.6->3.96,13.91
->,mda,1989,11.1->9.46,14.77
->,mhl,1989,8.9->6.92,22.25
+++,mlt,1989,8.48,
->,mne,1989,10.5->9.35,10.95
->,mng,1989,8.6->7.72,10.23
->,moz,1989,3.3->2.87,13.03
->,mrt,1989,3->3.82,27.33
->,ner,1989,1.2->1.5,25.00
+++,prk,1989,8.94,
->,pse,1989,9.4->8.11,13.72
->,qat,1989,6.6->5.63,14.70
->,sgp,1989,8.5->9.53,12.12
->,slb,1989,5.9->5.09,13.73
+++,ssd,1989,1.74,
->,tls,1989,3.2->4.82,50.62
->,ton,1989,10.3->9,12.62
->,tun,1989,8->6.82,14.75
->,ukr,1989,11.7->10.3,11.97
+++,vct,1989,6.76,
->,vnm,1989,7.7->6.55,14.94
->,zmb,1989,7.1->6.03,15.07
+++,and,1990,11.13,
->,are,1990,9->7.75,13.89
->,atg,1990,11.4->9.81,13.95
->,bhr,1990,8.2->6.66,18.78
->,blz,1990,8.1->6.55,19.14
+++,brb,1990,6.89,
+++,brn,1990,11.43,
+++,btn,1990,3.95,
->,cod,1990,7.2->5.84,18.89
->,cog,1990,8.4->7.1,15.48
->,cri,1990,8.2->6.84,16.59
->,cze,1990,12.9->11.4,11.63
+++,dma,1990,7.79,
->,eri,1990,3.3->3.67,11.21
->,esp,1990,8.4->9.29,10.60
->,eth,1990,2.2->3.65,65.91
->,fji,1990,9.8->8.58,12.45
+++,fsm,1990,9.42,
->,gha,1990,7.3->6.09,16.58
+++,grd,1990,6.89,
->,guy,1990,8.6->6.96,19.07
->,hnd,1990,5.4->4.83,10.56
->,hti,1990,4.3->4.93,14.65
->,ind,1990,5.9->5.28,10.51
->,irq,1990,6.9->6.1,11.59
+++,isl,1990,10.74,
->,jam,1990,9.7->8.32,14.23
->,kir,1990,8.5->7.02,17.41
->,kor,1990,13->11.62,10.62
->,kwt,1990,6.5->7.57,16.46
->,lbr,1990,4.9->4.04,17.55
+++,lby,1990,5.52,
->,mar,1990,4.7->4.05,13.83
->,mda,1990,11.2->9.59,14.37
->,mhl,1990,9->7.05,21.67
->,mli,1990,1.8->1.6,11.11
+++,mlt,1990,8.54,
->,mne,1990,10.6->9.49,10.47
->,moz,1990,3.3->2.94,10.91
->,mrt,1990,3.1->3.91,26.13
->,ner,1990,1.3->1.54,18.46
+++,prk,1990,9.08,
->,pse,1990,9.6->8.24,14.17
->,qat,1990,6.7->5.74,14.33
->,sgp,1990,8.7->9.71,11.61
->,slb,1990,6->5.23,12.83
+++,ssd,1990,1.78,
->,tls,1990,3.4->4.93,45.00
->,ton,1990,10.4->9.11,12.40
->,tun,1990,8.2->7.04,14.15
->,ukr,1990,11.8->10.45,11.44
+++,vct,1990,6.89,
->,vnm,1990,7.7->6.67,13.38
->,zmb,1990,7.2->6.14,14.72
+++,and,1991,11.27,
->,are,1991,9.2->7.98,13.26
->,atg,1991,11.6->9.95,14.22
->,bhr,1991,8.3->6.81,17.95
->,bih,1991,8.8->7.92,10.00
->,blz,1991,8.2->6.67,18.66
+++,brb,1991,7.01,
+++,brn,1991,11.57,
+++,btn,1991,4.04,
->,cod,1991,7.3->5.95,18.49
->,cog,1991,8.5->7.22,15.06
->,cri,1991,8.3->6.96,16.14
->,cze,1991,12.9->11.52,10.70
+++,dma,1991,7.92,
->,esp,1991,8.5->9.44,11.06
->,eth,1991,2.3->3.74,62.61
->,fji,1991,9.9->8.67,12.42
+++,fsm,1991,9.55,
->,gha,1991,7.4->6.21,16.08
+++,grd,1991,7.01,
->,guy,1991,8.7->7.09,18.51
->,hnd,1991,5.6->4.95,11.61
->,hti,1991,4.4->5.06,15.00
->,ind,1991,6.1->5.41,11.31
+++,isl,1991,10.88,
->,jam,1991,9.8->8.47,13.57
->,kir,1991,8.6->7.11,17.33
->,kor,1991,13.2->11.75,10.98
->,kwt,1991,6.6->7.75,17.42
->,lbr,1991,5.1->4.17,18.24
+++,lby,1991,5.63,
->,mar,1991,4.8->4.15,13.54
->,mda,1991,11.3->9.71,14.07
->,mhl,1991,9->7.18,20.22
+++,mlt,1991,8.61,
->,mne,1991,10.7->9.62,10.09
->,moz,1991,3.4->3.02,11.18
->,mrt,1991,3.2->4,25.00
->,ner,1991,1.4->1.59,13.57
+++,prk,1991,9.22,
->,pse,1991,9.7->8.37,13.71
->,qat,1991,6.8->5.86,13.82
->,sgp,1991,8.8->9.9,12.50
->,slb,1991,6.1->5.37,11.97
+++,ssd,1991,1.83,
->,tls,1991,3.5->5.04,44.00
->,ton,1991,10.5->9.22,12.19
->,tun,1991,8.4->7.27,13.45
->,ukr,1991,11.8->10.6,10.17
+++,vct,1991,7.01,
->,vnm,1991,7.8->6.78,13.08
->,zmb,1991,7.2->6.26,13.06
+++,and,1992,11.41,
->,are,1992,9.4->8.22,12.55
->,atg,1992,11.7->10.09,13.76
->,bhr,1992,8.5->6.96,18.12
->,bih,1992,9->8.06,10.44
->,blz,1992,8.3->6.8,18.07
+++,brb,1992,7.14,
+++,brn,1992,11.71,
+++,btn,1992,4.13,
->,cod,1992,7.4->6.07,17.97
->,cog,1992,8.6->7.35,14.53
->,cri,1992,8.5->7.07,16.82
->,cze,1992,13->11.64,10.46
+++,dma,1992,8.05,
->,esp,1992,8.7->9.59,10.23
->,eth,1992,2.4->3.83,59.58
->,fji,1992,10->8.76,12.40
+++,fsm,1992,9.69,
->,gha,1992,7.5->6.33,15.60
+++,grd,1992,7.14,
->,guy,1992,8.8->7.22,17.95
->,hnd,1992,5.7->5.08,10.88
->,hti,1992,4.6->5.18,12.61
->,ind,1992,6.2->5.54,10.65
+++,isl,1992,11.02,
->,jam,1992,9.9->8.63,12.83
->,kir,1992,8.7->7.2,17.24
->,kor,1992,13.3->11.89,10.60
->,kwt,1992,6.7->7.93,18.36
->,lbr,1992,5.2->4.3,17.31
+++,lby,1992,5.75,
->,mar,1992,5->4.24,15.20
->,mda,1992,11.4->9.84,13.68
->,mhl,1992,9.1->7.3,19.78
->,mli,1992,1.9->1.69,11.05
+++,mlt,1992,8.66,
->,moz,1992,3.5->3.09,11.71
->,mrt,1992,3.3->4.09,23.94
->,mus,1992,8->7.19,10.12
->,ner,1992,1.4->1.63,16.43
+++,prk,1992,9.36,
->,pse,1992,9.8->8.5,13.27
->,qat,1992,6.9->5.97,13.48
->,sgp,1992,8.9->10.09,13.37
->,slb,1992,6.3->5.51,12.54
+++,ssd,1992,1.87,
->,tls,1992,3.7->5.15,39.19
->,ton,1992,10.6->9.32,12.08
->,tun,1992,8.5->7.5,11.76
+++,vct,1992,7.14,
->,vnm,1992,7.9->6.89,12.78
->,zmb,1992,7.3->6.38,12.60
+++,and,1993,11.54,
->,are,1993,9.5->8.47,10.84
->,atg,1993,11.8->10.23,13.31
->,bhr,1993,8.6->7.11,17.33
->,bih,1993,9.1->8.19,10.00
->,blz,1993,8.4->6.92,17.62
+++,brb,1993,7.27,
+++,brn,1993,11.84,
+++,btn,1993,4.22,
->,cod,1993,7.5->6.19,17.47
->,cog,1993,8.7->7.47,14.14
->,cri,1993,8.6->7.18,16.51
+++,dma,1993,8.19,
->,esp,1993,8.8->9.74,10.68
->,eth,1993,2.5->3.93,57.20
->,fji,1993,10.1->8.86,12.28
+++,fsm,1993,9.82,
->,gha,1993,7.6->6.45,15.13
+++,grd,1993,7.27,
->,guy,1993,8.9->7.34,17.53
->,hnd,1993,5.8->5.2,10.34
->,hti,1993,4.8->5.32,10.83
->,ind,1993,6.3->5.66,10.16
+++,isl,1993,11.16,
->,jam,1993,10->8.79,12.10
->,kir,1993,8.9->7.28,18.20
->,kor,1993,13.4->12.02,10.30
->,kwt,1993,6.8->8.12,19.41
->,lbr,1993,5.3->4.43,16.42
+++,lby,1993,5.87,
->,mar,1993,5.1->4.34,14.90
->,mda,1993,11.5->9.96,13.39
->,mhl,1993,9.2->7.43,19.24
->,mli,1993,2->1.73,13.50
+++,mlt,1993,8.71,
->,moz,1993,3.6->3.17,11.94
->,mrt,1993,3.4->4.19,23.24
->,ner,1993,1.5->1.67,11.33
+++,prk,1993,9.5,
->,pse,1993,9.9->8.63,12.83
->,qat,1993,7->6.09,13.00
->,sdn,1993,6.2->5.58,10.00
->,sgp,1993,9->10.29,14.33
->,slb,1993,6.4->5.66,11.56
+++,ssd,1993,1.92,
->,tls,1993,3.8->5.26,38.42
->,ton,1993,10.8->9.42,12.78
->,tun,1993,8.7->7.73,11.15
+++,vct,1993,7.27,
->,vnm,1993,7.9->7,11.39
->,zmb,1993,7.4->6.5,12.16
+++,and,1994,11.68,
->,atg,1994,11.9->10.37,12.86
->,bhr,1994,8.8->7.26,17.50
->,bih,1994,9.3->8.32,10.54
->,blz,1994,8.5->7.05,17.06
+++,brb,1994,7.4,
+++,brn,1994,11.98,
+++,btn,1994,4.32,
->,cod,1994,7.5->6.31,15.87
->,cog,1994,8.8->7.6,13.64
->,cri,1994,8.8->7.3,17.05
+++,dma,1994,8.33,
->,esp,1994,9->9.9,10.00
->,eth,1994,2.5->4.02,60.80
->,fji,1994,10.2->8.95,12.25
+++,fsm,1994,9.95,
->,gha,1994,7.7->6.56,14.81
+++,grd,1994,7.4,
->,guy,1994,9->7.47,17.00
->,hti,1994,4.9->5.45,11.22
+++,isl,1994,11.3,
->,jam,1994,10.1->8.95,11.39
->,kir,1994,9->7.37,18.11
->,kwt,1994,6.9->8.32,20.58
->,lbr,1994,5.4->4.57,15.37
+++,lby,1994,5.99,
->,mar,1994,5.2->4.44,14.62
->,mda,1994,11.6->10.09,13.02
->,mhl,1994,9.2->7.56,17.83
->,mli,1994,2->1.78,11.00
+++,mlt,1994,8.76,
->,mrt,1994,3.5->4.28,22.29
+++,prk,1994,9.64,
->,pse,1994,10->8.76,12.40
->,qat,1994,7.2->6.21,13.75
->,sdn,1994,6.3->5.64,10.48
->,sgp,1994,9.2->10.49,14.02
->,slb,1994,6.5->5.82,10.46
+++,ssd,1994,1.97,
->,tls,1994,4->5.38,34.50
->,ton,1994,10.9->9.52,12.66
->,tun,1994,8.9->7.97,10.45
+++,vct,1994,7.4,
->,vnm,1994,8->7.11,11.12
->,zmb,1994,7.4->6.61,10.68
+++,and,1995,11.81,
->,atg,1995,12->10.51,12.42
->,bhr,1995,9->7.41,17.67
->,blz,1995,8.6->7.17,16.63
+++,brb,1995,7.53,
+++,brn,1995,12.11,
+++,btn,1995,4.41,
->,cod,1995,7.6->6.43,15.39
->,cog,1995,8.9->7.72,13.26
->,cri,1995,8.9->7.41,16.74
+++,dma,1995,8.46,
->,esp,1995,9.1->10.05,10.44
->,eth,1995,2.6->4.11,58.08
->,fji,1995,10.3->9.05,12.14
+++,fsm,1995,10.08,
->,gha,1995,7.7->6.68,13.25
+++,grd,1995,7.53,
->,guy,1995,9.1->7.6,16.48
->,hnd,1995,6.1->5.45,10.66
+++,isl,1995,11.43,
->,jam,1995,10.2->9.11,10.69
->,kir,1995,9.1->7.45,18.13
->,kwt,1995,7->8.53,21.86
->,lbr,1995,5.5->4.7,14.55
+++,lby,1995,6.11,
->,mar,1995,5.3->4.54,14.34
->,mda,1995,11.7->10.21,12.74
->,mhl,1995,9.3->7.69,17.31
->,mli,1995,2.1->1.83,12.86
+++,mlt,1995,8.8,
->,moz,1995,3.7->3.32,10.27
->,mrt,1995,3.7->4.38,18.38
+++,prk,1995,9.78,
->,pse,1995,10.2->8.89,12.84
->,qat,1995,7.3->6.33,13.29
->,sdn,1995,6.5->5.7,12.31
->,sgp,1995,9.3->10.7,15.05
->,slb,1995,6.7->5.98,10.75
+++,ssd,1995,2.02,
->,tls,1995,4.1->5.49,33.90
->,ton,1995,11->9.61,12.64
+++,vct,1995,7.53,
->,zmb,1995,7.5->6.73,10.27
+++,and,1996,11.95,
->,atg,1996,12.1->10.64,12.07
->,bhr,1996,9.1->7.52,17.36
->,bih,1996,9.6->8.6,10.42
->,blz,1996,8.7->7.29,16.21
+++,brb,1996,7.66,
+++,brn,1996,12.24,
+++,btn,1996,4.51,
->,cod,1996,7.7->6.54,15.06
->,cog,1996,9->7.84,12.89
->,cri,1996,9->7.53,16.33
+++,dma,1996,8.6,
->,eth,1996,2.7->4.21,55.93
->,fji,1996,10.4->9.17,11.83
+++,fsm,1996,10.21,
->,gha,1996,7.8->6.8,12.82
+++,grd,1996,7.66,
->,guy,1996,9.2->7.73,15.98
->,hnd,1996,6.2->5.57,10.16
+++,isl,1996,11.56,
->,jam,1996,10.3->9.26,10.10
->,kir,1996,9.2->7.53,18.15
->,kwt,1996,7.1->8.72,22.82
->,lbr,1996,5.6->4.82,13.93
+++,lby,1996,6.23,
->,mar,1996,5.5->4.64,15.64
->,mda,1996,11.7->10.34,11.62
->,mhl,1996,9.3->7.82,15.91
->,mli,1996,2.1->1.87,10.95
+++,mlt,1996,8.91,
->,moz,1996,3.8->3.41,10.26
->,mrt,1996,3.8->4.48,17.89
->,mwi,1996,5.8->5.16,11.03
+++,prk,1996,9.92,
->,pse,1996,10.3->9.02,12.43
->,qat,1996,7.4->6.44,12.97
->,sdn,1996,6.6->5.77,12.58
->,sgp,1996,9.4->10.91,16.06
+++,ssd,1996,2.07,
->,tls,1996,4.3->5.62,30.70
->,ton,1996,11.1->9.7,12.61
+++,vct,1996,7.66,
+++,and,1997,12.08,
->,atg,1997,12.2->10.78,11.64
->,bhr,1997,9.3->7.63,17.96
->,blz,1997,8.8->7.42,15.68
+++,brb,1997,7.8,
+++,brn,1997,12.38,
+++,btn,1997,4.61,
->,cod,1997,7.8->6.66,14.62
->,cog,1997,9->7.97,11.44
->,cri,1997,9.2->7.65,16.85
+++,dma,1997,8.74,
->,esp,1997,9.4->10.35,10.11
->,eth,1997,2.8->4.3,53.57
->,fji,1997,10.5->9.29,11.52
+++,fsm,1997,10.34,
->,gha,1997,7.9->6.91,12.53
+++,grd,1997,7.8,
->,guy,1997,9.3->7.86,15.48
+++,isl,1997,11.69,
->,kir,1997,9.4->7.62,18.94
->,kwt,1997,7.2->8.92,23.89
->,lbr,1997,5.7->4.94,13.33
+++,lby,1997,6.35,
->,mar,1997,5.6->4.74,15.36
->,mda,1997,11.8->10.47,11.27
->,mhl,1997,9.4->7.96,15.32
->,mli,1997,2.2->1.92,12.73
+++,mlt,1997,9.01,
->,mrt,1997,3.9->4.57,17.18
->,mus,1997,8.8->7.92,10.00
->,mwi,1997,5.9->5.25,11.02
+++,prk,1997,10.06,
->,pse,1997,10.4->9.14,12.12
->,qat,1997,7.5->6.55,12.67
->,sdn,1997,6.7->5.84,12.84
->,sgp,1997,9.5->11.11,16.95
+++,ssd,1997,2.12,
->,tls,1997,4.4->5.75,30.68
->,ton,1997,11.2->9.79,12.59
+++,vct,1997,7.8,
+++,and,1998,12.22,
->,atg,1998,12.3->10.92,11.22
->,bhr,1998,9.4->7.74,17.66
->,blz,1998,8.9->7.54,15.28
+++,brb,1998,7.93,
+++,brn,1998,12.51,
+++,btn,1998,4.71,
->,cod,1998,7.8->6.78,13.08
->,cog,1998,9.1->8.09,11.10
->,cri,1998,9.3->7.78,16.34
+++,dma,1998,8.87,
->,esp,1998,9.5->10.49,10.42
->,eth,1998,2.9->4.4,51.72
->,fji,1998,10.5->9.41,10.38
+++,fsm,1998,10.47,
->,gha,1998,8->7.03,12.12
+++,grd,1998,7.93,
->,guy,1998,9.4->7.99,15.00
+++,isl,1998,11.82,
->,kir,1998,9.5->7.7,18.95
->,kwt,1998,7.3->9.11,24.79
->,lbr,1998,5.8->5.06,12.76
+++,lby,1998,6.47,
->,mar,1998,5.7->4.85,14.91
->,mda,1998,11.9->10.59,11.01
->,mhl,1998,9.4->8.09,13.94
->,mli,1998,2.2->1.97,10.45
+++,mlt,1998,9.13,
->,mrt,1998,4->4.67,16.75
->,mwi,1998,6->5.34,11.00
+++,prk,1998,10.2,
->,pse,1998,10.5->9.26,11.81
->,qat,1998,7.6->6.67,12.24
->,sdn,1998,6.9->5.91,14.35
->,sgp,1998,9.7->11.3,16.49
+++,ssd,1998,2.18,
->,tls,1998,4.6->5.88,27.83
->,ton,1998,11.3->9.88,12.57
+++,vct,1998,7.93,
+++,and,1999,12.35,
->,atg,1999,12.4->11.06,10.81
->,bfa,1999,2.3->2.06,10.43
->,bhr,1999,9.5->7.85,17.37
->,blz,1999,8.9->7.67,13.82
+++,brb,1999,8.06,
+++,brn,1999,12.64,
+++,btn,1999,4.81,
->,cod,1999,7.9->6.9,12.66
->,cog,1999,9.2->8.21,10.76
->,cri,1999,9.4->7.9,15.96
+++,dma,1999,9.01,
->,eth,1999,2.9->4.49,54.83
->,fji,1999,10.6->9.54,10.00
+++,fsm,1999,10.6,
->,gha,1999,8->7.15,10.62
+++,grd,1999,8.06,
->,guy,1999,9.5->8.12,14.53
+++,isl,1999,11.95,
->,kir,1999,9.6->7.8,18.75
->,kwt,1999,7.4->9.3,25.68
->,lbr,1999,5.9->5.18,12.20
+++,lby,1999,6.59,
->,mar,1999,5.8->4.95,14.66
->,mda,1999,12->10.72,10.67
->,mdv,1999,5.4->5.98,10.74
->,mhl,1999,9.5->8.22,13.47
->,mli,1999,2.3->2.02,12.17
+++,mlt,1999,9.24,
->,mrt,1999,4.1->4.77,16.34
->,mwi,1999,6.1->5.43,10.98
+++,prk,1999,10.34,
->,pse,1999,10.6->9.39,11.42
->,qat,1999,7.8->6.79,12.95
->,sdn,1999,7->5.98,14.57
->,sgp,1999,9.8->11.49,17.24
+++,ssd,1999,2.23,
->,tls,1999,4.7->6.01,27.87
->,ton,1999,11.4->9.98,12.46
+++,vct,1999,8.06,
+++,and,2000,12.48,
->,atg,2000,12.5->11.2,10.40
->,bhr,2000,9.7->7.97,17.84
->,blz,2000,9->7.79,13.44
+++,brb,2000,8.2,
+++,brn,2000,12.77,
+++,btn,2000,4.92,
->,cod,2000,8->7.02,12.25
->,cog,2000,9.3->8.34,10.32
->,cri,2000,9.5->8.03,15.47
+++,dma,2000,9.15,
->,eth,2000,3->4.59,53.00
+++,fsm,2000,10.74,
->,gha,2000,8.1->7.26,10.37
+++,grd,2000,8.2,
->,guy,2000,9.6->8.25,14.06
+++,isl,2000,12.08,
->,kir,2000,9.7->7.9,18.56
->,kwt,2000,7.5->9.49,26.53
->,lbr,2000,6->5.3,11.67
+++,lby,2000,6.72,
->,mar,2000,5.9->5.06,14.24
->,mdv,2000,5.5->6.09,10.73
->,mhl,2000,9.5->8.36,12.00
+++,mlt,2000,9.36,
->,mrt,2000,4.2->4.87,15.95
->,mwi,2000,6.3->5.53,12.22
+++,prk,2000,10.48,
->,pse,2000,10.7->9.51,11.12
->,qat,2000,7.9->6.91,12.53
->,sdn,2000,7.1->6.06,14.65
->,sgp,2000,9.9->11.68,17.98
+++,ssd,2000,2.29,
->,tls,2000,4.9->6.14,25.31
->,ton,2000,11.5->10.07,12.43
+++,vct,2000,8.2,
+++,and,2001,12.61,
->,atg,2001,12.6->11.33,10.08
->,bhr,2001,9.8->8.08,17.55
->,blz,2001,9.1->7.92,12.97
+++,brb,2001,8.33,
+++,brn,2001,12.9,
+++,btn,2001,5.02,
->,cod,2001,8->7.15,10.62
->,cri,2001,9.7->8.15,15.98
+++,dma,2001,9.29,
->,esp,2001,9.9->10.92,10.30
->,eth,2001,3.1->4.69,51.29
+++,fsm,2001,10.87,
+++,grd,2001,8.33,
->,guy,2001,9.7->8.38,13.61
->,irq,2001,7.1->7.84,10.42
+++,isl,2001,12.21,
->,kir,2001,9.8->7.99,18.47
->,kwt,2001,7.6->9.68,27.37
->,lbr,2001,6.1->5.42,11.15
+++,lby,2001,6.85,
->,mar,2001,6.1->5.17,15.25
->,mdv,2001,5.6->6.2,10.71
->,mhl,2001,9.5->8.49,10.63
->,mli,2001,2.4->2.13,11.25
+++,mlt,2001,9.48,
->,mrt,2001,4.4->4.98,13.18
->,mwi,2001,6.4->5.62,12.19
+++,prk,2001,10.62,
->,pse,2001,10.8->9.64,10.74
->,qat,2001,8->7.03,12.12
->,sdn,2001,7.3->6.15,15.75
->,sgp,2001,10->11.86,18.60
+++,ssd,2001,2.34,
->,tls,2001,5->6.28,25.60
->,ton,2001,11.6->10.17,12.33
+++,vct,2001,8.33,
+++,and,2002,12.74,
->,bfa,2002,2.5->2.23,10.80
->,bhr,2002,9.9->8.2,17.17
->,blz,2002,9.2->8.05,12.50
+++,brb,2002,8.47,
+++,brn,2002,13.03,
+++,btn,2002,5.13,
->,cod,2002,8.1->7.27,10.25
->,cri,2002,9.8->8.28,15.51
+++,dma,2002,9.43,
->,eth,2002,3.2->4.79,49.69
+++,fsm,2002,11,
+++,grd,2002,8.47,
->,guy,2002,9.8->8.52,13.06
->,irq,2002,7.2->7.98,10.83
+++,isl,2002,12.34,
->,kir,2002,9.9->8.1,18.18
->,kwt,2002,7.7->9.86,28.05
+++,lby,2002,6.97,
->,mar,2002,6.2->5.28,14.84
->,mdv,2002,5.6->6.31,12.68
->,mhl,2002,9.6->8.63,10.10
+++,mlt,2002,9.6,
->,mrt,2002,4.5->5.08,12.89
->,mwi,2002,6.5->5.72,12.00
+++,prk,2002,10.76,
->,pse,2002,10.9->9.76,10.46
->,qat,2002,8.1->7.15,11.73
->,sdn,2002,7.4->6.23,15.81
->,sgp,2002,10.1->12.03,19.11
+++,ssd,2002,2.4,
->,tls,2002,5.1->6.41,25.69
->,ton,2002,11.7->10.27,12.22
+++,vct,2002,8.47,
+++,and,2003,12.87,
->,bhr,2003,10.1->8.31,17.72
->,blz,2003,9.2->8.18,11.09
+++,brb,2003,8.61,
+++,brn,2003,13.15,
+++,btn,2003,5.23,
->,cri,2003,9.9->8.41,15.05
+++,dma,2003,9.57,
->,eth,2003,3.2->4.89,52.81
+++,fsm,2003,11.13,
+++,grd,2003,8.61,
->,guy,2003,9.9->8.65,12.63
->,irq,2003,7.2->8.11,12.64
+++,isl,2003,12.47,
->,kir,2003,10->8.2,18.00
->,kwt,2003,7.8->10.04,28.72
+++,lby,2003,7.1,
->,mar,2003,6.3->5.39,14.44
->,mdv,2003,5.7->6.42,12.63
+++,mlt,2003,9.72,
->,mrt,2003,4.6->5.19,12.83
->,mwi,2003,6.6->5.81,11.97
+++,prk,2003,10.9,
->,pse,2003,11->9.89,10.09
->,qat,2003,8.2->7.27,11.34
->,sdn,2003,7.5->6.32,15.73
->,sgp,2003,10.2->12.2,19.61
+++,ssd,2003,2.46,
->,tls,2003,5.3->6.54,23.40
->,ton,2003,11.8->10.37,12.12
+++,vct,2003,8.61,
+++,and,2004,13,
->,bfa,2004,2.6->2.34,10.00
->,bhr,2004,10.2->8.43,17.35
->,blz,2004,9.3->8.31,10.65
+++,brb,2004,8.75,
+++,brn,2004,13.28,
+++,btn,2004,5.34,
->,cri,2004,10->8.54,14.60
+++,dma,2004,9.71,
->,esp,2004,10.3->11.35,10.19
->,eth,2004,3.3->4.98,50.91
+++,fsm,2004,11.27,
+++,grd,2004,8.75,
->,guy,2004,10->8.78,12.20
->,irq,2004,7.2->8.24,14.44
+++,isl,2004,12.59,
->,kir,2004,10.1->8.31,17.72
->,kwt,2004,7.9->10.22,29.37
+++,lby,2004,7.23,
->,mar,2004,6.4->5.51,13.91
->,mdv,2004,5.7->6.54,14.74
+++,mlt,2004,9.85,
->,mrt,2004,4.7->5.29,12.55
->,mwi,2004,6.7->5.91,11.79
->,nld,2004,12.1->13.32,10.08
+++,prk,2004,11.03,
->,qat,2004,8.3->7.4,10.84
->,sdn,2004,7.7->6.41,16.75
->,sgp,2004,10.3->12.37,20.10
+++,ssd,2004,2.52,
->,tls,2004,5.4->6.68,23.70
->,ton,2004,11.8->10.48,11.19
+++,vct,2004,8.75,
+++,and,2005,13.12,
->,bfa,2005,2.7->2.4,11.11
->,bhr,2005,10.3->8.55,16.99
->,blz,2005,9.4->8.44,10.21
+++,brb,2005,8.88,
+++,brn,2005,13.4,
+++,btn,2005,5.45,
->,cri,2005,10.1->8.67,14.16
+++,dma,2005,9.85,
->,esp,2005,10.4->11.49,10.48
->,eth,2005,3.4->5.08,49.41
+++,fsm,2005,11.4,
+++,grd,2005,8.88,
->,guy,2005,10->8.92,10.80
->,irq,2005,7.3->8.38,14.79
+++,isl,2005,12.72,
->,kir,2005,10.2->8.42,17.45
->,kwt,2005,8->10.4,30.00
+++,lby,2005,7.36,
->,mar,2005,6.5->5.62,13.54
->,mdv,2005,5.8->6.66,14.83
+++,mlt,2005,9.97,
->,mrt,2005,4.8->5.4,12.50
->,mwi,2005,6.8->6.01,11.62
->,nld,2005,12.2->13.43,10.08
+++,prk,2005,11.17,
->,qat,2005,8.4->7.52,10.48
->,sdn,2005,7.8->6.5,16.67
->,sgp,2005,10.4->12.53,20.48
+++,ssd,2005,2.59,
->,tls,2005,5.6->6.82,21.79
->,ton,2005,11.9->10.58,11.09
+++,vct,2005,8.88,
+++,and,2006,13.25,
->,bhr,2006,10.4->8.67,16.63
+++,brb,2006,9.02,
+++,brn,2006,13.53,
+++,btn,2006,5.57,
->,cri,2006,10.2->8.81,13.63
+++,dma,2006,9.99,
->,esp,2006,10.5->11.63,10.76
->,eth,2006,3.5->5.18,48.00
+++,fsm,2006,11.53,
+++,grd,2006,9.02,
->,guy,2006,10.1->9.06,10.30
->,irq,2006,7.3->8.51,16.58
+++,isl,2006,12.84,
->,kir,2006,10.3->8.53,17.18
->,kwt,2006,8.1->10.57,30.49
+++,lby,2006,7.49,
->,mar,2006,6.6->5.74,13.03
->,mdv,2006,5.8->6.78,16.90
+++,mlt,2006,10.1,
->,mrt,2006,4.9->5.51,12.45
->,mwi,2006,7->6.11,12.71
->,nld,2006,12.3->13.55,10.16
+++,prk,2006,11.31,
->,sdn,2006,7.9->6.6,16.46
->,sgp,2006,10.5->12.69,20.86
+++,ssd,2006,2.65,
->,tls,2006,5.7->6.95,21.93
->,ton,2006,12->10.69,10.92
+++,vct,2006,9.02,
+++,and,2007,13.37,
->,bhr,2007,10.6->8.79,17.08
+++,brb,2007,9.16,
+++,brn,2007,13.65,
+++,btn,2007,5.68,
->,cri,2007,10.3->8.94,13.20
+++,dma,2007,10.13,
->,esp,2007,10.6->11.76,10.94
->,eth,2007,3.5->5.29,51.14
+++,fsm,2007,11.66,
+++,grd,2007,9.16,
->,irq,2007,7.4->8.65,16.89
+++,isl,2007,12.96,
->,kir,2007,10.4->8.64,16.92
->,kwt,2007,8.1->10.74,32.59
->,lao,2007,5.6->6.27,11.96
+++,lby,2007,7.63,
->,mar,2007,6.7->5.86,12.54
->,mdv,2007,5.9->6.9,16.95
+++,mlt,2007,10.23,
->,mrt,2007,5->5.62,12.40
->,mwi,2007,7.1->6.21,12.54
->,nld,2007,12.4->13.67,10.24
+++,prk,2007,11.45,
->,sdn,2007,8->6.69,16.37
->,sgp,2007,10.6->12.85,21.23
+++,ssd,2007,2.71,
->,tls,2007,5.8->7.09,22.24
->,ton,2007,12.1->10.8,10.74
+++,vct,2007,9.16,
+++,and,2008,13.5,
->,bfa,2008,2.9->2.59,10.69
->,bhr,2008,10.7->8.91,16.73
+++,brb,2008,9.3,
+++,brn,2008,13.77,
+++,btn,2008,5.79,
->,cri,2008,10.4->9.07,12.79
+++,dma,2008,10.27,
->,esp,2008,10.7->11.9,11.21
->,eth,2008,3.6->5.39,49.72
+++,fsm,2008,11.79,
+++,grd,2008,9.3,
->,irq,2008,7.4->8.78,18.65
+++,isl,2008,13.09,
->,kir,2008,10.5->8.76,16.57
->,kwt,2008,8.2->10.91,33.05
->,lao,2008,5.7->6.4,12.28
+++,lby,2008,7.76,
->,mar,2008,6.8->5.97,12.21
->,mdv,2008,6->7.02,17.00
+++,mlt,2008,10.36,
->,mrt,2008,5.1->5.73,12.35
->,mwi,2008,7.2->6.32,12.22
->,nld,2008,12.4->13.78,11.13
+++,prk,2008,11.58,
->,sdn,2008,8.1->6.79,16.17
->,sgp,2008,10.7->13,21.50
+++,ssd,2008,2.78,
->,tls,2008,5.9->7.23,22.54
->,ton,2008,12.2->10.91,10.57
+++,vct,2008,9.3,
+++,and,2009,13.62,
->,bhr,2009,10.8->9.03,16.39
+++,brb,2009,9.44,
+++,brn,2009,13.89,
+++,btn,2009,5.91,
->,cri,2009,10.6->9.21,13.11
+++,dma,2009,10.41,
->,esp,2009,10.8->12.04,11.48
->,eth,2009,3.7->5.49,48.38
+++,fsm,2009,11.93,
+++,grd,2009,9.44,
->,irq,2009,7.5->8.92,18.93
+++,isl,2009,13.21,
->,kir,2009,10.6->8.87,16.32
->,kwt,2009,8.3->11.07,33.37
->,lao,2009,5.8->6.52,12.41
+++,lby,2009,7.89,
->,mar,2009,6.9->6.09,11.74
->,mdv,2009,6->7.15,19.17
+++,mlt,2009,10.49,
->,mrt,2009,5.2->5.84,12.31
->,mwi,2009,7.3->6.42,12.05
->,nld,2009,12.5->13.9,11.20
+++,prk,2009,11.72,
->,sdn,2009,8.2->6.9,15.85
->,sgp,2009,10.8->13.15,21.76
+++,ssd,2009,2.85,
->,tls,2009,6.1->7.37,20.82
+++,vct,2009,9.44,
+++,afg,2010,3.68,
+++,ago,2010,6.61,
+++,alb,2010,11.3,
+++,and,2010,13.74,
+++,are,2010,11.74,
+++,arg,2010,11.37,
+++,arm,2010,11.88,
+++,atg,2010,12.54,
+++,aus,2010,13.54,
+++,aut,2010,12.54,
+++,aze,2010,12.43,
+++,bdi,2010,4.88,
+++,bel,2010,13.29,
+++,ben,2010,5.04,
+++,bfa,2010,2.72,
+++,bgd,2010,5.93,
+++,bgr,2010,12.19,
+++,bhr,2010,9.15,
+++,bhs,2010,12.08,
+++,bih,2010,10.61,
+++,blr,2010,13.47,
+++,blz,2010,9.11,
+++,bol,2010,10.1,
+++,bra,2010,7.83,
+++,brb,2010,9.58,
+++,brn,2010,14.01,
+++,btn,2010,6.03,
+++,bwa,2010,7,
+++,caf,2010,6.55,
+++,can,2010,14.89,
+++,che,2010,14.05,
+++,chl,2010,12.11,
+++,chn,2010,10.33,
+++,civ,2010,5.84,
+++,cmr,2010,8.3,
+++,cod,2010,8.28,
+++,cog,2010,9.61,
+++,col,2010,9.4,
+++,com,2010,6.85,
+++,cpv,2010,6.34,
+++,cri,2010,9.34,
+++,cub,2010,11.82,
+++,cyp,2010,13.56,
+++,cze,2010,13.54,
+++,deu,2010,13.39,
+++,dji,2010,7.73,
+++,dma,2010,10.55,
+++,dnk,2010,13.99,
+++,dom,2010,9.35,
+++,dza,2010,7.81,
+++,ecu,2010,10,
+++,egy,2010,10.33,
+++,eri,2010,5.78,
+++,esp,2010,12.17,
+++,est,2010,12.77,
+++,eth,2010,5.59,
+++,fin,2010,13.65,
+++,fji,2010,10.98,
+++,fra,2010,12.62,
+++,fsm,2010,12.06,
+++,gab,2010,9.58,
+++,gbr,2010,13.99,
+++,geo,2010,13.36,
+++,gha,2010,8.47,
+++,gin,2010,4.5,
+++,gmb,2010,5.91,
+++,gnb,2010,4.48,
+++,gnq,2010,9.08,
+++,grc,2010,12.73,
+++,grd,2010,9.58,
+++,gtm,2010,6.91,
+++,guy,2010,9.61,
+++,hnd,2010,7.26,
+++,hrv,2010,11.15,
+++,hti,2010,7.52,
+++,hun,2010,12.76,
+++,idn,2010,9.43,
+++,ind,2010,7.87,
+++,irl,2010,13.23,
+++,irn,2010,10.49,
+++,irq,2010,9.05,
+++,isl,2010,13.33,
+++,isr,2010,14.57,
+++,ita,2010,13.16,
+++,jam,2010,11.26,
+++,jor,2010,11.77,
+++,jpn,2010,14.62,
+++,kaz,2010,12.77,
+++,ken,2010,9.46,
+++,kgz,2010,12.63,
+++,khm,2010,6.65,
+++,kir,2010,8.99,
+++,kor,2010,14.21,
+++,kwt,2010,11.24,
+++,lao,2010,6.65,
+++,lbn,2010,10.09,
+++,lbr,2010,6.54,
+++,lby,2010,8.03,
+++,lca,2010,10.24,
+++,lka,2010,10.47,
+++,lso,2010,7.45,
+++,ltu,2010,13.03,
+++,lux,2010,13.09,
+++,lva,2010,12.91,
+++,mar,2010,6.21,
+++,mda,2010,12.17,
+++,mdg,2010,6.35,
+++,mdv,2010,7.27,
+++,mex,2010,10.13,
+++,mhl,2010,9.74,
+++,mkd,2010,11.69,
+++,mli,2010,2.66,
+++,mlt,2010,10.62,
+++,mmr,2010,6.82,
+++,mne,2010,12.22,
+++,mng,2010,10.18,
+++,moz,2010,4.72,
+++,mrt,2010,5.95,
+++,mus,2010,9.71,
+++,mwi,2010,6.53,
+++,mys,2010,11.03,
+++,nam,2010,8.49,
+++,ner,2010,2.56,
+++,nga,2010,8.47,
+++,nic,2010,7.38,
+++,nld,2010,14.01,
+++,nor,2010,14.36,
+++,npl,2010,6.56,
+++,nzl,2010,13.86,
+++,omn,2010,8.97,
+++,pak,2010,6.91,
+++,pan,2010,10.78,
+++,per,2010,11.39,
+++,phl,2010,10.31,
+++,png,2010,7.61,
+++,pol,2010,13.48,
+++,prk,2010,11.86,
+++,prt,2010,9.8,
+++,pry,2010,8.6,
+++,pse,2010,10.79,
+++,qat,2010,8.17,
+++,rou,2010,12.99,
+++,rus,2010,13.34,
+++,rwa,2010,5.63,
+++,sau,2010,11.81,
+++,sdn,2010,7,
+++,sen,2010,4.42,
+++,sgp,2010,13.29,
+++,slb,2010,8.19,
+++,sle,2010,4.34,
+++,slv,2010,8.65,
+++,som,2010,3.49,
+++,srb,2010,11.84,
+++,ssd,2010,2.92,
+++,stp,2010,6.99,
+++,sur,2010,9.31,
+++,svk,2010,12.96,
+++,svn,2010,12.81,
+++,swe,2010,13.93,
+++,swz,2010,9,
+++,syc,2010,10.83,
+++,syr,2010,9.22,
+++,tcd,2010,4.3,
+++,tgo,2010,6.86,
+++,tha,2010,9.15,
+++,tjk,2010,11.94,
+++,tkm,2010,13.18,
+++,tls,2010,7.5,
+++,ton,2010,11.14,
+++,tto,2010,11.83,
+++,tun,2010,10.41,
+++,tur,2010,9.6,
+++,twn,2010,13.33,
+++,tza,2010,7.36,
+++,uga,2010,7.52,
+++,ukr,2010,13.4,
+++,ury,2010,10.35,
+++,usa,2010,14.1,
+++,uzb,2010,12.12,
+++,vct,2010,9.58,
+++,ven,2010,9.84,
+++,vnm,2010,9.02,
+++,vut,2010,8.67,
+++,wsm,2010,11.66,
+++,yem,2010,7.07,
+++,zaf,2010,10.33,
+++,zmb,2010,8.47,
+++,zwe,2010,10.41,
+++,afg,2011,3.76,
+++,ago,2011,6.73,
+++,alb,2011,11.43,
+++,and,2011,13.86,
+++,are,2011,11.9,
+++,arg,2011,11.5,
+++,arm,2011,12.01,
+++,atg,2011,12.67,
+++,aus,2011,13.66,
+++,aut,2011,12.66,
+++,aze,2011,12.55,
+++,bdi,2011,4.99,
+++,bel,2011,13.41,
+++,ben,2011,5.14,
+++,bfa,2011,2.79,
+++,bgd,2011,6.05,
+++,bgr,2011,12.31,
+++,bhr,2011,9.28,
+++,bhs,2011,12.21,
+++,bih,2011,10.75,
+++,blr,2011,13.61,
+++,blz,2011,9.25,
+++,bol,2011,10.23,
+++,bra,2011,7.96,
+++,brb,2011,9.72,
+++,brn,2011,14.13,
+++,btn,2011,6.15,
+++,bwa,2011,7.13,
+++,caf,2011,6.67,
+++,can,2011,14.98,
+++,che,2011,14.16,
+++,chl,2011,12.24,
+++,chn,2011,10.47,
+++,civ,2011,5.95,
+++,cmr,2011,8.42,
+++,cod,2011,8.41,
+++,cog,2011,9.74,
+++,col,2011,9.53,
+++,com,2011,6.98,
+++,cpv,2011,6.46,
+++,cri,2011,9.48,
+++,cub,2011,11.96,
+++,cyp,2011,13.68,
+++,cze,2011,13.65,
+++,deu,2011,13.51,
+++,dji,2011,7.87,
+++,dma,2011,10.69,
+++,dnk,2011,14.1,
+++,dom,2011,9.48,
+++,dza,2011,7.95,
+++,ecu,2011,10.14,
+++,egy,2011,10.46,
+++,eri,2011,5.89,
+++,esp,2011,12.31,
+++,est,2011,12.9,
+++,eth,2011,5.69,
+++,fin,2011,13.77,
+++,fji,2011,11.11,
+++,fra,2011,12.75,
+++,fsm,2011,12.19,
+++,gab,2011,9.7,
+++,gbr,2011,14.11,
+++,geo,2011,13.48,
+++,gha,2011,8.6,
+++,gin,2011,4.61,
+++,gmb,2011,6.03,
+++,gnb,2011,4.58,
+++,gnq,2011,9.22,
+++,grc,2011,12.86,
+++,grd,2011,9.72,
+++,gtm,2011,7.03,
+++,guy,2011,9.74,
+++,hnd,2011,7.39,
+++,hrv,2011,11.28,
+++,hti,2011,7.66,
+++,hun,2011,12.88,
+++,idn,2011,9.57,
+++,ind,2011,8,
+++,irl,2011,13.35,
+++,irn,2011,10.64,
+++,irq,2011,9.19,
+++,isl,2011,13.44,
+++,isr,2011,14.67,
+++,ita,2011,13.28,
+++,jam,2011,11.39,
+++,jor,2011,11.89,
+++,jpn,2011,14.73,
+++,kaz,2011,12.89,
+++,ken,2011,9.58,
+++,kgz,2011,12.74,
+++,khm,2011,6.77,
+++,kir,2011,9.11,
+++,kor,2011,14.33,
+++,kwt,2011,11.4,
+++,lao,2011,6.78,
+++,lbn,2011,10.23,
+++,lbr,2011,6.67,
+++,lby,2011,8.16,
+++,lca,2011,10.38,
+++,lka,2011,10.6,
+++,lso,2011,7.58,
+++,ltu,2011,13.14,
+++,lux,2011,13.22,
+++,lva,2011,13.02,
+++,mar,2011,6.34,
+++,mda,2011,12.3,
+++,mdg,2011,6.47,
+++,mdv,2011,7.4,
+++,mex,2011,10.27,
+++,mhl,2011,9.88,
+++,mkd,2011,11.82,
+++,mli,2011,2.73,
+++,mlt,2011,10.75,
+++,mmr,2011,6.94,
+++,mne,2011,12.36,
+++,mng,2011,10.31,
+++,moz,2011,4.83,
+++,mrt,2011,6.06,
+++,mus,2011,9.85,
+++,mwi,2011,6.63,
+++,mys,2011,11.16,
+++,nam,2011,8.63,
+++,ner,2011,2.63,
+++,nga,2011,8.61,
+++,nic,2011,7.51,
+++,nld,2011,14.12,
+++,nor,2011,14.47,
+++,npl,2011,6.68,
+++,nzl,2011,13.98,
+++,omn,2011,9.11,
+++,pak,2011,7.04,
+++,pan,2011,10.91,
+++,per,2011,11.52,
+++,phl,2011,10.43,
+++,png,2011,7.74,
+++,pol,2011,13.59,
+++,prk,2011,11.99,
+++,prt,2011,9.95,
+++,pry,2011,8.73,
+++,pse,2011,10.93,
+++,qat,2011,8.3,
+++,rou,2011,13.11,
+++,rus,2011,13.46,
+++,rwa,2011,5.74,
+++,sau,2011,11.94,
+++,sdn,2011,7.11,
+++,sen,2011,4.51,
+++,sgp,2011,13.44,
+++,slb,2011,8.34,
+++,sle,2011,4.44,
+++,slv,2011,8.78,
+++,som,2011,3.58,
+++,srb,2011,11.98,
+++,ssd,2011,2.99,
+++,stp,2011,7.12,
+++,sur,2011,9.45,
+++,svk,2011,13.07,
+++,svn,2011,12.93,
+++,swe,2011,14.05,
+++,swz,2011,9.14,
+++,syc,2011,10.96,
+++,syr,2011,9.35,
+++,tcd,2011,4.4,
+++,tgo,2011,6.99,
+++,tha,2011,9.29,
+++,tjk,2011,12.05,
+++,tkm,2011,13.31,
+++,tls,2011,7.64,
+++,ton,2011,11.26,
+++,tto,2011,11.96,
+++,tun,2011,10.55,
+++,tur,2011,9.74,
+++,twn,2011,13.44,
+++,tza,2011,7.48,
+++,uga,2011,7.65,
+++,ukr,2011,13.54,
+++,ury,2011,10.47,
+++,usa,2011,14.19,
+++,uzb,2011,12.24,
+++,vct,2011,9.72,
+++,ven,2011,9.97,
+++,vnm,2011,9.16,
+++,vut,2011,8.81,
+++,wsm,2011,11.79,
+++,yem,2011,7.22,
+++,zaf,2011,10.47,
+++,zmb,2011,8.6,
+++,zwe,2011,10.54,
+++,afg,2012,3.85,
+++,ago,2012,6.86,
+++,alb,2012,11.56,
+++,and,2012,13.98,
+++,are,2012,12.05,
+++,arg,2012,11.63,
+++,arm,2012,12.13,
+++,atg,2012,12.8,
+++,aus,2012,13.78,
+++,aut,2012,12.77,
+++,aze,2012,12.66,
+++,bdi,2012,5.09,
+++,bel,2012,13.53,
+++,ben,2012,5.25,
+++,bfa,2012,2.86,
+++,bgd,2012,6.17,
+++,bgr,2012,12.42,
+++,bhr,2012,9.41,
+++,bhs,2012,12.35,
+++,bih,2012,10.89,
+++,blr,2012,13.75,
+++,blz,2012,9.38,
+++,bol,2012,10.37,
+++,bra,2012,8.09,
+++,brb,2012,9.86,
+++,brn,2012,14.24,
+++,btn,2012,6.27,
+++,bwa,2012,7.26,
+++,caf,2012,6.79,
+++,can,2012,15.07,
+++,che,2012,14.27,
+++,chl,2012,12.37,
+++,chn,2012,10.6,
+++,civ,2012,6.06,
+++,cmr,2012,8.55,
+++,cod,2012,8.55,
+++,cog,2012,9.87,
+++,col,2012,9.67,
+++,com,2012,7.11,
+++,cpv,2012,6.58,
+++,cri,2012,9.62,
+++,cub,2012,12.09,
+++,cyp,2012,13.79,
+++,cze,2012,13.75,
+++,deu,2012,13.63,
+++,dji,2012,8,
+++,dma,2012,10.83,
+++,dnk,2012,14.21,
+++,dom,2012,9.61,
+++,dza,2012,8.09,
+++,ecu,2012,10.28,
+++,egy,2012,10.6,
+++,eri,2012,6.01,
+++,esp,2012,12.44,
+++,est,2012,13.02,
+++,eth,2012,5.8,
+++,fin,2012,13.88,
+++,fji,2012,11.24,
+++,fra,2012,12.87,
+++,fsm,2012,12.32,
+++,gab,2012,9.83,
+++,gbr,2012,14.22,
+++,geo,2012,13.6,
+++,gha,2012,8.73,
+++,gin,2012,4.71,
+++,gmb,2012,6.14,
+++,gnb,2012,4.69,
+++,gnq,2012,9.36,
+++,grc,2012,12.98,
+++,grd,2012,9.86,
+++,gtm,2012,7.16,
+++,guy,2012,9.88,
+++,hnd,2012,7.52,
+++,hrv,2012,11.41,
+++,hti,2012,7.79,
+++,hun,2012,13,
+++,idn,2012,9.71,
+++,ind,2012,8.13,
+++,irl,2012,13.48,
+++,irn,2012,10.78,
+++,irq,2012,9.33,
+++,isl,2012,13.56,
+++,isr,2012,14.78,
+++,ita,2012,13.4,
+++,jam,2012,11.53,
+++,jor,2012,12.02,
+++,jpn,2012,14.83,
+++,kaz,2012,13.01,
+++,ken,2012,9.71,
+++,kgz,2012,12.86,
+++,khm,2012,6.9,
+++,kir,2012,9.23,
+++,kor,2012,14.44,
+++,kwt,2012,11.55,
+++,lao,2012,6.91,
+++,lbn,2012,10.37,
+++,lbr,2012,6.79,
+++,lby,2012,8.3,
+++,lca,2012,10.52,
+++,lka,2012,10.73,
+++,lso,2012,7.71,
+++,ltu,2012,13.24,
+++,lux,2012,13.34,
+++,lva,2012,13.14,
+++,mar,2012,6.46,
+++,mda,2012,12.43,
+++,mdg,2012,6.59,
+++,mdv,2012,7.53,
+++,mex,2012,10.4,
+++,mhl,2012,10.02,
+++,mkd,2012,11.95,
+++,mli,2012,2.79,
+++,mlt,2012,10.89,
+++,mmr,2012,7.07,
+++,mne,2012,12.49,
+++,mng,2012,10.44,
+++,moz,2012,4.93,
+++,mrt,2012,6.18,
+++,mus,2012,9.98,
+++,mwi,2012,6.74,
+++,mys,2012,11.3,
+++,nam,2012,8.77,
+++,ner,2012,2.69,
+++,nga,2012,8.74,
+++,nic,2012,7.64,
+++,nld,2012,14.23,
+++,nor,2012,14.58,
+++,npl,2012,6.81,
+++,nzl,2012,14.09,
+++,omn,2012,9.25,
+++,pak,2012,7.16,
+++,pan,2012,11.04,
+++,per,2012,11.64,
+++,phl,2012,10.55,
+++,png,2012,7.88,
+++,pol,2012,13.71,
+++,prk,2012,12.13,
+++,prt,2012,10.09,
+++,pry,2012,8.86,
+++,pse,2012,11.06,
+++,qat,2012,8.43,
+++,rou,2012,13.22,
+++,rus,2012,13.57,
+++,rwa,2012,5.85,
+++,sau,2012,12.07,
+++,sdn,2012,7.22,
+++,sen,2012,4.61,
+++,sgp,2012,13.58,
+++,slb,2012,8.48,
+++,sle,2012,4.54,
+++,slv,2012,8.92,
+++,som,2012,3.66,
+++,srb,2012,12.12,
+++,ssd,2012,3.06,
+++,stp,2012,7.25,
+++,sur,2012,9.59,
+++,svk,2012,13.17,
+++,svn,2012,13.05,
+++,swe,2012,14.16,
+++,swz,2012,9.28,
+++,syc,2012,11.09,
+++,syr,2012,9.49,
+++,tcd,2012,4.5,
+++,tgo,2012,7.12,
+++,tha,2012,9.42,
+++,tjk,2012,12.16,
+++,tkm,2012,13.43,
+++,tls,2012,7.78,
+++,ton,2012,11.38,
+++,tto,2012,12.09,
+++,tun,2012,10.69,
+++,tur,2012,9.88,
+++,twn,2012,13.56,
+++,tza,2012,7.6,
+++,uga,2012,7.78,
+++,ukr,2012,13.68,
+++,ury,2012,10.6,
+++,usa,2012,14.29,
+++,uzb,2012,12.36,
+++,vct,2012,9.86,
+++,ven,2012,10.11,
+++,vnm,2012,9.29,
+++,vut,2012,8.95,
+++,wsm,2012,11.93,
+++,yem,2012,7.37,
+++,zaf,2012,10.6,
+++,zmb,2012,8.72,
+++,zwe,2012,10.68,
+++,afg,2013,3.94,
+++,ago,2013,6.98,
+++,alb,2013,11.7,
+++,and,2013,14.1,
+++,are,2013,12.2,
+++,arg,2013,11.76,
+++,arm,2013,12.26,
+++,atg,2013,12.93,
+++,aus,2013,13.9,
+++,aut,2013,12.89,
+++,aze,2013,12.78,
+++,bdi,2013,5.2,
+++,bel,2013,13.65,
+++,ben,2013,5.36,
+++,bfa,2013,2.93,
+++,bgd,2013,6.29,
+++,bgr,2013,12.54,
+++,bhr,2013,9.54,
+++,bhs,2013,12.48,
+++,bih,2013,11.04,
+++,blr,2013,13.88,
+++,blz,2013,9.52,
+++,bol,2013,10.51,
+++,bra,2013,8.22,
+++,brb,2013,10,
+++,brn,2013,14.36,
+++,btn,2013,6.39,
+++,bwa,2013,7.4,
+++,caf,2013,6.91,
+++,can,2013,15.16,
+++,che,2013,14.38,
+++,chl,2013,12.5,
+++,chn,2013,10.74,
+++,civ,2013,6.17,
+++,cmr,2013,8.68,
+++,cod,2013,8.68,
+++,cog,2013,10,
+++,col,2013,9.81,
+++,com,2013,7.24,
+++,cpv,2013,6.71,
+++,cri,2013,9.75,
+++,cub,2013,12.23,
+++,cyp,2013,13.9,
+++,cze,2013,13.86,
+++,deu,2013,13.75,
+++,dji,2013,8.13,
+++,dma,2013,10.97,
+++,dnk,2013,14.32,
+++,dom,2013,9.75,
+++,dza,2013,8.24,
+++,ecu,2013,10.41,
+++,egy,2013,10.73,
+++,eri,2013,6.13,
+++,esp,2013,12.57,
+++,est,2013,13.14,
+++,eth,2013,5.9,
+++,fin,2013,14,
+++,fji,2013,11.38,
+++,fra,2013,13,
+++,fsm,2013,12.45,
+++,gab,2013,9.95,
+++,gbr,2013,14.34,
+++,geo,2013,13.72,
+++,gha,2013,8.85,
+++,gin,2013,4.81,
+++,gmb,2013,6.26,
+++,gnb,2013,4.79,
+++,gnq,2013,9.5,
+++,grc,2013,13.11,
+++,grd,2013,10,
+++,gtm,2013,7.29,
+++,guy,2013,10.02,
+++,hnd,2013,7.65,
+++,hrv,2013,11.53,
+++,hti,2013,7.93,
+++,hun,2013,13.12,
+++,idn,2013,9.85,
+++,ind,2013,8.26,
+++,irl,2013,13.6,
+++,irn,2013,10.93,
+++,irq,2013,9.46,
+++,isl,2013,13.68,
+++,isr,2013,14.88,
+++,ita,2013,13.52,
+++,jam,2013,11.66,
+++,jor,2013,12.15,
+++,jpn,2013,14.94,
+++,kaz,2013,13.13,
+++,ken,2013,9.83,
+++,kgz,2013,12.97,
+++,khm,2013,7.03,
+++,kir,2013,9.36,
+++,kor,2013,14.55,
+++,kwt,2013,11.71,
+++,lao,2013,7.05,
+++,lbn,2013,10.51,
+++,lbr,2013,6.92,
+++,lby,2013,8.43,
+++,lca,2013,10.66,
+++,lka,2013,10.87,
+++,lso,2013,7.85,
+++,ltu,2013,13.35,
+++,lux,2013,13.46,
+++,lva,2013,13.25,
+++,mar,2013,6.58,
+++,mda,2013,12.56,
+++,mdg,2013,6.71,
+++,mdv,2013,7.66,
+++,mex,2013,10.54,
+++,mhl,2013,10.16,
+++,mkd,2013,12.07,
+++,mli,2013,2.86,
+++,mlt,2013,11.02,
+++,mmr,2013,7.2,
+++,mne,2013,12.62,
+++,mng,2013,10.58,
+++,moz,2013,5.04,
+++,mrt,2013,6.29,
+++,mus,2013,10.12,
+++,mwi,2013,6.85,
+++,mys,2013,11.43,
+++,nam,2013,8.91,
+++,ner,2013,2.76,
+++,nga,2013,8.87,
+++,nic,2013,7.77,
+++,nld,2013,14.34,
+++,nor,2013,14.69,
+++,npl,2013,6.93,
+++,nzl,2013,14.21,
+++,omn,2013,9.39,
+++,pak,2013,7.29,
+++,pan,2013,11.17,
+++,per,2013,11.77,
+++,phl,2013,10.67,
+++,png,2013,8.01,
+++,pol,2013,13.82,
+++,prk,2013,12.26,
+++,prt,2013,10.24,
+++,pry,2013,8.99,
+++,pse,2013,11.19,
+++,qat,2013,8.57,
+++,rou,2013,13.34,
+++,rus,2013,13.68,
+++,rwa,2013,5.97,
+++,sau,2013,12.21,
+++,sdn,2013,7.33,
+++,sen,2013,4.71,
+++,sgp,2013,13.71,
+++,slb,2013,8.63,
+++,sle,2013,4.64,
+++,slv,2013,9.06,
+++,som,2013,3.74,
+++,srb,2013,12.25,
+++,ssd,2013,3.13,
+++,stp,2013,7.38,
+++,sur,2013,9.73,
+++,svk,2013,13.28,
+++,svn,2013,13.18,
+++,swe,2013,14.27,
+++,swz,2013,9.42,
+++,syc,2013,11.22,
+++,syr,2013,9.63,
+++,tcd,2013,4.59,
+++,tgo,2013,7.25,
+++,tha,2013,9.56,
+++,tjk,2013,12.27,
+++,tkm,2013,13.55,
+++,tls,2013,7.92,
+++,ton,2013,11.5,
+++,tto,2013,12.22,
+++,tun,2013,10.82,
+++,tur,2013,10.02,
+++,twn,2013,13.68,
+++,tza,2013,7.72,
+++,uga,2013,7.91,
+++,ukr,2013,13.81,
+++,ury,2013,10.72,
+++,usa,2013,14.39,
+++,uzb,2013,12.48,
+++,vct,2013,10,
+++,ven,2013,10.24,
+++,vnm,2013,9.42,
+++,vut,2013,9.09,
+++,wsm,2013,12.06,
+++,yem,2013,7.51,
+++,zaf,2013,10.74,
+++,zmb,2013,8.85,
+++,zwe,2013,10.81,
+++,afg,2014,4.04,
+++,ago,2014,7.11,
+++,alb,2014,11.83,
+++,and,2014,14.21,
+++,are,2014,12.34,
+++,arg,2014,11.89,
+++,arm,2014,12.39,
+++,atg,2014,13.06,
+++,aus,2014,14.03,
+++,aut,2014,13.01,
+++,aze,2014,12.9,
+++,bdi,2014,5.31,
+++,bel,2014,13.77,
+++,ben,2014,5.47,
+++,bfa,2014,3,
+++,bgd,2014,6.41,
+++,bgr,2014,12.66,
+++,bhr,2014,9.66,
+++,bhs,2014,12.61,
+++,bih,2014,11.18,
+++,blr,2014,14.01,
+++,blz,2014,9.66,
+++,bol,2014,10.64,
+++,bra,2014,8.36,
+++,brb,2014,10.14,
+++,brn,2014,14.47,
+++,btn,2014,6.51,
+++,bwa,2014,7.53,
+++,caf,2014,7.04,
+++,can,2014,15.26,
+++,che,2014,14.48,
+++,chl,2014,12.63,
+++,chn,2014,10.87,
+++,civ,2014,6.29,
+++,cmr,2014,8.81,
+++,cod,2014,8.81,
+++,cog,2014,10.13,
+++,col,2014,9.94,
+++,com,2014,7.38,
+++,cpv,2014,6.83,
+++,cri,2014,9.89,
+++,cub,2014,12.36,
+++,cyp,2014,14.02,
+++,cze,2014,13.96,
+++,deu,2014,13.86,
+++,dji,2014,8.27,
+++,dma,2014,11.1,
+++,dnk,2014,14.43,
+++,dom,2014,9.88,
+++,dza,2014,8.38,
+++,ecu,2014,10.55,
+++,egy,2014,10.86,
+++,eri,2014,6.25,
+++,esp,2014,12.71,
+++,est,2014,13.26,
+++,eth,2014,6.01,
+++,fin,2014,14.11,
+++,fji,2014,11.51,
+++,fra,2014,13.12,
+++,fsm,2014,12.58,
+++,gab,2014,10.08,
+++,gbr,2014,14.45,
+++,geo,2014,13.84,
+++,gha,2014,8.98,
+++,gin,2014,4.92,
+++,gmb,2014,6.38,
+++,gnb,2014,4.9,
+++,gnq,2014,9.63,
+++,grc,2014,13.23,
+++,grd,2014,10.14,
+++,gtm,2014,7.42,
+++,guy,2014,10.16,
+++,hnd,2014,7.78,
+++,hrv,2014,11.66,
+++,hti,2014,8.06,
+++,hun,2014,13.24,
+++,idn,2014,9.99,
+++,ind,2014,8.4,
+++,irl,2014,13.72,
+++,irn,2014,11.07,
+++,irq,2014,9.6,
+++,isl,2014,13.79,
+++,isr,2014,14.98,
+++,ita,2014,13.64,
+++,jam,2014,11.8,
+++,jor,2014,12.27,
+++,jpn,2014,15.04,
+++,kaz,2014,13.25,
+++,ken,2014,9.96,
+++,kgz,2014,13.08,
+++,khm,2014,7.16,
+++,kir,2014,9.48,
+++,kor,2014,14.66,
+++,kwt,2014,11.86,
+++,lao,2014,7.18,
+++,lbn,2014,10.65,
+++,lbr,2014,7.05,
+++,lby,2014,8.57,
+++,lca,2014,10.79,
+++,lka,2014,11,
+++,lso,2014,7.98,
+++,ltu,2014,13.46,
+++,lux,2014,13.58,
+++,lva,2014,13.36,
+++,mar,2014,6.71,
+++,mda,2014,12.69,
+++,mdg,2014,6.84,
+++,mdv,2014,7.79,
+++,mex,2014,10.67,
+++,mhl,2014,10.29,
+++,mkd,2014,12.2,
+++,mli,2014,2.93,
+++,mlt,2014,11.15,
+++,mmr,2014,7.33,
+++,mne,2014,12.75,
+++,mng,2014,10.71,
+++,moz,2014,5.15,
+++,mrt,2014,6.41,
+++,mus,2014,10.26,
+++,mwi,2014,6.96,
+++,mys,2014,11.57,
+++,nam,2014,9.05,
+++,ner,2014,2.82,
+++,nga,2014,9,
+++,nic,2014,7.9,
+++,nld,2014,14.45,
+++,nor,2014,14.8,
+++,npl,2014,7.06,
+++,nzl,2014,14.32,
+++,omn,2014,9.53,
+++,pak,2014,7.42,
+++,pan,2014,11.31,
+++,per,2014,11.89,
+++,phl,2014,10.79,
+++,png,2014,8.15,
+++,pol,2014,13.93,
+++,prk,2014,12.39,
+++,prt,2014,10.38,
+++,pry,2014,9.13,
+++,pse,2014,11.32,
+++,qat,2014,8.7,
+++,rou,2014,13.45,
+++,rus,2014,13.8,
+++,rwa,2014,6.08,
+++,sau,2014,12.34,
+++,sdn,2014,7.44,
+++,sen,2014,4.8,
+++,sgp,2014,13.85,
+++,slb,2014,8.78,
+++,sle,2014,4.74,
+++,slv,2014,9.2,
+++,som,2014,3.83,
+++,srb,2014,12.39,
+++,ssd,2014,3.21,
+++,stp,2014,7.51,
+++,sur,2014,9.87,
+++,svk,2014,13.39,
+++,svn,2014,13.3,
+++,swe,2014,14.38,
+++,swz,2014,9.56,
+++,syc,2014,11.35,
+++,syr,2014,9.77,
+++,tcd,2014,4.69,
+++,tgo,2014,7.39,
+++,tha,2014,9.69,
+++,tjk,2014,12.38,
+++,tkm,2014,13.67,
+++,tls,2014,8.06,
+++,ton,2014,11.62,
+++,tto,2014,12.35,
+++,tun,2014,10.96,
+++,tur,2014,10.16,
+++,twn,2014,13.79,
+++,tza,2014,7.84,
+++,uga,2014,8.04,
+++,ukr,2014,13.94,
+++,ury,2014,10.85,
+++,usa,2014,14.49,
+++,uzb,2014,12.6,
+++,vct,2014,10.14,
+++,ven,2014,10.38,
+++,vnm,2014,9.56,
+++,vut,2014,9.23,
+++,wsm,2014,12.19,
+++,yem,2014,7.66,
+++,zaf,2014,10.87,
+++,zmb,2014,8.98,
+++,zwe,2014,10.94,
+++,afg,2015,4.13,
+++,ago,2015,7.24,
+++,alb,2015,11.96,
+++,and,2015,14.33,
+++,are,2015,12.49,
+++,arg,2015,12.01,
+++,arm,2015,12.52,
+++,atg,2015,13.18,
+++,aus,2015,14.15,
+++,aut,2015,13.13,
+++,aze,2015,13.02,
+++,bdi,2015,5.43,
+++,bel,2015,13.89,
+++,ben,2015,5.59,
+++,bfa,2015,3.07,
+++,bgd,2015,6.53,
+++,bgr,2015,12.78,
+++,bhr,2015,9.79,
+++,bhs,2015,12.74,
+++,bih,2015,11.32,
+++,blr,2015,14.14,
+++,blz,2015,9.79,
+++,bol,2015,10.78,
+++,bra,2015,8.49,
+++,brb,2015,10.28,
+++,brn,2015,14.58,
+++,btn,2015,6.63,
+++,bwa,2015,7.67,
+++,caf,2015,7.17,
+++,can,2015,15.35,
+++,che,2015,14.59,
+++,chl,2015,12.76,
+++,chn,2015,11.01,
+++,civ,2015,6.4,
+++,cmr,2015,8.93,
+++,cod,2015,8.94,
+++,cog,2015,10.26,
+++,col,2015,10.08,
+++,com,2015,7.51,
+++,cpv,2015,6.96,
+++,cri,2015,10.03,
+++,cub,2015,12.49,
+++,cyp,2015,14.13,
+++,cze,2015,14.07,
+++,deu,2015,13.98,
+++,dji,2015,8.4,
+++,dma,2015,11.24,
+++,dnk,2015,14.54,
+++,dom,2015,10.02,
+++,dza,2015,8.52,
+++,ecu,2015,10.69,
+++,egy,2015,10.99,
+++,eri,2015,6.38,
+++,esp,2015,12.84,
+++,est,2015,13.38,
+++,eth,2015,6.12,
+++,fin,2015,14.22,
+++,fji,2015,11.64,
+++,fra,2015,13.24,
+++,fsm,2015,12.71,
+++,gab,2015,10.2,
+++,gbr,2015,14.56,
+++,geo,2015,13.95,
+++,gha,2015,9.11,
+++,gin,2015,5.03,
+++,gmb,2015,6.5,
+++,gnb,2015,5,
+++,gnq,2015,9.77,
+++,grc,2015,13.36,
+++,grd,2015,10.28,
+++,gtm,2015,7.55,
+++,guy,2015,10.3,
+++,hnd,2015,7.91,
+++,hrv,2015,11.79,
+++,hti,2015,8.2,
+++,hun,2015,13.36,
+++,idn,2015,10.12,
+++,ind,2015,8.53,
+++,irl,2015,13.84,
+++,irn,2015,11.21,
+++,irq,2015,9.73,
+++,isl,2015,13.91,
+++,isr,2015,15.08,
+++,ita,2015,13.75,
+++,jam,2015,11.93,
+++,jor,2015,12.4,
+++,jpn,2015,15.14,
+++,kaz,2015,13.36,
+++,ken,2015,10.09,
+++,kgz,2015,13.2,
+++,khm,2015,7.29,
+++,kir,2015,9.61,
+++,kor,2015,14.77,
+++,kwt,2015,12.01,
+++,lao,2015,7.31,
+++,lbn,2015,10.79,
+++,lbr,2015,7.18,
+++,lby,2015,8.71,
+++,lca,2015,10.93,
+++,lka,2015,11.13,
+++,lso,2015,8.12,
+++,ltu,2015,13.57,
+++,lux,2015,13.7,
+++,lva,2015,13.48,
+++,mar,2015,6.83,
+++,mda,2015,12.82,
+++,mdg,2015,6.96,
+++,mdv,2015,7.92,
+++,mex,2015,10.81,
+++,mhl,2015,10.43,
+++,mkd,2015,12.33,
+++,mli,2015,3,
+++,mlt,2015,11.28,
+++,mmr,2015,7.47,
+++,mne,2015,12.88,
+++,mng,2015,10.84,
+++,moz,2015,5.26,
+++,mrt,2015,6.53,
+++,mus,2015,10.39,
+++,mwi,2015,7.08,
+++,mys,2015,11.7,
+++,nam,2015,9.18,
+++,ner,2015,2.89,
+++,nga,2015,9.14,
+++,nic,2015,8.04,
+++,nld,2015,14.56,
+++,nor,2015,14.9,
+++,npl,2015,7.19,
+++,nzl,2015,14.43,
+++,omn,2015,9.67,
+++,pak,2015,7.55,
+++,pan,2015,11.44,
+++,per,2015,12.02,
+++,phl,2015,10.91,
+++,png,2015,8.28,
+++,pol,2015,14.05,
+++,prk,2015,12.52,
+++,prt,2015,10.52,
+++,pry,2015,9.26,
+++,pse,2015,11.45,
+++,qat,2015,8.84,
+++,rou,2015,13.57,
+++,rus,2015,13.91,
+++,rwa,2015,6.2,
+++,sau,2015,12.47,
+++,sdn,2015,7.56,
+++,sen,2015,4.9,
+++,sgp,2015,13.98,
+++,slb,2015,8.92,
+++,sle,2015,4.85,
+++,slv,2015,9.34,
+++,som,2015,3.92,
+++,srb,2015,12.52,
+++,ssd,2015,3.29,
+++,stp,2015,7.64,
+++,sur,2015,10.01,
+++,svk,2015,13.5,
+++,svn,2015,13.42,
+++,swe,2015,14.49,
+++,swz,2015,9.7,
+++,syc,2015,11.48,
+++,syr,2015,9.91,
+++,tcd,2015,4.79,
+++,tgo,2015,7.52,
+++,tha,2015,9.83,
+++,tjk,2015,12.5,
+++,tkm,2015,13.79,
+++,tls,2015,8.2,
+++,ton,2015,11.74,
+++,tto,2015,12.48,
+++,tun,2015,11.1,
+++,tur,2015,10.3,
+++,twn,2015,13.91,
+++,tza,2015,7.96,
+++,uga,2015,8.17,
+++,ukr,2015,14.07,
+++,ury,2015,10.98,
+++,usa,2015,14.6,
+++,uzb,2015,12.72,
+++,vct,2015,10.28,
+++,ven,2015,10.52,
+++,vnm,2015,9.69,
+++,vut,2015,9.37,
+++,wsm,2015,12.33,
+++,yem,2015,7.8,
+++,zaf,2015,11.01,
+++,zmb,2015,9.11,
+++,zwe,2015,11.08,
